Feedback_ID	Feedback
1	The app helps turn my goals into something I can monitor regularly. It helps me stay connected to the goals I set for myself. I feel more motivated to maintain my routine after using it. The concept is simple, useful, and easy to understand.
2	It feels genuinely helpful for building better habits. I think it can be genuinely useful for people doing a Winter Arc. It is helpful to have my transformation activities organized in one place. I like that I can use the core tracking experience without paying.
3	The app is amazing for something that is available at no cost. This is a useful way to keep track of daily transformation progress. I feel more motivated to maintain my routine after using it. It is a nice way to turn motivation into consistent action.
4	It has helped me become more aware of my daily consistency. The interface makes tracking a Winter Arc feel straightforward. I think it can be genuinely useful for people doing a Winter Arc. The combination of useful tracking and free access is impressive.
5	The simple structure makes it easier to keep working toward improvement. The tracking makes small improvements easier to notice. The app helps turn my goals into something I can monitor regularly. The Winter Arc tracking experience feels simple and motivating.
6	The concept is simple, useful, and easy to understand. Seeing my progress over time makes the journey feel more meaningful. This app makes my Winter Arc journey easier to track. It makes personal improvement feel more measurable.
7	I like being able to follow my journey instead of relying only on memory. I would describe the experience as clean, helpful, and motivating. This is a useful way to keep track of daily transformation progress. It makes the challenge feel more structured and realistic.
8	The app helps turn my goals into something I can monitor regularly. The simple structure makes it easier to keep working toward improvement. It is a nice way to turn motivation into consistent action. The combination of useful tracking and free access is impressive.
9	I appreciate that the main experience is free and accessible. The Winter Arc tracking experience feels simple and motivating. It makes the challenge feel more structured and realistic. It has become a useful part of my daily self-improvement routine.
10	I enjoy checking my progress and seeing how consistent I have been. I can easily see whether I am actually following my routine. I think it can be genuinely useful for people doing a Winter Arc. It has helped me become more aware of my daily consistency.
11	The concept is simple, useful, and easy to understand. I like having one place to monitor my Winter Arc goals. The habit tracking helps me stay consistent from day to day. It gives me another reason to remain consistent with my goals.
12	The combination of useful tracking and free access is impressive. The app helps turn my goals into something I can monitor regularly. It makes personal improvement feel more measurable. Tracking my progress here makes the whole challenge feel more organized.
13	It gives me another reason to remain consistent with my goals. I would describe the experience as clean, helpful, and motivating. It helps me stay connected to the goals I set for myself. The app helps turn my goals into something I can monitor regularly.
14	This app has made my transformation journey easier to follow. The habit tracking helps me stay consistent from day to day. It makes personal improvement feel more measurable. The no-cost experience makes it easy to start without hesitation.
15	For a free app, the overall concept is surprisingly useful. The app helps turn my goals into something I can monitor regularly. The overall experience feels practical and motivating. I really like how this app organizes my transformation journey.
16	For a free app, the overall concept is surprisingly useful. I enjoy checking my progress and seeing how consistent I have been. It feels genuinely helpful for building better habits. It gives me a simple way to stay accountable to my own goals.
17	The combination of useful tracking and free access is impressive. I like having one place to monitor my Winter Arc goals. The progress tracking gives me a clear picture of my consistency. It gives me another reason to remain consistent with my goals.
18	It gives me another reason to remain consistent with my goals. I like being able to follow my journey instead of relying only on memory. It helps me stay connected to the goals I set for myself. The combination of useful tracking and free access is impressive.
19	I appreciate that the main experience is free and accessible. It is a nice way to turn motivation into consistent action. I find the system useful for staying focused on my transformation. The app gives my daily routine a much clearer structure.
20	The app helps turn my goals into something I can monitor regularly. The simple structure makes it easier to keep working toward improvement. It is a simple addition that makes the transformation journey more organized. For a free app, the overall concept is surprisingly useful.
21	It makes personal improvement feel more measurable. The daily tracking system encourages me to keep going. The combination of useful tracking and free access is impressive. Tracking my progress here makes the whole challenge feel more organized.
22	The daily tracking system encourages me to keep going. It feels genuinely helpful for building better habits. The app is amazing for something that is available at no cost. I really like how this app organizes my transformation journey.
23	The concept is simple, useful, and easy to understand. Seeing my progress over time makes the journey feel more meaningful. The interface makes tracking a Winter Arc feel straightforward. The experience encourages me to keep improving little by little.
24	I especially like how easy it is to check my progress. I like that I can use the core tracking experience without paying. The simple structure makes it easier to keep working toward improvement. The daily tracking system encourages me to keep going.
25	I think it can be genuinely useful for people doing a Winter Arc. I like having one place to monitor my Winter Arc goals. The tracking features make it easier to notice improvements in my routine. It makes personal improvement feel more measurable.
26	Tracking my progress here makes the whole challenge feel more organized. It gives me another reason to remain consistent with my goals. I think it can be genuinely useful for people doing a Winter Arc. The app helps turn my goals into something I can monitor regularly.
27	The app is amazing for something that is available at no cost. The overall experience feels practical and motivating. The habit tracking helps me stay consistent from day to day. The app gives my daily routine a much clearer structure.
28	The no-cost experience makes it easy to start without hesitation. Tracking my progress here makes the whole challenge feel more organized. It feels genuinely helpful for building better habits. The app helps turn my goals into something I can monitor regularly.
29	It makes the challenge feel more structured and realistic. The overall experience feels practical and motivating. The tracking features make it easier to notice improvements in my routine. I really like how this app organizes my transformation journey.
30	I especially like how easy it is to check my progress. Overall, this is a good tool for following a personal Winter Arc. I like being able to follow my journey instead of relying only on memory. I like having one place to monitor my Winter Arc goals.
31	For a free app, the overall concept is surprisingly useful. I find the system useful for staying focused on my transformation. This app has made my transformation journey easier to follow. The tracking features make it easier to notice improvements in my routine.
32	The Winter Arc tracking experience feels simple and motivating. It has helped me become more aware of my daily consistency. The progress tracking gives me a clear picture of my consistency. The concept is simple, useful, and easy to understand.
33	This app makes my Winter Arc journey easier to track. It gives me another reason to remain consistent with my goals. I can see myself using it throughout the entire challenge. The concept is simple, useful, and easy to understand.
34	This app has made my transformation journey easier to follow. It is a good option for people who want a simple transformation tracker. Seeing my progress over time makes the journey feel more meaningful. It feels genuinely helpful for building better habits.
35	The app helps turn my goals into something I can monitor regularly. Overall, this is a good tool for following a personal Winter Arc. It feels genuinely helpful for building better habits. I especially like how easy it is to check my progress.
36	The habit tracking helps me stay consistent from day to day. Overall, this is a good tool for following a personal Winter Arc. I enjoy checking my progress and seeing how consistent I have been. The simple structure makes it easier to keep working toward improvement.
37	It is a good option for people who want a simple transformation tracker. I think it can be genuinely useful for people doing a Winter Arc. I really like how this app organizes my transformation journey. The progress tracking gives me a clear picture of my consistency.
38	The concept is simple, useful, and easy to understand. I find the system useful for staying focused on my transformation. This is a useful way to keep track of daily transformation progress. It gives me a simple way to stay accountable to my own goals.
39	The overall idea is strong and the experience feels positive. I would describe the experience as clean, helpful, and motivating. I feel more motivated to maintain my routine after using it. I really like how this app organizes my transformation journey.
40	I feel more motivated to maintain my routine after using it. The tracking makes small improvements easier to notice. The app is amazing for something that is available at no cost. Tracking my progress here makes the whole challenge feel more organized.
41	The tracking features make it easier to notice improvements in my routine. This app has made my transformation journey easier to follow. It makes the challenge feel more structured and realistic. For a free app, the overall concept is surprisingly useful.
42	The overall experience feels practical and motivating. The tracking features make it easier to notice improvements in my routine. It is a good option for people who want a simple transformation tracker. I especially like how easy it is to check my progress.
43	I like having one place to monitor my Winter Arc goals. Overall, this is a good tool for following a personal Winter Arc. I feel more motivated to maintain my routine after using it. The tracking makes small improvements easier to notice.
44	It has become a useful part of my daily self-improvement routine. For a free app, the overall concept is surprisingly useful. It makes the challenge feel more structured and realistic. I like being able to follow my journey instead of relying only on memory.
45	The Winter Arc tracking experience feels simple and motivating. Seeing my progress over time makes the journey feel more meaningful. It is a simple addition that makes the transformation journey more organized. For a free app, the overall concept is surprisingly useful.
46	The overall experience feels practical and motivating. I can easily see whether I am actually following my routine. I really like how this app organizes my transformation journey. I especially like how easy it is to check my progress.
47	I would describe the experience as clean, helpful, and motivating. The simple structure makes it easier to keep working toward improvement. The overall idea is strong and the experience feels positive. I like having one place to monitor my Winter Arc goals.
48	The app is amazing for something that is available at no cost. It gives me a simple way to stay accountable to my own goals. It has helped me become more aware of my daily consistency. I especially like how easy it is to check my progress.
49	Seeing my progress over time makes the journey feel more meaningful. The overall experience feels practical and motivating. The interface makes tracking a Winter Arc feel straightforward. Overall, this is a good tool for following a personal Winter Arc.
50	It makes the challenge feel more structured and realistic. The combination of useful tracking and free access is impressive. It has become a useful part of my daily self-improvement routine. Seeing my progress over time makes the journey feel more meaningful.
51	The overall idea is strong and the experience feels positive. The progress tracking gives me a clear picture of my consistency. The interface makes tracking a Winter Arc feel straightforward. I find the system useful for staying focused on my transformation.
52	I can easily see whether I am actually following my routine. I think it can be genuinely useful for people doing a Winter Arc. The concept is simple, useful, and easy to understand. This is a useful way to keep track of daily transformation progress.
53	It has helped me become more aware of my daily consistency. It is a simple addition that makes the transformation journey more organized. It is helpful to have my transformation activities organized in one place. Tracking my progress here makes the whole challenge feel more organized.
54	The daily tracking system encourages me to keep going. It has helped me become more aware of my daily consistency. The tracking makes small improvements easier to notice. I like that I can use the core tracking experience without paying.
55	I enjoy checking my progress and seeing how consistent I have been. Overall, this is a good tool for following a personal Winter Arc. I can see myself using it throughout the entire challenge. The app helps turn my goals into something I can monitor regularly.
56	The overall experience feels practical and motivating. I like that I can use the core tracking experience without paying. I can see myself using it throughout the entire challenge. I can easily see whether I am actually following my routine.
57	It helps me stay connected to the goals I set for myself. I like that I can use the core tracking experience without paying. The overall experience feels practical and motivating. The app helps turn my goals into something I can monitor regularly.
58	The overall idea is strong and the experience feels positive. The tracking features make it easier to notice improvements in my routine. The simple structure makes it easier to keep working toward improvement. I really like how this app organizes my transformation journey.
59	It is a nice way to turn motivation into consistent action. I can easily see whether I am actually following my routine. The app is amazing for something that is available at no cost. This is a useful way to keep track of daily transformation progress.
60	It makes personal improvement feel more measurable. It is a simple addition that makes the transformation journey more organized. I like having one place to monitor my Winter Arc goals. I can easily see whether I am actually following my routine.
61	I especially like how easy it is to check my progress. It gives me another reason to remain consistent with my goals. It is a good option for people who want a simple transformation tracker. The interface makes tracking a Winter Arc feel straightforward.
62	It is helpful to have my transformation activities organized in one place. This app makes my Winter Arc journey easier to track. The experience encourages me to keep improving little by little. The combination of useful tracking and free access is impressive.
63	For a free app, the overall concept is surprisingly useful. It makes the challenge feel more structured and realistic. The habit tracking helps me stay consistent from day to day. This is a useful way to keep track of daily transformation progress.
64	I appreciate that the main experience is free and accessible. The habit tracking helps me stay consistent from day to day. It feels genuinely helpful for building better habits. This app makes my Winter Arc journey easier to track.
65	I really like how this app organizes my transformation journey. It has helped me become more aware of my daily consistency. Seeing my progress over time makes the journey feel more meaningful. I appreciate that the main experience is free and accessible.
66	It is a nice way to turn motivation into consistent action. Seeing my progress over time makes the journey feel more meaningful. The combination of useful tracking and free access is impressive. The simple structure makes it easier to keep working toward improvement.
67	It is a nice way to turn motivation into consistent action. The Winter Arc tracking experience feels simple and motivating. I find the system useful for staying focused on my transformation. For a free app, the overall concept is surprisingly useful.
68	It feels genuinely helpful for building better habits. The app is amazing for something that is available at no cost. It gives me a simple way to stay accountable to my own goals. The overall idea is strong and the experience feels positive.
69	The tracking makes small improvements easier to notice. I can easily see whether I am actually following my routine. I would describe the experience as clean, helpful, and motivating. It has helped me become more aware of my daily consistency.
70	Overall, this is a good tool for following a personal Winter Arc. I think it can be genuinely useful for people doing a Winter Arc. It is helpful to have my transformation activities organized in one place. I find the system useful for staying focused on my transformation.
71	I would describe the experience as clean, helpful, and motivating. The experience is encouraging without making the process complicated. I really like how this app organizes my transformation journey. It makes the challenge feel more structured and realistic.
72	The app is amazing for something that is available at no cost. It gives me another reason to remain consistent with my goals. I like having one place to monitor my Winter Arc goals. Seeing my progress over time makes the journey feel more meaningful.
73	I enjoy checking my progress and seeing how consistent I have been. I can see myself using it throughout the entire challenge. The experience is encouraging without making the process complicated. I can easily see whether I am actually following my routine.
74	It is a good option for people who want a simple transformation tracker. I like being able to follow my journey instead of relying only on memory. The app gives my daily routine a much clearer structure. The overall idea is strong and the experience feels positive.
75	This is a useful way to keep track of daily transformation progress. The tracking features make it easier to notice improvements in my routine. I feel more motivated to maintain my routine after using it. It makes the challenge feel more structured and realistic.
76	The no-cost experience makes it easy to start without hesitation. It makes personal improvement feel more measurable. The overall idea is strong and the experience feels positive. The daily tracking system encourages me to keep going.
77	It helps me stay connected to the goals I set for myself. It has helped me become more aware of my daily consistency. Seeing my progress over time makes the journey feel more meaningful. I like that I can use the core tracking experience without paying.
78	The daily tracking system encourages me to keep going. The app gives my daily routine a much clearer structure. The app is amazing for something that is available at no cost. It feels genuinely helpful for building better habits.
79	The progress tracking gives me a clear picture of my consistency. I especially like how easy it is to check my progress. The no-cost experience makes it easy to start without hesitation. This app makes my Winter Arc journey easier to track.
80	This is a useful way to keep track of daily transformation progress. It feels genuinely helpful for building better habits. It gives me a simple way to stay accountable to my own goals. I especially like how easy it is to check my progress.
81	I can easily see whether I am actually following my routine. The Winter Arc tracking experience feels simple and motivating. It makes the challenge feel more structured and realistic. I find the system useful for staying focused on my transformation.
82	I can easily see whether I am actually following my routine. I like having one place to monitor my Winter Arc goals. I feel more motivated to maintain my routine after using it. The no-cost experience makes it easy to start without hesitation.
83	The combination of useful tracking and free access is impressive. I like having one place to monitor my Winter Arc goals. It gives me another reason to remain consistent with my goals. I think it can be genuinely useful for people doing a Winter Arc.
84	The habit tracking helps me stay consistent from day to day. The overall experience feels practical and motivating. I can see myself using it throughout the entire challenge. The combination of useful tracking and free access is impressive.
85	It gives me another reason to remain consistent with my goals. The Winter Arc tracking experience feels simple and motivating. For a free app, the overall concept is surprisingly useful. Seeing my progress over time makes the journey feel more meaningful.
86	I can easily see whether I am actually following my routine. It is a good option for people who want a simple transformation tracker. Tracking my progress here makes the whole challenge feel more organized. I think it can be genuinely useful for people doing a Winter Arc.
87	I really like how this app organizes my transformation journey. The experience encourages me to keep improving little by little. I like being able to follow my journey instead of relying only on memory. I like that I can use the core tracking experience without paying.
88	Seeing my progress over time makes the journey feel more meaningful. I appreciate that the main experience is free and accessible. The simple structure makes it easier to keep working toward improvement. I think it can be genuinely useful for people doing a Winter Arc.
89	The overall idea is strong and the experience feels positive. The habit tracking helps me stay consistent from day to day. The combination of useful tracking and free access is impressive. It has become a useful part of my daily self-improvement routine.
90	I especially like how easy it is to check my progress. For a free app, the overall concept is surprisingly useful. This app makes my Winter Arc journey easier to track. The daily tracking system encourages me to keep going.
91	Tracking my progress here makes the whole challenge feel more organized. I find the system useful for staying focused on my transformation. The progress tracking gives me a clear picture of my consistency. I appreciate that the main experience is free and accessible.
92	The progress tracking gives me a clear picture of my consistency. The overall idea is strong and the experience feels positive. I enjoy checking my progress and seeing how consistent I have been. The overall experience feels practical and motivating.
93	I can easily see whether I am actually following my routine. The experience is encouraging without making the process complicated. The overall idea is strong and the experience feels positive. The app gives my daily routine a much clearer structure.
94	It gives me another reason to remain consistent with my goals. The tracking features make it easier to notice improvements in my routine. I enjoy checking my progress and seeing how consistent I have been. The combination of useful tracking and free access is impressive.
95	The habit tracking helps me stay consistent from day to day. I think it can be genuinely useful for people doing a Winter Arc. The no-cost experience makes it easy to start without hesitation. The overall experience feels practical and motivating.
96	It is a good option for people who want a simple transformation tracker. The tracking features make it easier to notice improvements in my routine. I really like how this app organizes my transformation journey. I feel more motivated to maintain my routine after using it.
97	I appreciate that the main experience is free and accessible. This app has made my transformation journey easier to follow. It is a nice way to turn motivation into consistent action. The daily tracking system encourages me to keep going.
98	I can easily see whether I am actually following my routine. For a free app, the overall concept is surprisingly useful. This app has made my transformation journey easier to follow. I can see myself using it throughout the entire challenge.
99	The overall idea is strong and the experience feels positive. The combination of useful tracking and free access is impressive. Seeing my progress over time makes the journey feel more meaningful. I really like how this app organizes my transformation journey.
100	The no-cost experience makes it easy to start without hesitation. It feels genuinely helpful for building better habits. I especially like how easy it is to check my progress. The habit tracking helps me stay consistent from day to day.
101	The habit tracking helps me stay consistent from day to day. I find the system useful for staying focused on my transformation. I really like how this app organizes my transformation journey. For a free app, the overall concept is surprisingly useful.
102	It gives me another reason to remain consistent with my goals. The overall idea is strong and the experience feels positive. The no-cost experience makes it easy to start without hesitation. It is helpful to have my transformation activities organized in one place.
103	For a free app, the overall concept is surprisingly useful. I think it can be genuinely useful for people doing a Winter Arc. The overall experience feels practical and motivating. The daily tracking system encourages me to keep going.
104	I find the system useful for staying focused on my transformation. Tracking my progress here makes the whole challenge feel more organized. The no-cost experience makes it easy to start without hesitation. It is a nice way to turn motivation into consistent action.
105	The daily tracking system encourages me to keep going. For a free app, the overall concept is surprisingly useful. It is a nice way to turn motivation into consistent action. The Winter Arc tracking experience feels simple and motivating.
106	The simple structure makes it easier to keep working toward improvement. I like that I can use the core tracking experience without paying. I can easily see whether I am actually following my routine. The app gives my daily routine a much clearer structure.
107	The simple structure makes it easier to keep working toward improvement. I like having one place to monitor my Winter Arc goals. I like that I can use the core tracking experience without paying. I like being able to follow my journey instead of relying only on memory.
108	I especially like how easy it is to check my progress. The Winter Arc tracking experience feels simple and motivating. Seeing my progress over time makes the journey feel more meaningful. It is a good option for people who want a simple transformation tracker.
109	I find the system useful for staying focused on my transformation. I especially like how easy it is to check my progress. The app is amazing for something that is available at no cost. The tracking features make it easier to notice improvements in my routine.
110	The tracking features make it easier to notice improvements in my routine. The experience is encouraging without making the process complicated. The Winter Arc tracking experience feels simple and motivating. For a free app, the overall concept is surprisingly useful.
111	It has become a useful part of my daily self-improvement routine. The app is amazing for something that is available at no cost. This app has made my transformation journey easier to follow. The overall idea is strong and the experience feels positive.
112	I appreciate that the main experience is free and accessible. The experience is encouraging without making the process complicated. The progress tracking gives me a clear picture of my consistency. The tracking makes small improvements easier to notice.
113	I appreciate that the main experience is free and accessible. The daily tracking system encourages me to keep going. This app makes my Winter Arc journey easier to track. It makes personal improvement feel more measurable.
114	The no-cost experience makes it easy to start without hesitation. The overall experience feels practical and motivating. This app makes my Winter Arc journey easier to track. It makes the challenge feel more structured and realistic.
115	I like having one place to monitor my Winter Arc goals. The simple structure makes it easier to keep working toward improvement. The no-cost experience makes it easy to start without hesitation. The progress tracking gives me a clear picture of my consistency.
116	This app has made my transformation journey easier to follow. It has become a useful part of my daily self-improvement routine. The daily tracking system encourages me to keep going. It is a simple addition that makes the transformation journey more organized.
117	It is helpful to have my transformation activities organized in one place. The overall idea is strong and the experience feels positive. I like that I can use the core tracking experience without paying. It feels genuinely helpful for building better habits.
118	This is a useful way to keep track of daily transformation progress. It feels genuinely helpful for building better habits. The progress tracking gives me a clear picture of my consistency. Overall, this is a good tool for following a personal Winter Arc.
119	It is helpful to have my transformation activities organized in one place. This app has made my transformation journey easier to follow. I find the system useful for staying focused on my transformation. The tracking makes small improvements easier to notice.
120	The simple structure makes it easier to keep working toward improvement. I like being able to follow my journey instead of relying only on memory. For a free app, the overall concept is surprisingly useful. The tracking makes small improvements easier to notice.
121	It gives me a simple way to stay accountable to my own goals. For a free app, the overall concept is surprisingly useful. This app has made my transformation journey easier to follow. The tracking makes small improvements easier to notice.
122	I like that I can use the core tracking experience without paying. The progress tracking gives me a clear picture of my consistency. It makes personal improvement feel more measurable. I like having one place to monitor my Winter Arc goals.
123	I like being able to follow my journey instead of relying only on memory. It gives me another reason to remain consistent with my goals. I appreciate that the main experience is free and accessible. It is a nice way to turn motivation into consistent action.
124	The experience encourages me to keep improving little by little. The habit tracking helps me stay consistent from day to day. The concept is simple, useful, and easy to understand. I really like how this app organizes my transformation journey.
125	The progress tracking gives me a clear picture of my consistency. This is a useful way to keep track of daily transformation progress. The app is amazing for something that is available at no cost. It has become a useful part of my daily self-improvement routine.
126	It feels genuinely helpful for building better habits. The tracking features make it easier to notice improvements in my routine. This app has made my transformation journey easier to follow. It is a simple addition that makes the transformation journey more organized.
127	It is a nice way to turn motivation into consistent action. I feel more motivated to maintain my routine after using it. The app helps turn my goals into something I can monitor regularly. The app is amazing for something that is available at no cost.
128	It feels genuinely helpful for building better habits. I like having one place to monitor my Winter Arc goals. The progress tracking gives me a clear picture of my consistency. The concept is simple, useful, and easy to understand.
129	It makes the challenge feel more structured and realistic. The tracking features make it easier to notice improvements in my routine. The simple structure makes it easier to keep working toward improvement. The app is amazing for something that is available at no cost.
130	It has become a useful part of my daily self-improvement routine. The no-cost experience makes it easy to start without hesitation. This is a useful way to keep track of daily transformation progress. The tracking makes small improvements easier to notice.
131	The combination of useful tracking and free access is impressive. The overall idea is strong and the experience feels positive. I like having one place to monitor my Winter Arc goals. The simple structure makes it easier to keep working toward improvement.
132	I especially like how easy it is to check my progress. It gives me another reason to remain consistent with my goals. I can easily see whether I am actually following my routine. The no-cost experience makes it easy to start without hesitation.
133	I feel more motivated to maintain my routine after using it. I can easily see whether I am actually following my routine. This app makes my Winter Arc journey easier to track. It is a simple addition that makes the transformation journey more organized.
134	It has helped me become more aware of my daily consistency. It is a nice way to turn motivation into consistent action. I like being able to follow my journey instead of relying only on memory. The no-cost experience makes it easy to start without hesitation.
135	It feels genuinely helpful for building better habits. It is a good option for people who want a simple transformation tracker. The interface makes tracking a Winter Arc feel straightforward. I can easily see whether I am actually following my routine.
136	I appreciate that the main experience is free and accessible. It gives me another reason to remain consistent with my goals. This app has made my transformation journey easier to follow. I can easily see whether I am actually following my routine.
137	The simple structure makes it easier to keep working toward improvement. This app makes my Winter Arc journey easier to track. It helps me stay connected to the goals I set for myself. The daily tracking system encourages me to keep going.
138	The simple structure makes it easier to keep working toward improvement. The app is amazing for something that is available at no cost. The app gives my daily routine a much clearer structure. The app helps turn my goals into something I can monitor regularly.
139	The simple structure makes it easier to keep working toward improvement. This app makes my Winter Arc journey easier to track. Seeing my progress over time makes the journey feel more meaningful. I think it can be genuinely useful for people doing a Winter Arc.
140	The progress tracking gives me a clear picture of my consistency. I enjoy checking my progress and seeing how consistent I have been. It gives me another reason to remain consistent with my goals. It makes the challenge feel more structured and realistic.
141	Overall, this is a good tool for following a personal Winter Arc. The experience encourages me to keep improving little by little. It feels genuinely helpful for building better habits. The tracking features make it easier to notice improvements in my routine.
142	I like being able to follow my journey instead of relying only on memory. I feel more motivated to maintain my routine after using it. It is a simple addition that makes the transformation journey more organized. The concept is simple, useful, and easy to understand.
143	The combination of useful tracking and free access is impressive. It is helpful to have my transformation activities organized in one place. It has become a useful part of my daily self-improvement routine. I really like how this app organizes my transformation journey.
144	Seeing my progress over time makes the journey feel more meaningful. I appreciate that the main experience is free and accessible. This app has made my transformation journey easier to follow. It feels genuinely helpful for building better habits.
145	For a free app, the overall concept is surprisingly useful. I feel more motivated to maintain my routine after using it. I can easily see whether I am actually following my routine. I enjoy checking my progress and seeing how consistent I have been.
146	It is a nice way to turn motivation into consistent action. It is a good option for people who want a simple transformation tracker. I feel more motivated to maintain my routine after using it. The app helps turn my goals into something I can monitor regularly.
147	It makes the challenge feel more structured and realistic. This app makes my Winter Arc journey easier to track. The experience is encouraging without making the process complicated. The no-cost experience makes it easy to start without hesitation.
148	The tracking makes small improvements easier to notice. It gives me another reason to remain consistent with my goals. The tracking features make it easier to notice improvements in my routine. The app is amazing for something that is available at no cost.
149	The simple structure makes it easier to keep working toward improvement. It is a simple addition that makes the transformation journey more organized. It gives me a simple way to stay accountable to my own goals. For a free app, the overall concept is surprisingly useful.
150	It is a simple addition that makes the transformation journey more organized. It is helpful to have my transformation activities organized in one place. For a free app, the overall concept is surprisingly useful. I really like how this app organizes my transformation journey.
151	The progress tracking gives me a clear picture of my consistency. It is a good option for people who want a simple transformation tracker. I like having one place to monitor my Winter Arc goals. I think it can be genuinely useful for people doing a Winter Arc.
152	This is a useful way to keep track of daily transformation progress. The concept is simple, useful, and easy to understand. The experience encourages me to keep improving little by little. The simple structure makes it easier to keep working toward improvement.
153	I like having one place to monitor my Winter Arc goals. It makes personal improvement feel more measurable. It is a nice way to turn motivation into consistent action. Seeing my progress over time makes the journey feel more meaningful.
154	For a free app, the overall concept is surprisingly useful. The simple structure makes it easier to keep working toward improvement. I think it can be genuinely useful for people doing a Winter Arc. This is a useful way to keep track of daily transformation progress.
155	I would describe the experience as clean, helpful, and motivating. It gives me a simple way to stay accountable to my own goals. It makes the challenge feel more structured and realistic. It feels genuinely helpful for building better habits.
156	The no-cost experience makes it easy to start without hesitation. I especially like how easy it is to check my progress. The daily tracking system encourages me to keep going. This app has made my transformation journey easier to follow.
157	This app has made my transformation journey easier to follow. I like being able to follow my journey instead of relying only on memory. I can see myself using it throughout the entire challenge. It feels genuinely helpful for building better habits.
158	I think it can be genuinely useful for people doing a Winter Arc. The no-cost experience makes it easy to start without hesitation. Tracking my progress here makes the whole challenge feel more organized. It gives me another reason to remain consistent with my goals.
159	The overall idea is strong and the experience feels positive. It makes personal improvement feel more measurable. It is a good option for people who want a simple transformation tracker. It gives me a simple way to stay accountable to my own goals.
160	I can easily see whether I am actually following my routine. I like having one place to monitor my Winter Arc goals. I think it can be genuinely useful for people doing a Winter Arc. The experience is encouraging without making the process complicated.
161	I feel more motivated to maintain my routine after using it. The no-cost experience makes it easy to start without hesitation. It is a simple addition that makes the transformation journey more organized. I like being able to follow my journey instead of relying only on memory.
162	The progress tracking gives me a clear picture of my consistency. It is a good option for people who want a simple transformation tracker. It makes personal improvement feel more measurable. I enjoy checking my progress and seeing how consistent I have been.
163	I like having one place to monitor my Winter Arc goals. It is a good option for people who want a simple transformation tracker. It gives me a simple way to stay accountable to my own goals. I can see myself using it throughout the entire challenge.
164	The tracking features make it easier to notice improvements in my routine. The simple structure makes it easier to keep working toward improvement. For a free app, the overall concept is surprisingly useful. I especially like how easy it is to check my progress.
165	The combination of useful tracking and free access is impressive. It helps me stay connected to the goals I set for myself. It gives me another reason to remain consistent with my goals. This is a useful way to keep track of daily transformation progress.
166	It gives me a simple way to stay accountable to my own goals. I can see myself using it throughout the entire challenge. The interface makes tracking a Winter Arc feel straightforward. I appreciate that the main experience is free and accessible.
167	The simple structure makes it easier to keep working toward improvement. The combination of useful tracking and free access is impressive. It is helpful to have my transformation activities organized in one place. This app makes my Winter Arc journey easier to track.
168	The interface makes tracking a Winter Arc feel straightforward. It has helped me become more aware of my daily consistency. For a free app, the overall concept is surprisingly useful. Seeing my progress over time makes the journey feel more meaningful.
169	The overall idea is strong and the experience feels positive. It makes personal improvement feel more measurable. The interface makes tracking a Winter Arc feel straightforward. The app helps turn my goals into something I can monitor regularly.
170	The interface makes tracking a Winter Arc feel straightforward. It makes the challenge feel more structured and realistic. I appreciate that the main experience is free and accessible. The experience is encouraging without making the process complicated.
171	The overall idea is strong and the experience feels positive. I really like how this app organizes my transformation journey. The concept is simple, useful, and easy to understand. It has helped me become more aware of my daily consistency.
172	The experience is encouraging without making the process complicated. I especially like how easy it is to check my progress. This is a useful way to keep track of daily transformation progress. The concept is simple, useful, and easy to understand.
173	I feel more motivated to maintain my routine after using it. This is a useful way to keep track of daily transformation progress. I would describe the experience as clean, helpful, and motivating. I especially like how easy it is to check my progress.
174	The overall experience feels practical and motivating. I like that I can use the core tracking experience without paying. I like being able to follow my journey instead of relying only on memory. The Winter Arc tracking experience feels simple and motivating.
175	The daily tracking system encourages me to keep going. It helps me stay connected to the goals I set for myself. It feels genuinely helpful for building better habits. The interface makes tracking a Winter Arc feel straightforward.
176	Tracking my progress here makes the whole challenge feel more organized. The concept is simple, useful, and easy to understand. The experience is encouraging without making the process complicated. The overall idea is strong and the experience feels positive.
177	It makes personal improvement feel more measurable. The interface makes tracking a Winter Arc feel straightforward. Overall, this is a good tool for following a personal Winter Arc. I can see myself using it throughout the entire challenge.
178	The Winter Arc tracking experience feels simple and motivating. It is helpful to have my transformation activities organized in one place. Overall, this is a good tool for following a personal Winter Arc. It is a simple addition that makes the transformation journey more organized.
179	I can easily see whether I am actually following my routine. The concept is simple, useful, and easy to understand. It feels genuinely helpful for building better habits. Tracking my progress here makes the whole challenge feel more organized.
180	This app makes my Winter Arc journey easier to track. It gives me another reason to remain consistent with my goals. The combination of useful tracking and free access is impressive. The habit tracking helps me stay consistent from day to day.
181	The tracking features make it easier to notice improvements in my routine. It feels genuinely helpful for building better habits. It is a good option for people who want a simple transformation tracker. I really like how this app organizes my transformation journey.
182	I appreciate that the main experience is free and accessible. The progress tracking gives me a clear picture of my consistency. The Winter Arc tracking experience feels simple and motivating. The overall experience feels practical and motivating.
183	The app helps turn my goals into something I can monitor regularly. This is a useful way to keep track of daily transformation progress. I would describe the experience as clean, helpful, and motivating. I feel more motivated to maintain my routine after using it.
184	I can see myself using it throughout the entire challenge. It makes personal improvement feel more measurable. The combination of useful tracking and free access is impressive. The progress tracking gives me a clear picture of my consistency.
185	The simple structure makes it easier to keep working toward improvement. The interface makes tracking a Winter Arc feel straightforward. The no-cost experience makes it easy to start without hesitation. The experience encourages me to keep improving little by little.
186	I find the system useful for staying focused on my transformation. The tracking makes small improvements easier to notice. I enjoy checking my progress and seeing how consistent I have been. It is a good option for people who want a simple transformation tracker.
187	I enjoy checking my progress and seeing how consistent I have been. It is a nice way to turn motivation into consistent action. Seeing my progress over time makes the journey feel more meaningful. I would describe the experience as clean, helpful, and motivating.
188	The daily tracking system encourages me to keep going. I appreciate that the main experience is free and accessible. I especially like how easy it is to check my progress. Tracking my progress here makes the whole challenge feel more organized.
189	I appreciate that the main experience is free and accessible. I think it can be genuinely useful for people doing a Winter Arc. The habit tracking helps me stay consistent from day to day. The Winter Arc tracking experience feels simple and motivating.
190	I can easily see whether I am actually following my routine. The experience encourages me to keep improving little by little. This is a useful way to keep track of daily transformation progress. For a free app, the overall concept is surprisingly useful.
191	The overall experience feels practical and motivating. The tracking features make it easier to notice improvements in my routine. This app has made my transformation journey easier to follow. It is a nice way to turn motivation into consistent action.
192	The tracking makes small improvements easier to notice. It has helped me become more aware of my daily consistency. It is helpful to have my transformation activities organized in one place. Overall, this is a good tool for following a personal Winter Arc.
193	The tracking features make it easier to notice improvements in my routine. The experience encourages me to keep improving little by little. Tracking my progress here makes the whole challenge feel more organized. It has become a useful part of my daily self-improvement routine.
194	It is a simple addition that makes the transformation journey more organized. Tracking my progress here makes the whole challenge feel more organized. The app helps turn my goals into something I can monitor regularly. The app is amazing for something that is available at no cost.
195	The Winter Arc tracking experience feels simple and motivating. It is helpful to have my transformation activities organized in one place. I find the system useful for staying focused on my transformation. The tracking makes small improvements easier to notice.
196	It makes the challenge feel more structured and realistic. It makes personal improvement feel more measurable. I like that I can use the core tracking experience without paying. Tracking my progress here makes the whole challenge feel more organized.
197	It has become a useful part of my daily self-improvement routine. I think it can be genuinely useful for people doing a Winter Arc. The daily tracking system encourages me to keep going. I really like how this app organizes my transformation journey.
198	I think it can be genuinely useful for people doing a Winter Arc. The daily tracking system encourages me to keep going. Tracking my progress here makes the whole challenge feel more organized. I like that I can use the core tracking experience without paying.
199	The simple structure makes it easier to keep working toward improvement. For a free app, the overall concept is surprisingly useful. I can see myself using it throughout the entire challenge. The habit tracking helps me stay consistent from day to day.
200	I like being able to follow my journey instead of relying only on memory. The no-cost experience makes it easy to start without hesitation. The interface makes tracking a Winter Arc feel straightforward. The tracking makes small improvements easier to notice.
201	I think it can be genuinely useful for people doing a Winter Arc. It gives me another reason to remain consistent with my goals. The daily tracking system encourages me to keep going. The no-cost experience makes it easy to start without hesitation.
202	The habit tracking helps me stay consistent from day to day. The Winter Arc tracking experience feels simple and motivating. It makes the challenge feel more structured and realistic. Overall, this is a good tool for following a personal Winter Arc.
203	It gives me a simple way to stay accountable to my own goals. I especially like how easy it is to check my progress. The experience is encouraging without making the process complicated. The app gives my daily routine a much clearer structure.
204	I really like how this app organizes my transformation journey. I can easily see whether I am actually following my routine. I would describe the experience as clean, helpful, and motivating. I find the system useful for staying focused on my transformation.
205	The experience encourages me to keep improving little by little. It is a good option for people who want a simple transformation tracker. The app helps turn my goals into something I can monitor regularly. Tracking my progress here makes the whole challenge feel more organized.
206	The progress tracking gives me a clear picture of my consistency. The app gives my daily routine a much clearer structure. The concept is simple, useful, and easy to understand. The tracking makes small improvements easier to notice.
207	I appreciate that the main experience is free and accessible. The app gives my daily routine a much clearer structure. I like being able to follow my journey instead of relying only on memory. It feels genuinely helpful for building better habits.
208	I find the system useful for staying focused on my transformation. The daily tracking system encourages me to keep going. The Winter Arc tracking experience feels simple and motivating. The app is amazing for something that is available at no cost.
209	Seeing my progress over time makes the journey feel more meaningful. It is a simple addition that makes the transformation journey more organized. I feel more motivated to maintain my routine after using it. The concept is simple, useful, and easy to understand.
210	This app makes my Winter Arc journey easier to track. I appreciate that the main experience is free and accessible. I can see myself using it throughout the entire challenge. Seeing my progress over time makes the journey feel more meaningful.
211	The habit tracking helps me stay consistent from day to day. The app is amazing for something that is available at no cost. I think it can be genuinely useful for people doing a Winter Arc. I like having one place to monitor my Winter Arc goals.
212	I feel more motivated to maintain my routine after using it. The Winter Arc tracking experience feels simple and motivating. I like being able to follow my journey instead of relying only on memory. For a free app, the overall concept is surprisingly useful.
213	I can easily see whether I am actually following my routine. This app has made my transformation journey easier to follow. I think it can be genuinely useful for people doing a Winter Arc. For a free app, the overall concept is surprisingly useful.
214	The interface makes tracking a Winter Arc feel straightforward. Seeing my progress over time makes the journey feel more meaningful. The app is amazing for something that is available at no cost. It has become a useful part of my daily self-improvement routine.
215	The app is amazing for something that is available at no cost. It is helpful to have my transformation activities organized in one place. I enjoy checking my progress and seeing how consistent I have been. I can see myself using it throughout the entire challenge.
216	It is a nice way to turn motivation into consistent action. Seeing my progress over time makes the journey feel more meaningful. For a free app, the overall concept is surprisingly useful. This app has made my transformation journey easier to follow.
217	The simple structure makes it easier to keep working toward improvement. Overall, this is a good tool for following a personal Winter Arc. The tracking features make it easier to notice improvements in my routine. It is a nice way to turn motivation into consistent action.
218	The app is amazing for something that is available at no cost. Tracking my progress here makes the whole challenge feel more organized. The daily tracking system encourages me to keep going. The experience encourages me to keep improving little by little.
219	It makes personal improvement feel more measurable. The concept is simple, useful, and easy to understand. The app gives my daily routine a much clearer structure. I can see myself using it throughout the entire challenge.
220	It is helpful to have my transformation activities organized in one place. It is a simple addition that makes the transformation journey more organized. I like having one place to monitor my Winter Arc goals. I find the system useful for staying focused on my transformation.
221	I think it can be genuinely useful for people doing a Winter Arc. The daily tracking system encourages me to keep going. I appreciate that the main experience is free and accessible. It feels genuinely helpful for building better habits.
222	The concept is simple, useful, and easy to understand. The overall experience feels practical and motivating. It is a simple addition that makes the transformation journey more organized. I enjoy checking my progress and seeing how consistent I have been.
223	I find the system useful for staying focused on my transformation. I really like how this app organizes my transformation journey. It is a nice way to turn motivation into consistent action. It gives me a simple way to stay accountable to my own goals.
224	The no-cost experience makes it easy to start without hesitation. This app makes my Winter Arc journey easier to track. It is helpful to have my transformation activities organized in one place. The overall idea is strong and the experience feels positive.
225	It is a good option for people who want a simple transformation tracker. This is a useful way to keep track of daily transformation progress. I especially like how easy it is to check my progress. The experience is encouraging without making the process complicated.
226	Overall, this is a good tool for following a personal Winter Arc. I find the system useful for staying focused on my transformation. This is a useful way to keep track of daily transformation progress. It is a simple addition that makes the transformation journey more organized.
227	I appreciate that the main experience is free and accessible. This is a useful way to keep track of daily transformation progress. The overall idea is strong and the experience feels positive. It gives me a simple way to stay accountable to my own goals.
228	The simple structure makes it easier to keep working toward improvement. The app is amazing for something that is available at no cost. I enjoy checking my progress and seeing how consistent I have been. I think it can be genuinely useful for people doing a Winter Arc.
229	The experience is encouraging without making the process complicated. Seeing my progress over time makes the journey feel more meaningful. I like that I can use the core tracking experience without paying. This is a useful way to keep track of daily transformation progress.
230	It gives me a simple way to stay accountable to my own goals. I can see myself using it throughout the entire challenge. The concept is simple, useful, and easy to understand. I enjoy checking my progress and seeing how consistent I have been.
231	I would describe the experience as clean, helpful, and motivating. The overall idea is strong and the experience feels positive. This app makes my Winter Arc journey easier to track. I like being able to follow my journey instead of relying only on memory.
232	I think it can be genuinely useful for people doing a Winter Arc. I enjoy checking my progress and seeing how consistent I have been. It feels genuinely helpful for building better habits. It is a good option for people who want a simple transformation tracker.
233	I like having one place to monitor my Winter Arc goals. It feels genuinely helpful for building better habits. It is a nice way to turn motivation into consistent action. It is helpful to have my transformation activities organized in one place.
234	I really like how this app organizes my transformation journey. It makes personal improvement feel more measurable. The progress tracking gives me a clear picture of my consistency. I can see myself using it throughout the entire challenge.
235	I like that I can use the core tracking experience without paying. This app has made my transformation journey easier to follow. It makes personal improvement feel more measurable. It is a simple addition that makes the transformation journey more organized.
236	This app makes my Winter Arc journey easier to track. The habit tracking helps me stay consistent from day to day. It makes the challenge feel more structured and realistic. It feels genuinely helpful for building better habits.
237	It has helped me become more aware of my daily consistency. The tracking makes small improvements easier to notice. The concept is simple, useful, and easy to understand. It gives me a simple way to stay accountable to my own goals.
238	The overall experience feels practical and motivating. I can easily see whether I am actually following my routine. I appreciate that the main experience is free and accessible. It is a simple addition that makes the transformation journey more organized.
239	I can see myself using it throughout the entire challenge. I like having one place to monitor my Winter Arc goals. The tracking features make it easier to notice improvements in my routine. I like that I can use the core tracking experience without paying.
240	The progress tracking gives me a clear picture of my consistency. The overall experience feels practical and motivating. I can see myself using it throughout the entire challenge. I enjoy checking my progress and seeing how consistent I have been.
241	I can see myself using it throughout the entire challenge. This app makes my Winter Arc journey easier to track. The habit tracking helps me stay consistent from day to day. The no-cost experience makes it easy to start without hesitation.
242	It is helpful to have my transformation activities organized in one place. It has helped me become more aware of my daily consistency. I like that I can use the core tracking experience without paying. This is a useful way to keep track of daily transformation progress.
243	I would describe the experience as clean, helpful, and motivating. The experience encourages me to keep improving little by little. It is helpful to have my transformation activities organized in one place. This is a useful way to keep track of daily transformation progress.
244	It makes the challenge feel more structured and realistic. The app helps turn my goals into something I can monitor regularly. The concept is simple, useful, and easy to understand. It has helped me become more aware of my daily consistency.
245	This is a useful way to keep track of daily transformation progress. I find the system useful for staying focused on my transformation. The combination of useful tracking and free access is impressive. It makes the challenge feel more structured and realistic.
246	I like having one place to monitor my Winter Arc goals. The overall idea is strong and the experience feels positive. The experience is encouraging without making the process complicated. I can easily see whether I am actually following my routine.
247	The concept is simple, useful, and easy to understand. It gives me a simple way to stay accountable to my own goals. This is a useful way to keep track of daily transformation progress. The experience encourages me to keep improving little by little.
248	It helps me stay connected to the goals I set for myself. I like being able to follow my journey instead of relying only on memory. The overall experience feels practical and motivating. The Winter Arc tracking experience feels simple and motivating.
249	The experience encourages me to keep improving little by little. I can easily see whether I am actually following my routine. The no-cost experience makes it easy to start without hesitation. I enjoy checking my progress and seeing how consistent I have been.
250	Tracking my progress here makes the whole challenge feel more organized. The combination of useful tracking and free access is impressive. I can easily see whether I am actually following my routine. I feel more motivated to maintain my routine after using it.
251	It gives me another reason to remain consistent with my goals. I can see myself using it throughout the entire challenge. The combination of useful tracking and free access is impressive. The app gives my daily routine a much clearer structure.
252	The app helps turn my goals into something I can monitor regularly. I find the system useful for staying focused on my transformation. The interface makes tracking a Winter Arc feel straightforward. The no-cost experience makes it easy to start without hesitation.
253	It is a simple addition that makes the transformation journey more organized. It gives me a simple way to stay accountable to my own goals. I like that I can use the core tracking experience without paying. It feels genuinely helpful for building better habits.
254	It makes personal improvement feel more measurable. It is a simple addition that makes the transformation journey more organized. I can easily see whether I am actually following my routine. Overall, this is a good tool for following a personal Winter Arc.
255	It is a simple addition that makes the transformation journey more organized. This app makes my Winter Arc journey easier to track. The experience is encouraging without making the process complicated. It is a good option for people who want a simple transformation tracker.
256	I enjoy checking my progress and seeing how consistent I have been. The overall idea is strong and the experience feels positive. I find the system useful for staying focused on my transformation. The progress tracking gives me a clear picture of my consistency.
257	This app has made my transformation journey easier to follow. Seeing my progress over time makes the journey feel more meaningful. I would describe the experience as clean, helpful, and motivating. It is a nice way to turn motivation into consistent action.
258	The Winter Arc tracking experience feels simple and motivating. The habit tracking helps me stay consistent from day to day. It is a simple addition that makes the transformation journey more organized. I feel more motivated to maintain my routine after using it.
259	I enjoy checking my progress and seeing how consistent I have been. I would describe the experience as clean, helpful, and motivating. The overall experience feels practical and motivating. The habit tracking helps me stay consistent from day to day.
260	I like having one place to monitor my Winter Arc goals. It is a good option for people who want a simple transformation tracker. It is helpful to have my transformation activities organized in one place. The overall idea is strong and the experience feels positive.
261	I like being able to follow my journey instead of relying only on memory. I really like how this app organizes my transformation journey. It makes personal improvement feel more measurable. It helps me stay connected to the goals I set for myself.
262	The overall experience feels practical and motivating. The daily tracking system encourages me to keep going. It is a nice way to turn motivation into consistent action. The app gives my daily routine a much clearer structure.
263	The simple structure makes it easier to keep working toward improvement. The habit tracking helps me stay consistent from day to day. I enjoy checking my progress and seeing how consistent I have been. For a free app, the overall concept is surprisingly useful.
264	It has become a useful part of my daily self-improvement routine. Tracking my progress here makes the whole challenge feel more organized. The app helps turn my goals into something I can monitor regularly. It is a nice way to turn motivation into consistent action.
265	I like having one place to monitor my Winter Arc goals. The experience encourages me to keep improving little by little. Overall, this is a good tool for following a personal Winter Arc. The experience is encouraging without making the process complicated.
266	The simple structure makes it easier to keep working toward improvement. It gives me a simple way to stay accountable to my own goals. This is a useful way to keep track of daily transformation progress. I think it can be genuinely useful for people doing a Winter Arc.
267	The app helps turn my goals into something I can monitor regularly. It is a simple addition that makes the transformation journey more organized. I like that I can use the core tracking experience without paying. Tracking my progress here makes the whole challenge feel more organized.
268	It is helpful to have my transformation activities organized in one place. This is a useful way to keep track of daily transformation progress. The overall experience feels practical and motivating. It is a simple addition that makes the transformation journey more organized.
269	Overall, this is a good tool for following a personal Winter Arc. It is helpful to have my transformation activities organized in one place. It makes personal improvement feel more measurable. I enjoy checking my progress and seeing how consistent I have been.
270	Tracking my progress here makes the whole challenge feel more organized. For a free app, the overall concept is surprisingly useful. I can see myself using it throughout the entire challenge. I feel more motivated to maintain my routine after using it.
271	The app helps turn my goals into something I can monitor regularly. It helps me stay connected to the goals I set for myself. I feel more motivated to maintain my routine after using it. I enjoy checking my progress and seeing how consistent I have been.
272	It makes personal improvement feel more measurable. The app is amazing for something that is available at no cost. This app makes my Winter Arc journey easier to track. I can easily see whether I am actually following my routine.
273	The app gives my daily routine a much clearer structure. It gives me a simple way to stay accountable to my own goals. The concept is simple, useful, and easy to understand. I especially like how easy it is to check my progress.
274	The Winter Arc tracking experience feels simple and motivating. It feels genuinely helpful for building better habits. It is a nice way to turn motivation into consistent action. It gives me a simple way to stay accountable to my own goals.
275	I think it can be genuinely useful for people doing a Winter Arc. The overall experience feels practical and motivating. Overall, this is a good tool for following a personal Winter Arc. The progress tracking gives me a clear picture of my consistency.
276	The experience is encouraging without making the process complicated. This app has made my transformation journey easier to follow. The tracking features make it easier to notice improvements in my routine. Overall, this is a good tool for following a personal Winter Arc.
277	For a free app, the overall concept is surprisingly useful. It has become a useful part of my daily self-improvement routine. The progress tracking gives me a clear picture of my consistency. Tracking my progress here makes the whole challenge feel more organized.
278	It is a good option for people who want a simple transformation tracker. I like being able to follow my journey instead of relying only on memory. I feel more motivated to maintain my routine after using it. I especially like how easy it is to check my progress.
279	I feel more motivated to maintain my routine after using it. The daily tracking system encourages me to keep going. It makes the challenge feel more structured and realistic. The interface makes tracking a Winter Arc feel straightforward.
280	It helps me stay connected to the goals I set for myself. The app is amazing for something that is available at no cost. The app helps turn my goals into something I can monitor regularly. The app gives my daily routine a much clearer structure.
281	I really like how this app organizes my transformation journey. I find the system useful for staying focused on my transformation. The progress tracking gives me a clear picture of my consistency. The no-cost experience makes it easy to start without hesitation.
282	The tracking features make it easier to notice improvements in my routine. I like having one place to monitor my Winter Arc goals. The concept is simple, useful, and easy to understand. The experience is encouraging without making the process complicated.
283	The no-cost experience makes it easy to start without hesitation. I can see myself using it throughout the entire challenge. I like being able to follow my journey instead of relying only on memory. The Winter Arc tracking experience feels simple and motivating.
284	The interface makes tracking a Winter Arc feel straightforward. It makes personal improvement feel more measurable. The combination of useful tracking and free access is impressive. Seeing my progress over time makes the journey feel more meaningful.
285	I enjoy checking my progress and seeing how consistent I have been. I find the system useful for staying focused on my transformation. I especially like how easy it is to check my progress. The concept is simple, useful, and easy to understand.
286	The app gives my daily routine a much clearer structure. The overall idea is strong and the experience feels positive. Overall, this is a good tool for following a personal Winter Arc. I find the system useful for staying focused on my transformation.
287	I especially like how easy it is to check my progress. The app is amazing for something that is available at no cost. The Winter Arc tracking experience feels simple and motivating. I like being able to follow my journey instead of relying only on memory.
288	I really like how this app organizes my transformation journey. It helps me stay connected to the goals I set for myself. I appreciate that the main experience is free and accessible. The simple structure makes it easier to keep working toward improvement.
289	It gives me a simple way to stay accountable to my own goals. I can see myself using it throughout the entire challenge. The no-cost experience makes it easy to start without hesitation. The experience is encouraging without making the process complicated.
290	The Winter Arc tracking experience feels simple and motivating. I like being able to follow my journey instead of relying only on memory. I would describe the experience as clean, helpful, and motivating. The experience encourages me to keep improving little by little.
291	It gives me a simple way to stay accountable to my own goals. Overall, this is a good tool for following a personal Winter Arc. I can see myself using it throughout the entire challenge. This is a useful way to keep track of daily transformation progress.
292	The experience is encouraging without making the process complicated. I especially like how easy it is to check my progress. The interface makes tracking a Winter Arc feel straightforward. I like that I can use the core tracking experience without paying.
293	The progress tracking gives me a clear picture of my consistency. The experience is encouraging without making the process complicated. This app makes my Winter Arc journey easier to track. I can see myself using it throughout the entire challenge.
294	It is a good option for people who want a simple transformation tracker. I really like how this app organizes my transformation journey. The experience encourages me to keep improving little by little. The daily tracking system encourages me to keep going.
295	The overall experience feels practical and motivating. I really like how this app organizes my transformation journey. For a free app, the overall concept is surprisingly useful. The tracking makes small improvements easier to notice.
296	The app helps turn my goals into something I can monitor regularly. The app is amazing for something that is available at no cost. I feel more motivated to maintain my routine after using it. The experience encourages me to keep improving little by little.
297	I really like how this app organizes my transformation journey. The daily tracking system encourages me to keep going. Overall, this is a good tool for following a personal Winter Arc. It is a nice way to turn motivation into consistent action.
298	This app makes my Winter Arc journey easier to track. The tracking makes small improvements easier to notice. It has become a useful part of my daily self-improvement routine. It gives me a simple way to stay accountable to my own goals.
299	This app makes my Winter Arc journey easier to track. I appreciate that the main experience is free and accessible. I can easily see whether I am actually following my routine. It has helped me become more aware of my daily consistency.
300	This app has made my transformation journey easier to follow. It feels genuinely helpful for building better habits. The overall idea is strong and the experience feels positive. I would describe the experience as clean, helpful, and motivating.
301	The combination of useful tracking and free access is impressive. I especially like how easy it is to check my progress. It is helpful to have my transformation activities organized in one place. The experience is encouraging without making the process complicated.
302	The experience is encouraging without making the process complicated. It is a nice way to turn motivation into consistent action. The Winter Arc tracking experience feels simple and motivating. For a free app, the overall concept is surprisingly useful.
303	The Winter Arc tracking experience feels simple and motivating. The tracking makes small improvements easier to notice. Seeing my progress over time makes the journey feel more meaningful. Overall, this is a good tool for following a personal Winter Arc.
304	It is helpful to have my transformation activities organized in one place. It gives me another reason to remain consistent with my goals. I like that I can use the core tracking experience without paying. The interface makes tracking a Winter Arc feel straightforward.
305	I like having one place to monitor my Winter Arc goals. It helps me stay connected to the goals I set for myself. I appreciate that the main experience is free and accessible. It gives me another reason to remain consistent with my goals.
306	This app has made my transformation journey easier to follow. It is helpful to have my transformation activities organized in one place. It has helped me become more aware of my daily consistency. It is a simple addition that makes the transformation journey more organized.
307	It has become a useful part of my daily self-improvement routine. The concept is simple, useful, and easy to understand. This app makes my Winter Arc journey easier to track. I can easily see whether I am actually following my routine.
308	It is a good option for people who want a simple transformation tracker. It makes the challenge feel more structured and realistic. The Winter Arc tracking experience feels simple and motivating. I can easily see whether I am actually following my routine.
309	The no-cost experience makes it easy to start without hesitation. The tracking makes small improvements easier to notice. Seeing my progress over time makes the journey feel more meaningful. I like having one place to monitor my Winter Arc goals.
310	Tracking my progress here makes the whole challenge feel more organized. It feels genuinely helpful for building better habits. It makes the challenge feel more structured and realistic. The app is amazing for something that is available at no cost.
311	I would describe the experience as clean, helpful, and motivating. The daily tracking system encourages me to keep going. The app gives my daily routine a much clearer structure. The tracking makes small improvements easier to notice.
312	Tracking my progress here makes the whole challenge feel more organized. It is a nice way to turn motivation into consistent action. The combination of useful tracking and free access is impressive. The app helps turn my goals into something I can monitor regularly.
313	It has become a useful part of my daily self-improvement routine. This app makes my Winter Arc journey easier to track. I appreciate that the main experience is free and accessible. The overall idea is strong and the experience feels positive.
314	I enjoy checking my progress and seeing how consistent I have been. The no-cost experience makes it easy to start without hesitation. It feels genuinely helpful for building better habits. I can easily see whether I am actually following my routine.
315	I find the system useful for staying focused on my transformation. Overall, this is a good tool for following a personal Winter Arc. It helps me stay connected to the goals I set for myself. I like having one place to monitor my Winter Arc goals.
316	The tracking makes small improvements easier to notice. It gives me a simple way to stay accountable to my own goals. I feel more motivated to maintain my routine after using it. The Winter Arc tracking experience feels simple and motivating.
317	The daily tracking system encourages me to keep going. It is a good option for people who want a simple transformation tracker. This is a useful way to keep track of daily transformation progress. I find the system useful for staying focused on my transformation.
318	It makes personal improvement feel more measurable. It is a good option for people who want a simple transformation tracker. The overall idea is strong and the experience feels positive. This app has made my transformation journey easier to follow.
319	It gives me a simple way to stay accountable to my own goals. It is a simple addition that makes the transformation journey more organized. This app has made my transformation journey easier to follow. It has become a useful part of my daily self-improvement routine.
320	It is helpful to have my transformation activities organized in one place. For a free app, the overall concept is surprisingly useful. This app makes my Winter Arc journey easier to track. I especially like how easy it is to check my progress.
321	This app makes my Winter Arc journey easier to track. I like being able to follow my journey instead of relying only on memory. I think it can be genuinely useful for people doing a Winter Arc. The app is amazing for something that is available at no cost.
322	I like having one place to monitor my Winter Arc goals. It is a good option for people who want a simple transformation tracker. I find the system useful for staying focused on my transformation. The habit tracking helps me stay consistent from day to day.
323	Tracking my progress here makes the whole challenge feel more organized. Seeing my progress over time makes the journey feel more meaningful. It is a good option for people who want a simple transformation tracker. The overall experience feels practical and motivating.
324	It gives me another reason to remain consistent with my goals. The experience encourages me to keep improving little by little. The interface makes tracking a Winter Arc feel straightforward. I appreciate that the main experience is free and accessible.
325	The no-cost experience makes it easy to start without hesitation. I like having one place to monitor my Winter Arc goals. The simple structure makes it easier to keep working toward improvement. It helps me stay connected to the goals I set for myself.
326	It is a simple addition that makes the transformation journey more organized. It has become a useful part of my daily self-improvement routine. For a free app, the overall concept is surprisingly useful. This app makes my Winter Arc journey easier to track.
327	For a free app, the overall concept is surprisingly useful. The overall experience feels practical and motivating. The habit tracking helps me stay consistent from day to day. The app gives my daily routine a much clearer structure.
328	I think it can be genuinely useful for people doing a Winter Arc. I like that I can use the core tracking experience without paying. I like being able to follow my journey instead of relying only on memory. This app makes my Winter Arc journey easier to track.
329	I can see myself using it throughout the entire challenge. For a free app, the overall concept is surprisingly useful. The Winter Arc tracking experience feels simple and motivating. I like being able to follow my journey instead of relying only on memory.
330	This is a useful way to keep track of daily transformation progress. Seeing my progress over time makes the journey feel more meaningful. The experience is encouraging without making the process complicated. The no-cost experience makes it easy to start without hesitation.
331	It has helped me become more aware of my daily consistency. The tracking features make it easier to notice improvements in my routine. I really like how this app organizes my transformation journey. Overall, this is a good tool for following a personal Winter Arc.
332	The interface makes tracking a Winter Arc feel straightforward. The app helps turn my goals into something I can monitor regularly. The overall idea is strong and the experience feels positive. The concept is simple, useful, and easy to understand.
333	I like having one place to monitor my Winter Arc goals. It helps me stay connected to the goals I set for myself. It is helpful to have my transformation activities organized in one place. The concept is simple, useful, and easy to understand.
334	This app makes my Winter Arc journey easier to track. The experience is encouraging without making the process complicated. The experience encourages me to keep improving little by little. I can easily see whether I am actually following my routine.
335	The overall idea is strong and the experience feels positive. This is a useful way to keep track of daily transformation progress. Seeing my progress over time makes the journey feel more meaningful. It has become a useful part of my daily self-improvement routine.
336	The tracking features make it easier to notice improvements in my routine. It has become a useful part of my daily self-improvement routine. I like having one place to monitor my Winter Arc goals. I especially like how easy it is to check my progress.
337	The overall idea is strong and the experience feels positive. The interface makes tracking a Winter Arc feel straightforward. The app helps turn my goals into something I can monitor regularly. It makes personal improvement feel more measurable.
338	It is a simple addition that makes the transformation journey more organized. The experience is encouraging without making the process complicated. The progress tracking gives me a clear picture of my consistency. This app makes my Winter Arc journey easier to track.
339	I appreciate that the main experience is free and accessible. I like having one place to monitor my Winter Arc goals. It has become a useful part of my daily self-improvement routine. The tracking makes small improvements easier to notice.
340	Tracking my progress here makes the whole challenge feel more organized. The experience is encouraging without making the process complicated. The habit tracking helps me stay consistent from day to day. The experience encourages me to keep improving little by little.
341	I find the system useful for staying focused on my transformation. The daily tracking system encourages me to keep going. I like that I can use the core tracking experience without paying. It is a nice way to turn motivation into consistent action.
342	I think it can be genuinely useful for people doing a Winter Arc. The tracking features make it easier to notice improvements in my routine. The concept is simple, useful, and easy to understand. This app has made my transformation journey easier to follow.
343	It is helpful to have my transformation activities organized in one place. I feel more motivated to maintain my routine after using it. It is a good option for people who want a simple transformation tracker. The tracking makes small improvements easier to notice.
344	It makes the challenge feel more structured and realistic. The combination of useful tracking and free access is impressive. I like having one place to monitor my Winter Arc goals. The experience is encouraging without making the process complicated.
345	The overall experience feels practical and motivating. I really like how this app organizes my transformation journey. The app helps turn my goals into something I can monitor regularly. It is a nice way to turn motivation into consistent action.
346	It has become a useful part of my daily self-improvement routine. The app is amazing for something that is available at no cost. This app has made my transformation journey easier to follow. The tracking makes small improvements easier to notice.
347	It is a simple addition that makes the transformation journey more organized. Overall, this is a good tool for following a personal Winter Arc. The experience is encouraging without making the process complicated. This app has made my transformation journey easier to follow.
348	The tracking features make it easier to notice improvements in my routine. Overall, this is a good tool for following a personal Winter Arc. This app makes my Winter Arc journey easier to track. The tracking makes small improvements easier to notice.
349	Tracking my progress here makes the whole challenge feel more organized. I like being able to follow my journey instead of relying only on memory. For a free app, the overall concept is surprisingly useful. I can see myself using it throughout the entire challenge.
350	The Winter Arc tracking experience feels simple and motivating. It has helped me become more aware of my daily consistency. The tracking features make it easier to notice improvements in my routine. I can see myself using it throughout the entire challenge.
351	The app gives my daily routine a much clearer structure. The experience encourages me to keep improving little by little. The experience is encouraging without making the process complicated. For a free app, the overall concept is surprisingly useful.
352	The concept is simple, useful, and easy to understand. The progress tracking gives me a clear picture of my consistency. It has helped me become more aware of my daily consistency. The experience encourages me to keep improving little by little.
353	It makes the challenge feel more structured and realistic. It has helped me become more aware of my daily consistency. The no-cost experience makes it easy to start without hesitation. This app has made my transformation journey easier to follow.
354	It feels genuinely helpful for building better habits. It is a simple addition that makes the transformation journey more organized. Seeing my progress over time makes the journey feel more meaningful. I really like how this app organizes my transformation journey.
355	It is a good option for people who want a simple transformation tracker. It makes the challenge feel more structured and realistic. I enjoy checking my progress and seeing how consistent I have been. I like being able to follow my journey instead of relying only on memory.
356	I especially like how easy it is to check my progress. Tracking my progress here makes the whole challenge feel more organized. It has become a useful part of my daily self-improvement routine. I appreciate that the main experience is free and accessible.
357	It is a simple addition that makes the transformation journey more organized. The tracking features make it easier to notice improvements in my routine. This app makes my Winter Arc journey easier to track. The no-cost experience makes it easy to start without hesitation.
358	It has become a useful part of my daily self-improvement routine. It gives me a simple way to stay accountable to my own goals. This app has made my transformation journey easier to follow. The app is amazing for something that is available at no cost.
359	It is helpful to have my transformation activities organized in one place. It has helped me become more aware of my daily consistency. The no-cost experience makes it easy to start without hesitation. I really like how this app organizes my transformation journey.
360	I really like how this app organizes my transformation journey. It has helped me become more aware of my daily consistency. I like being able to follow my journey instead of relying only on memory. For a free app, the overall concept is surprisingly useful.
361	The Winter Arc tracking experience feels simple and motivating. The simple structure makes it easier to keep working toward improvement. It makes the challenge feel more structured and realistic. I would describe the experience as clean, helpful, and motivating.
362	I find the system useful for staying focused on my transformation. I appreciate that the main experience is free and accessible. It is a simple addition that makes the transformation journey more organized. This is a useful way to keep track of daily transformation progress.
363	Tracking my progress here makes the whole challenge feel more organized. It makes personal improvement feel more measurable. The overall idea is strong and the experience feels positive. Overall, this is a good tool for following a personal Winter Arc.
364	The tracking makes small improvements easier to notice. I appreciate that the main experience is free and accessible. I feel more motivated to maintain my routine after using it. The habit tracking helps me stay consistent from day to day.
365	I like that I can use the core tracking experience without paying. It is a simple addition that makes the transformation journey more organized. The app gives my daily routine a much clearer structure. It has become a useful part of my daily self-improvement routine.
366	The tracking features make it easier to notice improvements in my routine. It has helped me become more aware of my daily consistency. The app gives my daily routine a much clearer structure. It is a simple addition that makes the transformation journey more organized.
367	The app gives my daily routine a much clearer structure. The progress tracking gives me a clear picture of my consistency. It makes personal improvement feel more measurable. It helps me stay connected to the goals I set for myself.
368	It helps me stay connected to the goals I set for myself. The no-cost experience makes it easy to start without hesitation. I like being able to follow my journey instead of relying only on memory. I feel more motivated to maintain my routine after using it.
369	I can see myself using it throughout the entire challenge. I would describe the experience as clean, helpful, and motivating. The habit tracking helps me stay consistent from day to day. I enjoy checking my progress and seeing how consistent I have been.
370	It helps me stay connected to the goals I set for myself. I can easily see whether I am actually following my routine. It has become a useful part of my daily self-improvement routine. Overall, this is a good tool for following a personal Winter Arc.
371	The daily tracking system encourages me to keep going. This app makes my Winter Arc journey easier to track. It helps me stay connected to the goals I set for myself. It gives me another reason to remain consistent with my goals.
372	It is a nice way to turn motivation into consistent action. I find the system useful for staying focused on my transformation. The daily tracking system encourages me to keep going. For a free app, the overall concept is surprisingly useful.
373	The app is amazing for something that is available at no cost. The app helps turn my goals into something I can monitor regularly. I think it can be genuinely useful for people doing a Winter Arc. The overall experience feels practical and motivating.
374	I find the system useful for staying focused on my transformation. It is helpful to have my transformation activities organized in one place. It is a simple addition that makes the transformation journey more organized. The concept is simple, useful, and easy to understand.
375	The tracking makes small improvements easier to notice. The experience is encouraging without making the process complicated. It is helpful to have my transformation activities organized in one place. For a free app, the overall concept is surprisingly useful.
376	I find the system useful for staying focused on my transformation. I especially like how easy it is to check my progress. It gives me a simple way to stay accountable to my own goals. This is a useful way to keep track of daily transformation progress.
377	I think it can be genuinely useful for people doing a Winter Arc. The daily tracking system encourages me to keep going. The experience is encouraging without making the process complicated. The Winter Arc tracking experience feels simple and motivating.
378	It is a nice way to turn motivation into consistent action. The app helps turn my goals into something I can monitor regularly. This is a useful way to keep track of daily transformation progress. It feels genuinely helpful for building better habits.
379	The habit tracking helps me stay consistent from day to day. The experience encourages me to keep improving little by little. It has helped me become more aware of my daily consistency. This app makes my Winter Arc journey easier to track.
380	The experience encourages me to keep improving little by little. This is a useful way to keep track of daily transformation progress. It is a good option for people who want a simple transformation tracker. It has helped me become more aware of my daily consistency.
381	I especially like how easy it is to check my progress. The tracking features make it easier to notice improvements in my routine. I appreciate that the main experience is free and accessible. I find the system useful for staying focused on my transformation.
382	The app is amazing for something that is available at no cost. The overall idea is strong and the experience feels positive. It gives me a simple way to stay accountable to my own goals. This is a useful way to keep track of daily transformation progress.
383	This app has made my transformation journey easier to follow. The app helps turn my goals into something I can monitor regularly. It has become a useful part of my daily self-improvement routine. The app is amazing for something that is available at no cost.
384	It is a simple addition that makes the transformation journey more organized. I appreciate that the main experience is free and accessible. It gives me a simple way to stay accountable to my own goals. It feels genuinely helpful for building better habits.
385	I think it can be genuinely useful for people doing a Winter Arc. The concept is simple, useful, and easy to understand. The app gives my daily routine a much clearer structure. I find the system useful for staying focused on my transformation.
386	It has become a useful part of my daily self-improvement routine. The Winter Arc tracking experience feels simple and motivating. The tracking features make it easier to notice improvements in my routine. It makes the challenge feel more structured and realistic.
387	I especially like how easy it is to check my progress. It is a good option for people who want a simple transformation tracker. It gives me another reason to remain consistent with my goals. I can easily see whether I am actually following my routine.
388	For a free app, the overall concept is surprisingly useful. The Winter Arc tracking experience feels simple and motivating. I feel more motivated to maintain my routine after using it. The experience encourages me to keep improving little by little.
389	The overall experience feels practical and motivating. The tracking makes small improvements easier to notice. Overall, this is a good tool for following a personal Winter Arc. Tracking my progress here makes the whole challenge feel more organized.
390	It helps me stay connected to the goals I set for myself. Seeing my progress over time makes the journey feel more meaningful. I would describe the experience as clean, helpful, and motivating. It makes personal improvement feel more measurable.
391	It has become a useful part of my daily self-improvement routine. The tracking makes small improvements easier to notice. I really like how this app organizes my transformation journey. It is helpful to have my transformation activities organized in one place.
392	I feel more motivated to maintain my routine after using it. I can easily see whether I am actually following my routine. The combination of useful tracking and free access is impressive. This is a useful way to keep track of daily transformation progress.
393	It gives me a simple way to stay accountable to my own goals. The overall idea is strong and the experience feels positive. The simple structure makes it easier to keep working toward improvement. This app makes my Winter Arc journey easier to track.
394	The overall experience feels practical and motivating. It is a nice way to turn motivation into consistent action. Overall, this is a good tool for following a personal Winter Arc. The Winter Arc tracking experience feels simple and motivating.
395	The overall idea is strong and the experience feels positive. The simple structure makes it easier to keep working toward improvement. It gives me a simple way to stay accountable to my own goals. The no-cost experience makes it easy to start without hesitation.
396	For a free app, the overall concept is surprisingly useful. The daily tracking system encourages me to keep going. This app makes my Winter Arc journey easier to track. The experience encourages me to keep improving little by little.
397	The concept is simple, useful, and easy to understand. I can see myself using it throughout the entire challenge. I like being able to follow my journey instead of relying only on memory. The Winter Arc tracking experience feels simple and motivating.
398	I think it can be genuinely useful for people doing a Winter Arc. The app is amazing for something that is available at no cost. It gives me another reason to remain consistent with my goals. The progress tracking gives me a clear picture of my consistency.
399	It has become a useful part of my daily self-improvement routine. I can easily see whether I am actually following my routine. The no-cost experience makes it easy to start without hesitation. The experience encourages me to keep improving little by little.
400	I like having one place to monitor my Winter Arc goals. For a free app, the overall concept is surprisingly useful. The app helps turn my goals into something I can monitor regularly. It is a nice way to turn motivation into consistent action.
401	It gives me another reason to remain consistent with my goals. It gives me a simple way to stay accountable to my own goals. It helps me stay connected to the goals I set for myself. The no-cost experience makes it easy to start without hesitation.
402	I feel more motivated to maintain my routine after using it. The Winter Arc tracking experience feels simple and motivating. The app is amazing for something that is available at no cost. The overall idea is strong and the experience feels positive.
403	The overall experience feels practical and motivating. The habit tracking helps me stay consistent from day to day. It is a nice way to turn motivation into consistent action. I like having one place to monitor my Winter Arc goals.
404	It makes the challenge feel more structured and realistic. The app is amazing for something that is available at no cost. It gives me another reason to remain consistent with my goals. It gives me a simple way to stay accountable to my own goals.
405	The simple structure makes it easier to keep working toward improvement. The daily tracking system encourages me to keep going. The Winter Arc tracking experience feels simple and motivating. I especially like how easy it is to check my progress.
406	The interface makes tracking a Winter Arc feel straightforward. The app helps turn my goals into something I can monitor regularly. The tracking makes small improvements easier to notice. The experience is encouraging without making the process complicated.
407	This is a useful way to keep track of daily transformation progress. The concept is simple, useful, and easy to understand. It makes the challenge feel more structured and realistic. It is helpful to have my transformation activities organized in one place.
408	The tracking makes small improvements easier to notice. The app gives my daily routine a much clearer structure. The overall experience feels practical and motivating. I appreciate that the main experience is free and accessible.
409	I really like how this app organizes my transformation journey. The app helps turn my goals into something I can monitor regularly. It is a good option for people who want a simple transformation tracker. It helps me stay connected to the goals I set for myself.
410	It gives me a simple way to stay accountable to my own goals. The app gives my daily routine a much clearer structure. It makes personal improvement feel more measurable. It helps me stay connected to the goals I set for myself.
411	I like that I can use the core tracking experience without paying. I can easily see whether I am actually following my routine. It has helped me become more aware of my daily consistency. The app gives my daily routine a much clearer structure.
412	It is a simple addition that makes the transformation journey more organized. I enjoy checking my progress and seeing how consistent I have been. The concept is simple, useful, and easy to understand. The app helps turn my goals into something I can monitor regularly.
413	The app gives my daily routine a much clearer structure. It is helpful to have my transformation activities organized in one place. I would describe the experience as clean, helpful, and motivating. I think it can be genuinely useful for people doing a Winter Arc.
414	Seeing my progress over time makes the journey feel more meaningful. The concept is simple, useful, and easy to understand. This is a useful way to keep track of daily transformation progress. It has become a useful part of my daily self-improvement routine.
415	Tracking my progress here makes the whole challenge feel more organized. The progress tracking gives me a clear picture of my consistency. It is a good option for people who want a simple transformation tracker. The simple structure makes it easier to keep working toward improvement.
416	I like being able to follow my journey instead of relying only on memory. The Winter Arc tracking experience feels simple and motivating. I think it can be genuinely useful for people doing a Winter Arc. It makes personal improvement feel more measurable.
417	I can easily see whether I am actually following my routine. It is a nice way to turn motivation into consistent action. It feels genuinely helpful for building better habits. I appreciate that the main experience is free and accessible.
418	The tracking makes small improvements easier to notice. I enjoy checking my progress and seeing how consistent I have been. The combination of useful tracking and free access is impressive. It feels genuinely helpful for building better habits.
419	The simple structure makes it easier to keep working toward improvement. Overall, this is a good tool for following a personal Winter Arc. I like having one place to monitor my Winter Arc goals. I especially like how easy it is to check my progress.
420	It has become a useful part of my daily self-improvement routine. The Winter Arc tracking experience feels simple and motivating. The tracking makes small improvements easier to notice. Overall, this is a good tool for following a personal Winter Arc.
421	I like having one place to monitor my Winter Arc goals. The habit tracking helps me stay consistent from day to day. The tracking makes small improvements easier to notice. It gives me another reason to remain consistent with my goals.
422	I enjoy checking my progress and seeing how consistent I have been. The tracking makes small improvements easier to notice. I find the system useful for staying focused on my transformation. It is helpful to have my transformation activities organized in one place.
423	This is a useful way to keep track of daily transformation progress. It is a nice way to turn motivation into consistent action. For a free app, the overall concept is surprisingly useful. The simple structure makes it easier to keep working toward improvement.
424	The overall idea is strong and the experience feels positive. The simple structure makes it easier to keep working toward improvement. The tracking features make it easier to notice improvements in my routine. The app is amazing for something that is available at no cost.
425	It gives me another reason to remain consistent with my goals. The overall idea is strong and the experience feels positive. The no-cost experience makes it easy to start without hesitation. Tracking my progress here makes the whole challenge feel more organized.
426	It gives me another reason to remain consistent with my goals. This is a useful way to keep track of daily transformation progress. The daily tracking system encourages me to keep going. I would describe the experience as clean, helpful, and motivating.
427	The app is amazing for something that is available at no cost. The Winter Arc tracking experience feels simple and motivating. It has helped me become more aware of my daily consistency. I especially like how easy it is to check my progress.
428	The experience encourages me to keep improving little by little. This is a useful way to keep track of daily transformation progress. It gives me a simple way to stay accountable to my own goals. The no-cost experience makes it easy to start without hesitation.
429	It feels genuinely helpful for building better habits. I can easily see whether I am actually following my routine. I enjoy checking my progress and seeing how consistent I have been. It is a nice way to turn motivation into consistent action.
430	I like being able to follow my journey instead of relying only on memory. The interface makes tracking a Winter Arc feel straightforward. The tracking makes small improvements easier to notice. Overall, this is a good tool for following a personal Winter Arc.
431	The Winter Arc tracking experience feels simple and motivating. I can see myself using it throughout the entire challenge. I feel more motivated to maintain my routine after using it. It is helpful to have my transformation activities organized in one place.
432	The combination of useful tracking and free access is impressive. The tracking features make it easier to notice improvements in my routine. It is a nice way to turn motivation into consistent action. It has become a useful part of my daily self-improvement routine.
433	I can see myself using it throughout the entire challenge. This is a useful way to keep track of daily transformation progress. It has become a useful part of my daily self-improvement routine. The app is amazing for something that is available at no cost.
434	The app gives my daily routine a much clearer structure. The concept is simple, useful, and easy to understand. It gives me a simple way to stay accountable to my own goals. The tracking makes small improvements easier to notice.
435	This app has made my transformation journey easier to follow. It is helpful to have my transformation activities organized in one place. The experience encourages me to keep improving little by little. It feels genuinely helpful for building better habits.
436	The combination of useful tracking and free access is impressive. The Winter Arc tracking experience feels simple and motivating. It has become a useful part of my daily self-improvement routine. I think it can be genuinely useful for people doing a Winter Arc.
437	I can easily see whether I am actually following my routine. This is a useful way to keep track of daily transformation progress. I appreciate that the main experience is free and accessible. It is a nice way to turn motivation into consistent action.
438	The simple structure makes it easier to keep working toward improvement. I especially like how easy it is to check my progress. Overall, this is a good tool for following a personal Winter Arc. The progress tracking gives me a clear picture of my consistency.
439	The Winter Arc tracking experience feels simple and motivating. The habit tracking helps me stay consistent from day to day. I find the system useful for staying focused on my transformation. Overall, this is a good tool for following a personal Winter Arc.
440	This is a useful way to keep track of daily transformation progress. It is a good option for people who want a simple transformation tracker. I can easily see whether I am actually following my routine. It is a nice way to turn motivation into consistent action.
441	The concept is simple, useful, and easy to understand. I enjoy checking my progress and seeing how consistent I have been. The app helps turn my goals into something I can monitor regularly. The experience is encouraging without making the process complicated.
442	The concept is simple, useful, and easy to understand. It makes the challenge feel more structured and realistic. I can easily see whether I am actually following my routine. The overall experience feels practical and motivating.
443	I would describe the experience as clean, helpful, and motivating. Seeing my progress over time makes the journey feel more meaningful. The app gives my daily routine a much clearer structure. It makes the challenge feel more structured and realistic.
444	The experience encourages me to keep improving little by little. Overall, this is a good tool for following a personal Winter Arc. This app makes my Winter Arc journey easier to track. The experience is encouraging without making the process complicated.
445	I can easily see whether I am actually following my routine. The app is amazing for something that is available at no cost. This app has made my transformation journey easier to follow. It helps me stay connected to the goals I set for myself.
446	The overall experience feels practical and motivating. The concept is simple, useful, and easy to understand. I can easily see whether I am actually following my routine. It makes the challenge feel more structured and realistic.
447	I like that I can use the core tracking experience without paying. This is a useful way to keep track of daily transformation progress. It is a simple addition that makes the transformation journey more organized. It gives me a simple way to stay accountable to my own goals.
448	The experience encourages me to keep improving little by little. The experience is encouraging without making the process complicated. I would describe the experience as clean, helpful, and motivating. This app makes my Winter Arc journey easier to track.
449	Overall, this is a good tool for following a personal Winter Arc. It helps me stay connected to the goals I set for myself. The tracking features make it easier to notice improvements in my routine. This app has made my transformation journey easier to follow.
450	The experience encourages me to keep improving little by little. It makes personal improvement feel more measurable. It gives me a simple way to stay accountable to my own goals. This app has made my transformation journey easier to follow.
451	The app helps turn my goals into something I can monitor regularly. It is a simple addition that makes the transformation journey more organized. Overall, this is a good tool for following a personal Winter Arc. It feels genuinely helpful for building better habits.
452	The interface makes tracking a Winter Arc feel straightforward. It has become a useful part of my daily self-improvement routine. It is a simple addition that makes the transformation journey more organized. I like that I can use the core tracking experience without paying.
453	Tracking my progress here makes the whole challenge feel more organized. The overall idea is strong and the experience feels positive. It has helped me become more aware of my daily consistency. I like that I can use the core tracking experience without paying.
454	It is helpful to have my transformation activities organized in one place. The Winter Arc tracking experience feels simple and motivating. I find the system useful for staying focused on my transformation. The tracking makes small improvements easier to notice.
455	The simple structure makes it easier to keep working toward improvement. I would describe the experience as clean, helpful, and motivating. I like having one place to monitor my Winter Arc goals. It makes the challenge feel more structured and realistic.
456	I enjoy checking my progress and seeing how consistent I have been. It makes personal improvement feel more measurable. For a free app, the overall concept is surprisingly useful. I like being able to follow my journey instead of relying only on memory.
457	For a free app, the overall concept is surprisingly useful. It helps me stay connected to the goals I set for myself. I feel more motivated to maintain my routine after using it. The habit tracking helps me stay consistent from day to day.
458	For a free app, the overall concept is surprisingly useful. It gives me another reason to remain consistent with my goals. The app helps turn my goals into something I can monitor regularly. Tracking my progress here makes the whole challenge feel more organized.
459	The progress tracking gives me a clear picture of my consistency. Tracking my progress here makes the whole challenge feel more organized. I appreciate that the main experience is free and accessible. I especially like how easy it is to check my progress.
460	It makes personal improvement feel more measurable. I like being able to follow my journey instead of relying only on memory. I can see myself using it throughout the entire challenge. The Winter Arc tracking experience feels simple and motivating.
461	It is a good option for people who want a simple transformation tracker. The experience encourages me to keep improving little by little. The overall experience feels practical and motivating. The interface makes tracking a Winter Arc feel straightforward.
462	I appreciate that the main experience is free and accessible. The app helps turn my goals into something I can monitor regularly. It makes personal improvement feel more measurable. This app makes my Winter Arc journey easier to track.
463	I appreciate that the main experience is free and accessible. It has helped me become more aware of my daily consistency. The overall idea is strong and the experience feels positive. The tracking features make it easier to notice improvements in my routine.
464	Overall, this is a good tool for following a personal Winter Arc. The daily tracking system encourages me to keep going. It makes personal improvement feel more measurable. I can see myself using it throughout the entire challenge.
465	The habit tracking helps me stay consistent from day to day. Overall, this is a good tool for following a personal Winter Arc. It has helped me become more aware of my daily consistency. This app makes my Winter Arc journey easier to track.
466	The daily tracking system encourages me to keep going. This app makes my Winter Arc journey easier to track. It gives me another reason to remain consistent with my goals. I can see myself using it throughout the entire challenge.
467	Overall, this is a good tool for following a personal Winter Arc. This is a useful way to keep track of daily transformation progress. The experience is encouraging without making the process complicated. Seeing my progress over time makes the journey feel more meaningful.
468	The no-cost experience makes it easy to start without hesitation. It gives me another reason to remain consistent with my goals. I especially like how easy it is to check my progress. Seeing my progress over time makes the journey feel more meaningful.
469	I feel more motivated to maintain my routine after using it. I like that I can use the core tracking experience without paying. I enjoy checking my progress and seeing how consistent I have been. It gives me a simple way to stay accountable to my own goals.
470	The experience is encouraging without making the process complicated. I think it can be genuinely useful for people doing a Winter Arc. The progress tracking gives me a clear picture of my consistency. This app has made my transformation journey easier to follow.
471	Seeing my progress over time makes the journey feel more meaningful. The concept is simple, useful, and easy to understand. I think it can be genuinely useful for people doing a Winter Arc. This is a useful way to keep track of daily transformation progress.
472	Tracking my progress here makes the whole challenge feel more organized. It is a simple addition that makes the transformation journey more organized. It is a good option for people who want a simple transformation tracker. It feels genuinely helpful for building better habits.
473	The daily tracking system encourages me to keep going. For a free app, the overall concept is surprisingly useful. The experience is encouraging without making the process complicated. This app has made my transformation journey easier to follow.
474	It is a good option for people who want a simple transformation tracker. It makes the challenge feel more structured and realistic. I can easily see whether I am actually following my routine. This is a useful way to keep track of daily transformation progress.
475	For a free app, the overall concept is surprisingly useful. I like having one place to monitor my Winter Arc goals. It feels genuinely helpful for building better habits. The app helps turn my goals into something I can monitor regularly.
476	The concept is simple, useful, and easy to understand. It feels genuinely helpful for building better habits. I can see myself using it throughout the entire challenge. I really like how this app organizes my transformation journey.
477	The overall idea is strong and the experience feels positive. The overall experience feels practical and motivating. It is helpful to have my transformation activities organized in one place. The app is amazing for something that is available at no cost.
478	It is a good option for people who want a simple transformation tracker. I feel more motivated to maintain my routine after using it. It helps me stay connected to the goals I set for myself. The progress tracking gives me a clear picture of my consistency.
479	I feel more motivated to maintain my routine after using it. The habit tracking helps me stay consistent from day to day. The no-cost experience makes it easy to start without hesitation. It is a nice way to turn motivation into consistent action.
480	I especially like how easy it is to check my progress. The combination of useful tracking and free access is impressive. I can easily see whether I am actually following my routine. I feel more motivated to maintain my routine after using it.
481	Seeing my progress over time makes the journey feel more meaningful. It helps me stay connected to the goals I set for myself. The simple structure makes it easier to keep working toward improvement. The interface makes tracking a Winter Arc feel straightforward.
482	The overall experience feels practical and motivating. Overall, this is a good tool for following a personal Winter Arc. The progress tracking gives me a clear picture of my consistency. It helps me stay connected to the goals I set for myself.
483	I appreciate that the main experience is free and accessible. The tracking makes small improvements easier to notice. Seeing my progress over time makes the journey feel more meaningful. It feels genuinely helpful for building better habits.
484	It helps me stay connected to the goals I set for myself. The simple structure makes it easier to keep working toward improvement. I would describe the experience as clean, helpful, and motivating. The app helps turn my goals into something I can monitor regularly.
485	The habit tracking helps me stay consistent from day to day. The overall idea is strong and the experience feels positive. The experience is encouraging without making the process complicated. I really like how this app organizes my transformation journey.
486	It gives me a simple way to stay accountable to my own goals. The app gives my daily routine a much clearer structure. I like that I can use the core tracking experience without paying. I feel more motivated to maintain my routine after using it.
487	The interface makes tracking a Winter Arc feel straightforward. Seeing my progress over time makes the journey feel more meaningful. I would describe the experience as clean, helpful, and motivating. I find the system useful for staying focused on my transformation.
488	I especially like how easy it is to check my progress. The Winter Arc tracking experience feels simple and motivating. The concept is simple, useful, and easy to understand. I find the system useful for staying focused on my transformation.
489	I would describe the experience as clean, helpful, and motivating. It makes personal improvement feel more measurable. The interface makes tracking a Winter Arc feel straightforward. It gives me a simple way to stay accountable to my own goals.
490	I can see myself using it throughout the entire challenge. It feels genuinely helpful for building better habits. The app gives my daily routine a much clearer structure. For a free app, the overall concept is surprisingly useful.
491	I can see myself using it throughout the entire challenge. The app helps turn my goals into something I can monitor regularly. It makes personal improvement feel more measurable. The combination of useful tracking and free access is impressive.
492	I like that I can use the core tracking experience without paying. It has become a useful part of my daily self-improvement routine. It is a nice way to turn motivation into consistent action. I can easily see whether I am actually following my routine.
493	I really like how this app organizes my transformation journey. The no-cost experience makes it easy to start without hesitation. It makes personal improvement feel more measurable. It is a nice way to turn motivation into consistent action.
494	The experience encourages me to keep improving little by little. It is a good option for people who want a simple transformation tracker. It feels genuinely helpful for building better habits. The tracking features make it easier to notice improvements in my routine.
495	I like being able to follow my journey instead of relying only on memory. It helps me stay connected to the goals I set for myself. For a free app, the overall concept is surprisingly useful. I find the system useful for staying focused on my transformation.
496	The app gives my daily routine a much clearer structure. I think it can be genuinely useful for people doing a Winter Arc. The daily tracking system encourages me to keep going. The simple structure makes it easier to keep working toward improvement.
497	It has become a useful part of my daily self-improvement routine. The concept is simple, useful, and easy to understand. The overall idea is strong and the experience feels positive. The app gives my daily routine a much clearer structure.
498	The concept is simple, useful, and easy to understand. It is helpful to have my transformation activities organized in one place. This app has made my transformation journey easier to follow. The overall experience feels practical and motivating.
499	It makes the challenge feel more structured and realistic. The Winter Arc tracking experience feels simple and motivating. The app helps turn my goals into something I can monitor regularly. I find the system useful for staying focused on my transformation.
500	The experience is encouraging without making the process complicated. It is helpful to have my transformation activities organized in one place. The Winter Arc tracking experience feels simple and motivating. For a free app, the overall concept is surprisingly useful.
501	The experience is encouraging without making the process complicated. The no-cost experience makes it easy to start without hesitation. I enjoy checking my progress and seeing how consistent I have been. I think it can be genuinely useful for people doing a Winter Arc.
502	This app has made my transformation journey easier to follow. I like that I can use the core tracking experience without paying. I think it can be genuinely useful for people doing a Winter Arc. It gives me another reason to remain consistent with my goals.
503	For a free app, the overall concept is surprisingly useful. I enjoy checking my progress and seeing how consistent I have been. The progress tracking gives me a clear picture of my consistency. I can see myself using it throughout the entire challenge.
504	I really like how this app organizes my transformation journey. It feels genuinely helpful for building better habits. The app is amazing for something that is available at no cost. It makes the challenge feel more structured and realistic.
505	I like having one place to monitor my Winter Arc goals. I think it can be genuinely useful for people doing a Winter Arc. The progress tracking gives me a clear picture of my consistency. Overall, this is a good tool for following a personal Winter Arc.
506	I appreciate that the main experience is free and accessible. The overall experience feels practical and motivating. The app helps turn my goals into something I can monitor regularly. Tracking my progress here makes the whole challenge feel more organized.
507	The daily tracking system encourages me to keep going. It has become a useful part of my daily self-improvement routine. The interface makes tracking a Winter Arc feel straightforward. I can see myself using it throughout the entire challenge.
508	Tracking my progress here makes the whole challenge feel more organized. It helps me stay connected to the goals I set for myself. The tracking features make it easier to notice improvements in my routine. I appreciate that the main experience is free and accessible.
509	I appreciate that the main experience is free and accessible. The interface makes tracking a Winter Arc feel straightforward. It makes the challenge feel more structured and realistic. I like being able to follow my journey instead of relying only on memory.
510	It is helpful to have my transformation activities organized in one place. The combination of useful tracking and free access is impressive. The interface makes tracking a Winter Arc feel straightforward. The overall idea is strong and the experience feels positive.
511	I can easily see whether I am actually following my routine. It is a nice way to turn motivation into consistent action. For a free app, the overall concept is surprisingly useful. The Winter Arc tracking experience feels simple and motivating.
512	It is a nice way to turn motivation into consistent action. This app makes my Winter Arc journey easier to track. For a free app, the overall concept is surprisingly useful. I find the system useful for staying focused on my transformation.
513	The progress tracking gives me a clear picture of my consistency. It feels genuinely helpful for building better habits. I can see myself using it throughout the entire challenge. I enjoy checking my progress and seeing how consistent I have been.
514	I find the system useful for staying focused on my transformation. I appreciate that the main experience is free and accessible. It helps me stay connected to the goals I set for myself. I can easily see whether I am actually following my routine.
515	This app makes my Winter Arc journey easier to track. For a free app, the overall concept is surprisingly useful. The experience encourages me to keep improving little by little. It has helped me become more aware of my daily consistency.
516	Overall, this is a good tool for following a personal Winter Arc. The experience is encouraging without making the process complicated. The tracking features make it easier to notice improvements in my routine. It is a simple addition that makes the transformation journey more organized.
517	I can easily see whether I am actually following my routine. It is a good option for people who want a simple transformation tracker. The Winter Arc tracking experience feels simple and motivating. I feel more motivated to maintain my routine after using it.
518	The tracking makes small improvements easier to notice. Seeing my progress over time makes the journey feel more meaningful. The Winter Arc tracking experience feels simple and motivating. It makes personal improvement feel more measurable.
519	It has helped me become more aware of my daily consistency. It is a good option for people who want a simple transformation tracker. It is a nice way to turn motivation into consistent action. It is helpful to have my transformation activities organized in one place.
520	The no-cost experience makes it easy to start without hesitation. The tracking makes small improvements easier to notice. This app makes my Winter Arc journey easier to track. It gives me another reason to remain consistent with my goals.
521	This app makes my Winter Arc journey easier to track. I think it can be genuinely useful for people doing a Winter Arc. It has helped me become more aware of my daily consistency. The app is amazing for something that is available at no cost.
522	This is a useful way to keep track of daily transformation progress. I would describe the experience as clean, helpful, and motivating. It is a simple addition that makes the transformation journey more organized. The app helps turn my goals into something I can monitor regularly.
523	For a free app, the overall concept is surprisingly useful. The daily tracking system encourages me to keep going. It is a simple addition that makes the transformation journey more organized. I find the system useful for staying focused on my transformation.
524	Tracking my progress here makes the whole challenge feel more organized. The tracking features make it easier to notice improvements in my routine. The tracking makes small improvements easier to notice. Overall, this is a good tool for following a personal Winter Arc.
525	This is a useful way to keep track of daily transformation progress. I can see myself using it throughout the entire challenge. I can easily see whether I am actually following my routine. It has become a useful part of my daily self-improvement routine.
526	The habit tracking helps me stay consistent from day to day. This app has made my transformation journey easier to follow. The app is amazing for something that is available at no cost. The experience encourages me to keep improving little by little.
527	I enjoy checking my progress and seeing how consistent I have been. The simple structure makes it easier to keep working toward improvement. The overall idea is strong and the experience feels positive. It is a good option for people who want a simple transformation tracker.
528	The tracking makes small improvements easier to notice. The no-cost experience makes it easy to start without hesitation. The Winter Arc tracking experience feels simple and motivating. Seeing my progress over time makes the journey feel more meaningful.
529	It is a nice way to turn motivation into consistent action. This app has made my transformation journey easier to follow. For a free app, the overall concept is surprisingly useful. I feel more motivated to maintain my routine after using it.
530	The overall idea is strong and the experience feels positive. It gives me another reason to remain consistent with my goals. I like being able to follow my journey instead of relying only on memory. The combination of useful tracking and free access is impressive.
531	The overall idea is strong and the experience feels positive. The tracking features make it easier to notice improvements in my routine. The combination of useful tracking and free access is impressive. The experience is encouraging without making the process complicated.
532	The app helps turn my goals into something I can monitor regularly. I appreciate that the main experience is free and accessible. This is a useful way to keep track of daily transformation progress. It feels genuinely helpful for building better habits.
533	This is a useful way to keep track of daily transformation progress. The daily tracking system encourages me to keep going. I like that I can use the core tracking experience without paying. The tracking makes small improvements easier to notice.
534	I would describe the experience as clean, helpful, and motivating. It is a simple addition that makes the transformation journey more organized. It has helped me become more aware of my daily consistency. I can easily see whether I am actually following my routine.
535	I think it can be genuinely useful for people doing a Winter Arc. I really like how this app organizes my transformation journey. It gives me a simple way to stay accountable to my own goals. The concept is simple, useful, and easy to understand.
536	I find the system useful for staying focused on my transformation. I really like how this app organizes my transformation journey. It is helpful to have my transformation activities organized in one place. For a free app, the overall concept is surprisingly useful.
537	It is a nice way to turn motivation into consistent action. The app gives my daily routine a much clearer structure. The progress tracking gives me a clear picture of my consistency. It has become a useful part of my daily self-improvement routine.
538	The no-cost experience makes it easy to start without hesitation. It helps me stay connected to the goals I set for myself. It makes personal improvement feel more measurable. Seeing my progress over time makes the journey feel more meaningful.
539	Seeing my progress over time makes the journey feel more meaningful. The Winter Arc tracking experience feels simple and motivating. I especially like how easy it is to check my progress. It is a good option for people who want a simple transformation tracker.
540	It has become a useful part of my daily self-improvement routine. It is a good option for people who want a simple transformation tracker. I really like how this app organizes my transformation journey. The progress tracking gives me a clear picture of my consistency.
541	The app is amazing for something that is available at no cost. It is a nice way to turn motivation into consistent action. The interface makes tracking a Winter Arc feel straightforward. The experience is encouraging without making the process complicated.
542	The interface makes tracking a Winter Arc feel straightforward. The progress tracking gives me a clear picture of my consistency. The concept is simple, useful, and easy to understand. It makes personal improvement feel more measurable.
543	I like being able to follow my journey instead of relying only on memory. For a free app, the overall concept is surprisingly useful. The overall experience feels practical and motivating. This app makes my Winter Arc journey easier to track.
544	The habit tracking helps me stay consistent from day to day. This is a useful way to keep track of daily transformation progress. It makes personal improvement feel more measurable. It makes the challenge feel more structured and realistic.
545	The app gives my daily routine a much clearer structure. I can see myself using it throughout the entire challenge. I feel more motivated to maintain my routine after using it. The no-cost experience makes it easy to start without hesitation.
546	This app has made my transformation journey easier to follow. I especially like how easy it is to check my progress. I would describe the experience as clean, helpful, and motivating. It has become a useful part of my daily self-improvement routine.
547	Seeing my progress over time makes the journey feel more meaningful. This is a useful way to keep track of daily transformation progress. It has helped me become more aware of my daily consistency. It is a nice way to turn motivation into consistent action.
548	The app is amazing for something that is available at no cost. I can easily see whether I am actually following my routine. I think it can be genuinely useful for people doing a Winter Arc. The app gives my daily routine a much clearer structure.
549	The tracking features make it easier to notice improvements in my routine. This is a useful way to keep track of daily transformation progress. It is a good option for people who want a simple transformation tracker. I especially like how easy it is to check my progress.
550	It is a simple addition that makes the transformation journey more organized. It gives me a simple way to stay accountable to my own goals. It makes personal improvement feel more measurable. I like that I can use the core tracking experience without paying.
551	It makes personal improvement feel more measurable. It makes the challenge feel more structured and realistic. The combination of useful tracking and free access is impressive. The app gives my daily routine a much clearer structure.
552	It is a good option for people who want a simple transformation tracker. I find the system useful for staying focused on my transformation. I really like how this app organizes my transformation journey. It is helpful to have my transformation activities organized in one place.
553	It makes the challenge feel more structured and realistic. It gives me a simple way to stay accountable to my own goals. This is a useful way to keep track of daily transformation progress. I would describe the experience as clean, helpful, and motivating.
554	It makes personal improvement feel more measurable. I like that I can use the core tracking experience without paying. The tracking features make it easier to notice improvements in my routine. The interface makes tracking a Winter Arc feel straightforward.
555	This is a useful way to keep track of daily transformation progress. It gives me another reason to remain consistent with my goals. Seeing my progress over time makes the journey feel more meaningful. Overall, this is a good tool for following a personal Winter Arc.
556	The no-cost experience makes it easy to start without hesitation. It is a simple addition that makes the transformation journey more organized. The interface makes tracking a Winter Arc feel straightforward. The habit tracking helps me stay consistent from day to day.
557	The simple structure makes it easier to keep working toward improvement. The tracking features make it easier to notice improvements in my routine. The experience encourages me to keep improving little by little. This is a useful way to keep track of daily transformation progress.
558	The daily tracking system encourages me to keep going. The combination of useful tracking and free access is impressive. It is a simple addition that makes the transformation journey more organized. It feels genuinely helpful for building better habits.
559	I enjoy checking my progress and seeing how consistent I have been. It helps me stay connected to the goals I set for myself. The app is amazing for something that is available at no cost. It has become a useful part of my daily self-improvement routine.
560	The no-cost experience makes it easy to start without hesitation. The experience encourages me to keep improving little by little. This is a useful way to keep track of daily transformation progress. The simple structure makes it easier to keep working toward improvement.
561	The app gives my daily routine a much clearer structure. I can see myself using it throughout the entire challenge. The app helps turn my goals into something I can monitor regularly. It is a good option for people who want a simple transformation tracker.
562	The interface makes tracking a Winter Arc feel straightforward. It is a nice way to turn motivation into consistent action. The no-cost experience makes it easy to start without hesitation. The progress tracking gives me a clear picture of my consistency.
563	This app makes my Winter Arc journey easier to track. It has helped me become more aware of my daily consistency. It is a nice way to turn motivation into consistent action. It is helpful to have my transformation activities organized in one place.
564	The experience is encouraging without making the process complicated. The overall idea is strong and the experience feels positive. I like being able to follow my journey instead of relying only on memory. The no-cost experience makes it easy to start without hesitation.
565	It gives me a simple way to stay accountable to my own goals. It is a nice way to turn motivation into consistent action. It has helped me become more aware of my daily consistency. The interface makes tracking a Winter Arc feel straightforward.
566	The app helps turn my goals into something I can monitor regularly. The combination of useful tracking and free access is impressive. It makes personal improvement feel more measurable. It is a nice way to turn motivation into consistent action.
567	The no-cost experience makes it easy to start without hesitation. The app gives my daily routine a much clearer structure. The daily tracking system encourages me to keep going. The tracking makes small improvements easier to notice.
568	The habit tracking helps me stay consistent from day to day. I can see myself using it throughout the entire challenge. I find the system useful for staying focused on my transformation. The combination of useful tracking and free access is impressive.
569	I can easily see whether I am actually following my routine. The tracking makes small improvements easier to notice. The app is amazing for something that is available at no cost. It gives me another reason to remain consistent with my goals.
570	It makes the challenge feel more structured and realistic. I like having one place to monitor my Winter Arc goals. I feel more motivated to maintain my routine after using it. The combination of useful tracking and free access is impressive.
571	It has helped me become more aware of my daily consistency. The app gives my daily routine a much clearer structure. The experience encourages me to keep improving little by little. The progress tracking gives me a clear picture of my consistency.
572	It feels genuinely helpful for building better habits. I like having one place to monitor my Winter Arc goals. I like being able to follow my journey instead of relying only on memory. It makes the challenge feel more structured and realistic.
573	The experience is encouraging without making the process complicated. It makes the challenge feel more structured and realistic. This app makes my Winter Arc journey easier to track. It gives me a simple way to stay accountable to my own goals.
574	The interface makes tracking a Winter Arc feel straightforward. I like that I can use the core tracking experience without paying. I can see myself using it throughout the entire challenge. It is helpful to have my transformation activities organized in one place.
575	It is helpful to have my transformation activities organized in one place. It helps me stay connected to the goals I set for myself. It feels genuinely helpful for building better habits. Overall, this is a good tool for following a personal Winter Arc.
576	The simple structure makes it easier to keep working toward improvement. The daily tracking system encourages me to keep going. The experience encourages me to keep improving little by little. I like that I can use the core tracking experience without paying.
577	This app has made my transformation journey easier to follow. It has helped me become more aware of my daily consistency. I appreciate that the main experience is free and accessible. The experience encourages me to keep improving little by little.
578	I enjoy checking my progress and seeing how consistent I have been. The simple structure makes it easier to keep working toward improvement. It is helpful to have my transformation activities organized in one place. I especially like how easy it is to check my progress.
579	I especially like how easy it is to check my progress. Tracking my progress here makes the whole challenge feel more organized. The simple structure makes it easier to keep working toward improvement. The no-cost experience makes it easy to start without hesitation.
580	The overall experience feels practical and motivating. This app has made my transformation journey easier to follow. It helps me stay connected to the goals I set for myself. For a free app, the overall concept is surprisingly useful.
581	I really like how this app organizes my transformation journey. It has become a useful part of my daily self-improvement routine. I especially like how easy it is to check my progress. Overall, this is a good tool for following a personal Winter Arc.
582	It is a good option for people who want a simple transformation tracker. This app makes my Winter Arc journey easier to track. It helps me stay connected to the goals I set for myself. I can easily see whether I am actually following my routine.
583	This app makes my Winter Arc journey easier to track. It makes the challenge feel more structured and realistic. For a free app, the overall concept is surprisingly useful. The habit tracking helps me stay consistent from day to day.
584	It helps me stay connected to the goals I set for myself. The Winter Arc tracking experience feels simple and motivating. It has become a useful part of my daily self-improvement routine. The tracking features make it easier to notice improvements in my routine.
585	I especially like how easy it is to check my progress. It has helped me become more aware of my daily consistency. Seeing my progress over time makes the journey feel more meaningful. The app is amazing for something that is available at no cost.
586	This is a useful way to keep track of daily transformation progress. I appreciate that the main experience is free and accessible. It makes personal improvement feel more measurable. The app helps turn my goals into something I can monitor regularly.
587	Seeing my progress over time makes the journey feel more meaningful. The no-cost experience makes it easy to start without hesitation. It feels genuinely helpful for building better habits. I really like how this app organizes my transformation journey.
588	The overall experience feels practical and motivating. It is a simple addition that makes the transformation journey more organized. I like having one place to monitor my Winter Arc goals. The app helps turn my goals into something I can monitor regularly.
589	Tracking my progress here makes the whole challenge feel more organized. The concept is simple, useful, and easy to understand. It has helped me become more aware of my daily consistency. It gives me a simple way to stay accountable to my own goals.
590	The app helps turn my goals into something I can monitor regularly. I think it can be genuinely useful for people doing a Winter Arc. I like having one place to monitor my Winter Arc goals. It gives me another reason to remain consistent with my goals.
591	The tracking features make it easier to notice improvements in my routine. The experience is encouraging without making the process complicated. The overall idea is strong and the experience feels positive. Tracking my progress here makes the whole challenge feel more organized.
592	I like being able to follow my journey instead of relying only on memory. It feels genuinely helpful for building better habits. The combination of useful tracking and free access is impressive. It makes the challenge feel more structured and realistic.
593	It gives me a simple way to stay accountable to my own goals. The experience encourages me to keep improving little by little. The overall experience feels practical and motivating. I appreciate that the main experience is free and accessible.
594	The app helps turn my goals into something I can monitor regularly. The Winter Arc tracking experience feels simple and motivating. The tracking makes small improvements easier to notice. I like that I can use the core tracking experience without paying.
595	It has become a useful part of my daily self-improvement routine. The progress tracking gives me a clear picture of my consistency. It is a simple addition that makes the transformation journey more organized. I appreciate that the main experience is free and accessible.
596	The tracking makes small improvements easier to notice. The overall experience feels practical and motivating. I like being able to follow my journey instead of relying only on memory. I like having one place to monitor my Winter Arc goals.
597	The concept is simple, useful, and easy to understand. I really like how this app organizes my transformation journey. The overall experience feels practical and motivating. I can easily see whether I am actually following my routine.
598	I feel more motivated to maintain my routine after using it. The no-cost experience makes it easy to start without hesitation. It gives me a simple way to stay accountable to my own goals. This app has made my transformation journey easier to follow.
599	It helps me stay connected to the goals I set for myself. The habit tracking helps me stay consistent from day to day. The experience is encouraging without making the process complicated. I really like how this app organizes my transformation journey.
600	It makes the challenge feel more structured and realistic. The combination of useful tracking and free access is impressive. I enjoy checking my progress and seeing how consistent I have been. The progress tracking gives me a clear picture of my consistency.
601	I would describe the experience as clean, helpful, and motivating. I can easily see whether I am actually following my routine. It feels genuinely helpful for building better habits. The interface makes tracking a Winter Arc feel straightforward.
602	The overall experience feels practical and motivating. The Winter Arc tracking experience feels simple and motivating. It is a nice way to turn motivation into consistent action. The daily tracking system encourages me to keep going.
603	I would describe the experience as clean, helpful, and motivating. I like being able to follow my journey instead of relying only on memory. It makes personal improvement feel more measurable. The Winter Arc tracking experience feels simple and motivating.
604	The tracking features make it easier to notice improvements in my routine. This app makes my Winter Arc journey easier to track. I feel more motivated to maintain my routine after using it. It is a nice way to turn motivation into consistent action.
605	I feel more motivated to maintain my routine after using it. The Winter Arc tracking experience feels simple and motivating. The daily tracking system encourages me to keep going. The no-cost experience makes it easy to start without hesitation.
606	It is helpful to have my transformation activities organized in one place. Tracking my progress here makes the whole challenge feel more organized. I can see myself using it throughout the entire challenge. The simple structure makes it easier to keep working toward improvement.
607	It makes personal improvement feel more measurable. I can see myself using it throughout the entire challenge. I like having one place to monitor my Winter Arc goals. For a free app, the overall concept is surprisingly useful.
608	I especially like how easy it is to check my progress. I really like how this app organizes my transformation journey. The app is amazing for something that is available at no cost. The habit tracking helps me stay consistent from day to day.
609	It helps me stay connected to the goals I set for myself. The app helps turn my goals into something I can monitor regularly. The no-cost experience makes it easy to start without hesitation. This is a useful way to keep track of daily transformation progress.
610	This app has made my transformation journey easier to follow. I find the system useful for staying focused on my transformation. I appreciate that the main experience is free and accessible. The experience encourages me to keep improving little by little.
611	I like being able to follow my journey instead of relying only on memory. It gives me another reason to remain consistent with my goals. I think it can be genuinely useful for people doing a Winter Arc. The interface makes tracking a Winter Arc feel straightforward.
612	I find the system useful for staying focused on my transformation. The progress tracking gives me a clear picture of my consistency. It helps me stay connected to the goals I set for myself. Overall, this is a good tool for following a personal Winter Arc.
613	The overall idea is strong and the experience feels positive. The Winter Arc tracking experience feels simple and motivating. The overall experience feels practical and motivating. The app is amazing for something that is available at no cost.
614	I enjoy checking my progress and seeing how consistent I have been. The tracking makes small improvements easier to notice. I find the system useful for staying focused on my transformation. I like being able to follow my journey instead of relying only on memory.
615	The tracking features make it easier to notice improvements in my routine. The overall idea is strong and the experience feels positive. I like that I can use the core tracking experience without paying. The interface makes tracking a Winter Arc feel straightforward.
616	I especially like how easy it is to check my progress. I like being able to follow my journey instead of relying only on memory. It has become a useful part of my daily self-improvement routine. It is a good option for people who want a simple transformation tracker.
617	It helps me stay connected to the goals I set for myself. The combination of useful tracking and free access is impressive. It gives me another reason to remain consistent with my goals. The Winter Arc tracking experience feels simple and motivating.
618	It has helped me become more aware of my daily consistency. I enjoy checking my progress and seeing how consistent I have been. I appreciate that the main experience is free and accessible. The tracking features make it easier to notice improvements in my routine.
619	It is a simple addition that makes the transformation journey more organized. The daily tracking system encourages me to keep going. The combination of useful tracking and free access is impressive. I find the system useful for staying focused on my transformation.
620	I think it can be genuinely useful for people doing a Winter Arc. It gives me another reason to remain consistent with my goals. I appreciate that the main experience is free and accessible. This app has made my transformation journey easier to follow.
621	The simple structure makes it easier to keep working toward improvement. The tracking makes small improvements easier to notice. I enjoy checking my progress and seeing how consistent I have been. The concept is simple, useful, and easy to understand.
622	I feel more motivated to maintain my routine after using it. It is helpful to have my transformation activities organized in one place. The app is amazing for something that is available at no cost. Tracking my progress here makes the whole challenge feel more organized.
623	The no-cost experience makes it easy to start without hesitation. The app helps turn my goals into something I can monitor regularly. This app has made my transformation journey easier to follow. The experience is encouraging without making the process complicated.
624	It is a nice way to turn motivation into consistent action. The overall experience feels practical and motivating. I can easily see whether I am actually following my routine. Tracking my progress here makes the whole challenge feel more organized.
625	It gives me a simple way to stay accountable to my own goals. I really like how this app organizes my transformation journey. It makes personal improvement feel more measurable. The concept is simple, useful, and easy to understand.
626	It makes the challenge feel more structured and realistic. The experience is encouraging without making the process complicated. The app gives my daily routine a much clearer structure. The app helps turn my goals into something I can monitor regularly.
627	The experience is encouraging without making the process complicated. I think it can be genuinely useful for people doing a Winter Arc. The tracking features make it easier to notice improvements in my routine. The concept is simple, useful, and easy to understand.
628	The interface makes tracking a Winter Arc feel straightforward. I can see myself using it throughout the entire challenge. The progress tracking gives me a clear picture of my consistency. The app is amazing for something that is available at no cost.
629	This app has made my transformation journey easier to follow. I think it can be genuinely useful for people doing a Winter Arc. The tracking features make it easier to notice improvements in my routine. The combination of useful tracking and free access is impressive.
630	The overall experience feels practical and motivating. Overall, this is a good tool for following a personal Winter Arc. The overall idea is strong and the experience feels positive. The Winter Arc tracking experience feels simple and motivating.
631	The no-cost experience makes it easy to start without hesitation. It makes the challenge feel more structured and realistic. It has become a useful part of my daily self-improvement routine. The interface makes tracking a Winter Arc feel straightforward.
632	It gives me a simple way to stay accountable to my own goals. I enjoy checking my progress and seeing how consistent I have been. It is a simple addition that makes the transformation journey more organized. It gives me another reason to remain consistent with my goals.
633	The no-cost experience makes it easy to start without hesitation. Tracking my progress here makes the whole challenge feel more organized. It feels genuinely helpful for building better habits. The tracking makes small improvements easier to notice.
634	Overall, this is a good tool for following a personal Winter Arc. It is helpful to have my transformation activities organized in one place. Tracking my progress here makes the whole challenge feel more organized. The simple structure makes it easier to keep working toward improvement.
635	I really like how this app organizes my transformation journey. The app is amazing for something that is available at no cost. The experience encourages me to keep improving little by little. The progress tracking gives me a clear picture of my consistency.
636	The tracking features make it easier to notice improvements in my routine. I appreciate that the main experience is free and accessible. I can see myself using it throughout the entire challenge. This app has made my transformation journey easier to follow.
637	The overall idea is strong and the experience feels positive. Tracking my progress here makes the whole challenge feel more organized. The tracking features make it easier to notice improvements in my routine. Overall, this is a good tool for following a personal Winter Arc.
638	The experience is encouraging without making the process complicated. It gives me a simple way to stay accountable to my own goals. It is a nice way to turn motivation into consistent action. I like having one place to monitor my Winter Arc goals.
639	I enjoy checking my progress and seeing how consistent I have been. The simple structure makes it easier to keep working toward improvement. It gives me a simple way to stay accountable to my own goals. The no-cost experience makes it easy to start without hesitation.
640	It is a good option for people who want a simple transformation tracker. The overall experience feels practical and motivating. The experience encourages me to keep improving little by little. I enjoy checking my progress and seeing how consistent I have been.
641	It gives me another reason to remain consistent with my goals. The concept is simple, useful, and easy to understand. The app helps turn my goals into something I can monitor regularly. I think it can be genuinely useful for people doing a Winter Arc.
642	The Winter Arc tracking experience feels simple and motivating. I appreciate that the main experience is free and accessible. I like being able to follow my journey instead of relying only on memory. The overall experience feels practical and motivating.
643	This app makes my Winter Arc journey easier to track. It is a nice way to turn motivation into consistent action. The daily tracking system encourages me to keep going. I feel more motivated to maintain my routine after using it.
644	I feel more motivated to maintain my routine after using it. It makes the challenge feel more structured and realistic. This app has made my transformation journey easier to follow. Overall, this is a good tool for following a personal Winter Arc.
645	I can see myself using it throughout the entire challenge. I like having one place to monitor my Winter Arc goals. It is helpful to have my transformation activities organized in one place. The concept is simple, useful, and easy to understand.
646	It makes personal improvement feel more measurable. I would describe the experience as clean, helpful, and motivating. The overall idea is strong and the experience feels positive. I like being able to follow my journey instead of relying only on memory.
647	The app gives my daily routine a much clearer structure. I can see myself using it throughout the entire challenge. Overall, this is a good tool for following a personal Winter Arc. The habit tracking helps me stay consistent from day to day.
648	For a free app, the overall concept is surprisingly useful. It has become a useful part of my daily self-improvement routine. The progress tracking gives me a clear picture of my consistency. The interface makes tracking a Winter Arc feel straightforward.
649	It is a nice way to turn motivation into consistent action. I feel more motivated to maintain my routine after using it. I would describe the experience as clean, helpful, and motivating. I really like how this app organizes my transformation journey.
650	The progress tracking gives me a clear picture of my consistency. I especially like how easy it is to check my progress. The Winter Arc tracking experience feels simple and motivating. Overall, this is a good tool for following a personal Winter Arc.
651	The overall idea is strong and the experience feels positive. The app gives my daily routine a much clearer structure. Overall, this is a good tool for following a personal Winter Arc. It gives me another reason to remain consistent with my goals.
652	I think it can be genuinely useful for people doing a Winter Arc. It has become a useful part of my daily self-improvement routine. This app has made my transformation journey easier to follow. For a free app, the overall concept is surprisingly useful.
653	I like that I can use the core tracking experience without paying. I enjoy checking my progress and seeing how consistent I have been. I think it can be genuinely useful for people doing a Winter Arc. It has helped me become more aware of my daily consistency.
654	The app helps turn my goals into something I can monitor regularly. I like that I can use the core tracking experience without paying. The experience encourages me to keep improving little by little. The simple structure makes it easier to keep working toward improvement.
655	It helps me stay connected to the goals I set for myself. The simple structure makes it easier to keep working toward improvement. Seeing my progress over time makes the journey feel more meaningful. I enjoy checking my progress and seeing how consistent I have been.
656	It has become a useful part of my daily self-improvement routine. The app helps turn my goals into something I can monitor regularly. The concept is simple, useful, and easy to understand. I think it can be genuinely useful for people doing a Winter Arc.
657	It helps me stay connected to the goals I set for myself. It has become a useful part of my daily self-improvement routine. I like that I can use the core tracking experience without paying. The Winter Arc tracking experience feels simple and motivating.
658	The simple structure makes it easier to keep working toward improvement. Seeing my progress over time makes the journey feel more meaningful. The overall idea is strong and the experience feels positive. This is a useful way to keep track of daily transformation progress.
659	I like that I can use the core tracking experience without paying. I really like how this app organizes my transformation journey. The habit tracking helps me stay consistent from day to day. It helps me stay connected to the goals I set for myself.
660	It is helpful to have my transformation activities organized in one place. I like that I can use the core tracking experience without paying. The tracking makes small improvements easier to notice. This is a useful way to keep track of daily transformation progress.
661	It has helped me become more aware of my daily consistency. This app has made my transformation journey easier to follow. I especially like how easy it is to check my progress. The concept is simple, useful, and easy to understand.
662	It gives me another reason to remain consistent with my goals. I like being able to follow my journey instead of relying only on memory. It is a nice way to turn motivation into consistent action. The Winter Arc tracking experience feels simple and motivating.
663	I feel more motivated to maintain my routine after using it. It is helpful to have my transformation activities organized in one place. It makes the challenge feel more structured and realistic. I enjoy checking my progress and seeing how consistent I have been.
664	I enjoy checking my progress and seeing how consistent I have been. Overall, this is a good tool for following a personal Winter Arc. The simple structure makes it easier to keep working toward improvement. It is a nice way to turn motivation into consistent action.
665	The interface makes tracking a Winter Arc feel straightforward. I find the system useful for staying focused on my transformation. It gives me a simple way to stay accountable to my own goals. I can see myself using it throughout the entire challenge.
666	It gives me a simple way to stay accountable to my own goals. The concept is simple, useful, and easy to understand. Tracking my progress here makes the whole challenge feel more organized. I can see myself using it throughout the entire challenge.
667	The overall experience feels practical and motivating. This app makes my Winter Arc journey easier to track. Seeing my progress over time makes the journey feel more meaningful. The combination of useful tracking and free access is impressive.
668	It feels genuinely helpful for building better habits. I can see myself using it throughout the entire challenge. The combination of useful tracking and free access is impressive. The progress tracking gives me a clear picture of my consistency.
669	The combination of useful tracking and free access is impressive. It is a simple addition that makes the transformation journey more organized. Seeing my progress over time makes the journey feel more meaningful. The simple structure makes it easier to keep working toward improvement.
670	This app makes my Winter Arc journey easier to track. The app is amazing for something that is available at no cost. The app helps turn my goals into something I can monitor regularly. I can see myself using it throughout the entire challenge.
671	It makes personal improvement feel more measurable. For a free app, the overall concept is surprisingly useful. I especially like how easy it is to check my progress. I really like how this app organizes my transformation journey.
672	The simple structure makes it easier to keep working toward improvement. The daily tracking system encourages me to keep going. The Winter Arc tracking experience feels simple and motivating. The tracking makes small improvements easier to notice.
673	The app gives my daily routine a much clearer structure. I can easily see whether I am actually following my routine. I would describe the experience as clean, helpful, and motivating. It has become a useful part of my daily self-improvement routine.
674	The app is amazing for something that is available at no cost. The tracking features make it easier to notice improvements in my routine. The experience is encouraging without making the process complicated. The overall idea is strong and the experience feels positive.
675	It is a nice way to turn motivation into consistent action. Tracking my progress here makes the whole challenge feel more organized. For a free app, the overall concept is surprisingly useful. It makes personal improvement feel more measurable.
676	I like that I can use the core tracking experience without paying. I can easily see whether I am actually following my routine. The experience is encouraging without making the process complicated. The app gives my daily routine a much clearer structure.
677	The overall experience feels practical and motivating. The tracking features make it easier to notice improvements in my routine. I like having one place to monitor my Winter Arc goals. For a free app, the overall concept is surprisingly useful.
678	The progress tracking gives me a clear picture of my consistency. The combination of useful tracking and free access is impressive. It makes personal improvement feel more measurable. The interface makes tracking a Winter Arc feel straightforward.
679	This is a useful way to keep track of daily transformation progress. It makes personal improvement feel more measurable. Overall, this is a good tool for following a personal Winter Arc. It makes the challenge feel more structured and realistic.
680	The app gives my daily routine a much clearer structure. The habit tracking helps me stay consistent from day to day. It makes the challenge feel more structured and realistic. Overall, this is a good tool for following a personal Winter Arc.
681	The Winter Arc tracking experience feels simple and motivating. The overall idea is strong and the experience feels positive. The no-cost experience makes it easy to start without hesitation. I can easily see whether I am actually following my routine.
682	Seeing my progress over time makes the journey feel more meaningful. It is a simple addition that makes the transformation journey more organized. It is a good option for people who want a simple transformation tracker. It has helped me become more aware of my daily consistency.
683	I feel more motivated to maintain my routine after using it. It is helpful to have my transformation activities organized in one place. It is a good option for people who want a simple transformation tracker. It is a nice way to turn motivation into consistent action.
684	The interface makes tracking a Winter Arc feel straightforward. It has helped me become more aware of my daily consistency. The concept is simple, useful, and easy to understand. The app helps turn my goals into something I can monitor regularly.
685	The app is amazing for something that is available at no cost. It is a simple addition that makes the transformation journey more organized. This is a useful way to keep track of daily transformation progress. It has helped me become more aware of my daily consistency.
686	The habit tracking helps me stay consistent from day to day. I would describe the experience as clean, helpful, and motivating. This app has made my transformation journey easier to follow. It feels genuinely helpful for building better habits.
687	I really like how this app organizes my transformation journey. The daily tracking system encourages me to keep going. It helps me stay connected to the goals I set for myself. It feels genuinely helpful for building better habits.
688	The experience encourages me to keep improving little by little. The experience is encouraging without making the process complicated. The daily tracking system encourages me to keep going. The app gives my daily routine a much clearer structure.
689	It makes the challenge feel more structured and realistic. This is a useful way to keep track of daily transformation progress. The tracking features make it easier to notice improvements in my routine. I like that I can use the core tracking experience without paying.
690	It is a simple addition that makes the transformation journey more organized. The overall experience feels practical and motivating. I appreciate that the main experience is free and accessible. I can easily see whether I am actually following my routine.
691	It gives me another reason to remain consistent with my goals. The overall idea is strong and the experience feels positive. I would describe the experience as clean, helpful, and motivating. This app has made my transformation journey easier to follow.
692	I can easily see whether I am actually following my routine. It has helped me become more aware of my daily consistency. This app makes my Winter Arc journey easier to track. The no-cost experience makes it easy to start without hesitation.
693	I feel more motivated to maintain my routine after using it. It makes the challenge feel more structured and realistic. The app is amazing for something that is available at no cost. The habit tracking helps me stay consistent from day to day.
694	The tracking makes small improvements easier to notice. The simple structure makes it easier to keep working toward improvement. The interface makes tracking a Winter Arc feel straightforward. The progress tracking gives me a clear picture of my consistency.
695	I enjoy checking my progress and seeing how consistent I have been. I think it can be genuinely useful for people doing a Winter Arc. I find the system useful for staying focused on my transformation. The combination of useful tracking and free access is impressive.
696	I like having one place to monitor my Winter Arc goals. The experience encourages me to keep improving little by little. It has helped me become more aware of my daily consistency. The combination of useful tracking and free access is impressive.
697	The app gives my daily routine a much clearer structure. It has helped me become more aware of my daily consistency. The tracking features make it easier to notice improvements in my routine. It makes the challenge feel more structured and realistic.
698	I like that I can use the core tracking experience without paying. Tracking my progress here makes the whole challenge feel more organized. It is a simple addition that makes the transformation journey more organized. It has helped me become more aware of my daily consistency.
699	I appreciate that the main experience is free and accessible. Tracking my progress here makes the whole challenge feel more organized. I find the system useful for staying focused on my transformation. Seeing my progress over time makes the journey feel more meaningful.
700	Seeing my progress over time makes the journey feel more meaningful. It feels genuinely helpful for building better habits. I think it can be genuinely useful for people doing a Winter Arc. The no-cost experience makes it easy to start without hesitation.
701	I can see myself using it throughout the entire challenge. I like being able to follow my journey instead of relying only on memory. The combination of useful tracking and free access is impressive. I feel more motivated to maintain my routine after using it.
702	The Winter Arc tracking experience feels simple and motivating. It gives me a simple way to stay accountable to my own goals. The concept is simple, useful, and easy to understand. The experience encourages me to keep improving little by little.
703	It has become a useful part of my daily self-improvement routine. It is a good option for people who want a simple transformation tracker. I especially like how easy it is to check my progress. This app makes my Winter Arc journey easier to track.
704	I like that I can use the core tracking experience without paying. I enjoy checking my progress and seeing how consistent I have been. I especially like how easy it is to check my progress. I like being able to follow my journey instead of relying only on memory.
705	It helps me stay connected to the goals I set for myself. It has helped me become more aware of my daily consistency. The tracking features make it easier to notice improvements in my routine. For a free app, the overall concept is surprisingly useful.
706	The app helps turn my goals into something I can monitor regularly. I find the system useful for staying focused on my transformation. For a free app, the overall concept is surprisingly useful. This is a useful way to keep track of daily transformation progress.
707	It helps me stay connected to the goals I set for myself. It is a good option for people who want a simple transformation tracker. The app gives my daily routine a much clearer structure. It feels genuinely helpful for building better habits.
708	It helps me stay connected to the goals I set for myself. The habit tracking helps me stay consistent from day to day. I appreciate that the main experience is free and accessible. It makes personal improvement feel more measurable.
709	I find the system useful for staying focused on my transformation. I really like how this app organizes my transformation journey. For a free app, the overall concept is surprisingly useful. It is a simple addition that makes the transformation journey more organized.
710	The Winter Arc tracking experience feels simple and motivating. It has become a useful part of my daily self-improvement routine. Overall, this is a good tool for following a personal Winter Arc. It makes the challenge feel more structured and realistic.
711	It makes the challenge feel more structured and realistic. For a free app, the overall concept is surprisingly useful. The app gives my daily routine a much clearer structure. It gives me a simple way to stay accountable to my own goals.
712	I think it can be genuinely useful for people doing a Winter Arc. This app has made my transformation journey easier to follow. It makes personal improvement feel more measurable. The no-cost experience makes it easy to start without hesitation.
713	It gives me a simple way to stay accountable to my own goals. I can see myself using it throughout the entire challenge. It has helped me become more aware of my daily consistency. Overall, this is a good tool for following a personal Winter Arc.
714	I can easily see whether I am actually following my routine. Overall, this is a good tool for following a personal Winter Arc. It makes personal improvement feel more measurable. Tracking my progress here makes the whole challenge feel more organized.
715	The app helps turn my goals into something I can monitor regularly. It has become a useful part of my daily self-improvement routine. I especially like how easy it is to check my progress. Tracking my progress here makes the whole challenge feel more organized.
716	The concept is simple, useful, and easy to understand. I like being able to follow my journey instead of relying only on memory. It makes the challenge feel more structured and realistic. The Winter Arc tracking experience feels simple and motivating.
717	Tracking my progress here makes the whole challenge feel more organized. The daily tracking system encourages me to keep going. It is a good option for people who want a simple transformation tracker. It is a simple addition that makes the transformation journey more organized.
718	It feels genuinely helpful for building better habits. I enjoy checking my progress and seeing how consistent I have been. It makes the challenge feel more structured and realistic. The progress tracking gives me a clear picture of my consistency.
719	Overall, this is a good tool for following a personal Winter Arc. I especially like how easy it is to check my progress. I like being able to follow my journey instead of relying only on memory. I like having one place to monitor my Winter Arc goals.
720	This is a useful way to keep track of daily transformation progress. It is a good option for people who want a simple transformation tracker. The experience is encouraging without making the process complicated. The daily tracking system encourages me to keep going.
721	I think it can be genuinely useful for people doing a Winter Arc. I really like how this app organizes my transformation journey. The concept is simple, useful, and easy to understand. The habit tracking helps me stay consistent from day to day.
722	I can see myself using it throughout the entire challenge. The app is amazing for something that is available at no cost. The app helps turn my goals into something I can monitor regularly. This app makes my Winter Arc journey easier to track.
723	The app is amazing for something that is available at no cost. I especially like how easy it is to check my progress. I can easily see whether I am actually following my routine. I enjoy checking my progress and seeing how consistent I have been.
724	This is a useful way to keep track of daily transformation progress. I especially like how easy it is to check my progress. The concept is simple, useful, and easy to understand. The app helps turn my goals into something I can monitor regularly.
725	It is a good option for people who want a simple transformation tracker. The experience is encouraging without making the process complicated. Seeing my progress over time makes the journey feel more meaningful. I especially like how easy it is to check my progress.
726	The interface makes tracking a Winter Arc feel straightforward. I especially like how easy it is to check my progress. It gives me a simple way to stay accountable to my own goals. I appreciate that the main experience is free and accessible.
727	The overall idea is strong and the experience feels positive. It gives me a simple way to stay accountable to my own goals. It gives me another reason to remain consistent with my goals. For a free app, the overall concept is surprisingly useful.
728	The overall experience feels practical and motivating. I can see myself using it throughout the entire challenge. Seeing my progress over time makes the journey feel more meaningful. The combination of useful tracking and free access is impressive.
729	Seeing my progress over time makes the journey feel more meaningful. I enjoy checking my progress and seeing how consistent I have been. I like that I can use the core tracking experience without paying. It feels genuinely helpful for building better habits.
730	Tracking my progress here makes the whole challenge feel more organized. It is a good option for people who want a simple transformation tracker. It is a simple addition that makes the transformation journey more organized. It is helpful to have my transformation activities organized in one place.
731	I like that I can use the core tracking experience without paying. The experience is encouraging without making the process complicated. It helps me stay connected to the goals I set for myself. I like being able to follow my journey instead of relying only on memory.
732	I appreciate that the main experience is free and accessible. The experience is encouraging without making the process complicated. The app gives my daily routine a much clearer structure. The daily tracking system encourages me to keep going.
733	It gives me a simple way to stay accountable to my own goals. The Winter Arc tracking experience feels simple and motivating. The overall idea is strong and the experience feels positive. The app is amazing for something that is available at no cost.
734	The app is amazing for something that is available at no cost. The experience is encouraging without making the process complicated. I especially like how easy it is to check my progress. The progress tracking gives me a clear picture of my consistency.
735	It gives me a simple way to stay accountable to my own goals. It is a nice way to turn motivation into consistent action. The combination of useful tracking and free access is impressive. I really like how this app organizes my transformation journey.
736	I enjoy checking my progress and seeing how consistent I have been. The experience is encouraging without making the process complicated. The app is amazing for something that is available at no cost. It is a nice way to turn motivation into consistent action.
737	Seeing my progress over time makes the journey feel more meaningful. It feels genuinely helpful for building better habits. Tracking my progress here makes the whole challenge feel more organized. I think it can be genuinely useful for people doing a Winter Arc.
738	I can easily see whether I am actually following my routine. I really like how this app organizes my transformation journey. I can see myself using it throughout the entire challenge. It feels genuinely helpful for building better habits.
739	Overall, this is a good tool for following a personal Winter Arc. The experience is encouraging without making the process complicated. The progress tracking gives me a clear picture of my consistency. I especially like how easy it is to check my progress.
740	It gives me a simple way to stay accountable to my own goals. I find the system useful for staying focused on my transformation. For a free app, the overall concept is surprisingly useful. The Winter Arc tracking experience feels simple a