no,email
1,piyush.chauhan97@gmail.com
2,eagle_vikas46@gmail.com
3,sumit.khan8@gmail.com
4,veer_saini@gmail.com
5,rtk829@gmail.com
6,eagle491@gmail.com
7,chirag_thakur9@gmail.com
8,smt814@gmail.com
9,priya.raj56@gmail.com
10,ireddy27@gmail.com
11,chrg567@gmail.com
12,golu_naman88@gmail.com
13,abhi3026@gmail.com
14,anj621@gmail.com
15,tanvi.patel92@gmail.com
16,sahil.jha41@gmail.com
17,babu286@gmail.com
18,turbo596@gmail.com
19,om_sharma@gmail.com
20,thunder94@gmail.com
21,simran.patel18@gmail.com
22,zaid8393@gmail.com
23,arman.bhatt68@gmail.com
24,vivek.mishra17@gmail.com
25,srj859@gmail.com
26,mystic882@gmail.com
27,snh511@gmail.com
28,naman3999@gmail.com
29,sniper491@gmail.com
30,divya5157@gmail.com
31,rtsh559@gmail.com
32,orbit763@gmail.com
33,arman2097@gmail.com
34,rocky315@gmail.com
35,abhay9088@gmail.com
36,suraj.rana65@gmail.com
37,schauhan974@gmail.com
38,nishaa2000@gmail.com
39,kunal.iyer18@gmail.com
40,ninja816@gmail.com
41,guddu838@gmail.com
42,storm52@gmail.com
43,dnair637@gmail.com
44,gpatel569@gmail.com
45,jiya.das66@gmail.com
46,pintu131@gmail.com
47,deepak2156@gmail.com
48,kavya_patel@gmail.com
49,pysh980@gmail.com
50,shubham_ali63@gmail.com
51,imran.chauhan54@gmail.com
52,aysh180@gmail.com
53,piyush.kumar21@gmail.com
54,ndas425@gmail.com
55,dragon772@gmail.com
56,simran2747@gmail.com
57,pooja_tiwari16@gmail.com
58,pixel163@gmail.com
59,orbit_vivek30@gmail.com
60,zy086@gmail.com
61,sshah968@gmail.com
62,rreddy217@gmail.com
63,nehap2001@gmail.com
64,anj348@gmail.com
65,veerj2003@gmail.com
66,sniper_kabir48@gmail.com
67,pixel388@gmail.com
68,lion_rohit81@gmail.com
69,tshr278@gmail.com
70,anjl394@gmail.com
71,kjoshi867@gmail.com
72,smt176@gmail.com
73,sachin_khan59@gmail.com
74,lakshya.gupta60@gmail.com
75,diyar2006@gmail.com
76,sonams2008@gmail.com
77,nmn517@gmail.com
78,veer.roy95@gmail.com
79,shbhm143@gmail.com
80,megha.patel26@gmail.com
81,ghost398@gmail.com
82,eagle989@gmail.com
83,mgh129@gmail.com
84,abhi4645@gmail.com
85,priya9106@gmail.com
86,harsh2520@gmail.com
87,sahil6712@gmail.com
88,sachin9634@gmail.com
89,sniper576@gmail.com
90,divya_ahmed@gmail.com
91,spatel603@gmail.com
92,rtk971@gmail.com
93,diya.tiwari7@gmail.com
94,ayaan_jha56@gmail.com
95,pnkj805@gmail.com
96,nsh769@gmail.com
97,mohit4913@gmail.com
98,lion57@gmail.com
99,veer.pandey48@gmail.com
100,aditi.joshi33@gmail.com
101,snm339@gmail.com
102,kavya9795@gmail.com
103,ntsh286@gmail.com
104,shubham2718@gmail.com
105,tanvi8365@gmail.com
106,arnav.chauhan59@gmail.com
107,njha376@gmail.com
108,diyar2000@gmail.com
109,nkhl132@gmail.com
110,riya_dubey93@gmail.com
111,juhi.paul93@gmail.com
112,golu428@gmail.com
113,rocky942@gmail.com
114,sara.sharma31@gmail.com
115,rebel352@gmail.com
116,mohit_paul@gmail.com
117,zero681@gmail.com
118,turbo35@gmail.com
119,anjali_gupta@gmail.com
120,naman.yadav12@gmail.com
121,jahmed852@gmail.com
122,abhay.kumar56@gmail.com
123,blaze_ankit54@gmail.com
124,frost408@gmail.com
125,nh819@gmail.com
126,mskn107@gmail.com
127,aroy71@gmail.com
128,shbhm098@gmail.com
129,lucky4921@gmail.com
130,rishi_ali@gmail.com
131,rahul_ali@gmail.com
132,ghost830@gmail.com
133,nitish2557@gmail.com
134,karan9326@gmail.com
135,amit7914@gmail.com
136,anuj7088@gmail.com
137,pixel519@gmail.com
138,ritika7275@gmail.com
139,rinku117@gmail.com
140,adt077@gmail.com
141,lshah55@gmail.com
142,juhi.mishra2@gmail.com
143,aroy687@gmail.com
144,dragon_kavya5@gmail.com
145,jiya_shah47@gmail.com
146,kabir.saini79@gmail.com
147,tanvi.shah32@gmail.com
148,frost343@gmail.com
149,ayush_ahmed@gmail.com
150,yash_gupta@gmail.com
151,anjali3188@gmail.com
152,rocky175@gmail.com
153,zd327@gmail.com
154,zy881@gmail.com
155,abhit2003@gmail.com
156,imranr2003@gmail.com
157,rishi5434@gmail.com
158,lion854@gmail.com
159,faizg2006@gmail.com
160,neha_yadav69@gmail.com
161,divya_das@gmail.com
162,snehag2006@gmail.com
163,storm_khushi70@gmail.com
164,rohits2002@gmail.com
165,deepak.nair15@gmail.com
166,komal2091@gmail.com
167,rinku396@gmail.com
168,cyber112@gmail.com
169,jatin_yadav@gmail.com
170,jh232@gmail.com
171,rohit2299@gmail.com
172,rocky_muskan96@gmail.com
173,djha641@gmail.com
174,lkshy051@gmail.com
175,sachin.khan83@gmail.com
176,chirag.singh24@gmail.com
177,hunter662@gmail.com
178,snm373@gmail.com
179,neha6103@gmail.com
180,imran.gupta28@gmail.com
181,npandey113@gmail.com
182,eagle_jiya92@gmail.com
183,deepak_gupta@gmail.com
184,shl798@gmail.com
185,ritika894@gmail.com
186,rinku_vikas25@gmail.com
187,ygupta173@gmail.com
188,chotu912@gmail.com
189,sara5704@gmail.com
190,aarava2006@gmail.com
191,neha3498@gmail.com
192,thunder899@gmail.com
193,zaidi2004@gmail.com
194,lucky_pandey55@gmail.com
195,dev6266@gmail.com
196,arman_rana@gmail.com
197,traj168@gmail.com
198,ishn176@gmail.com
199,parth.rana57@gmail.com
200,aryan_patel26@gmail.com
201,tiger265@gmail.com
202,vikasr2004@gmail.com
203,hawk657@gmail.com
204,guddu651@gmail.com
205,blaze111@gmail.com
206,smrn951@gmail.com
207,kavya_roy@gmail.com
208,komal.paul43@gmail.com
209,rht915@gmail.com
210,arv092@gmail.com
211,rtk432@gmail.com
212,abhi1908@gmail.com
213,kbr483@gmail.com
214,divya.shah55@gmail.com
215,ritesh7747@gmail.com
216,anjali1007@gmail.com
217,chrg716@gmail.com
218,ghost572@gmail.com
219,sksh595@gmail.com
220,ayaan3312@gmail.com
221,arman.mishra78@gmail.com
222,imrn692@gmail.com
223,viper263@gmail.com
224,rohit8555@gmail.com
225,titan602@gmail.com
226,payal_joshi13@gmail.com
227,nova_ankit35@gmail.com
228,nova405@gmail.com
229,knl802@gmail.com
230,snh402@gmail.com
231,cyber93@gmail.com
232,khsh744@gmail.com
233,chirag.shah27@gmail.com
234,ish002@gmail.com
235,shl349@gmail.com
236,khushir2008@gmail.com
237,ravi8021@gmail.com
238,sara8953@gmail.com
239,payalr2001@gmail.com
240,jy333@gmail.com
241,arnav.tiwari47@gmail.com
242,pysh712@gmail.com
243,ry397@gmail.com
244,neha_singh@gmail.com
245,rohit_pandey@gmail.com
246,diya6167@gmail.com
247,piyush_ahmed@gmail.com
248,jatin6731@gmail.com
249,arnav649@gmail.com
250,yahmed577@gmail.com
251,babu_nitish60@gmail.com
252,ravi_bhatt91@gmail.com
253,ysh678@gmail.com
254,ry545@gmail.com
255,pintu942@gmail.com
256,ankit_dubey53@gmail.com
257,manisha2007@gmail.com
258,wolf547@gmail.com
259,snair987@gmail.com
260,rtk268@gmail.com
261,vks420@gmail.com
262,ananya6016@gmail.com
263,pixel604@gmail.com
264,deepak7421@gmail.com
265,chotu1@gmail.com
266,manish_paul@gmail.com
267,rahul.pandey37@gmail.com
268,sonu_parth66@gmail.com
269,sniper_ishaan60@gmail.com
270,ravi661@gmail.com
271,dev.verma25@gmail.com
272,dv726@gmail.com
273,arnv480@gmail.com
274,ravi4295@gmail.com
275,blaze487@gmail.com
276,vikas5580@gmail.com
277,ninja705@gmail.com
278,rtsh999@gmail.com
279,aysh247@gmail.com
280,sara.saini72@gmail.com
281,tanmay7112@gmail.com
282,anuj.jha66@gmail.com
283,simran2465@gmail.com
284,kavya.nair81@gmail.com
285,smehta209@gmail.com
286,storm_x307@gmail.com
287,sakshi3078@gmail.com
288,rebel223@gmail.com
289,ishaans2006@gmail.com
290,bunty198@gmail.com
291,rocky373@gmail.com
292,pintu_sara98@gmail.com
293,falcon850@gmail.com
294,kavya.chauhan46@gmail.com
295,sachin8172@gmail.com
296,sr054@gmail.com
297,ninja198@gmail.com
298,comet888@gmail.com
299,vikas_sharma@gmail.com
300,ananyac2004@gmail.com
301,ritika.chauhan88@gmail.com
302,shbhm013@gmail.com
303,achauhan476@gmail.com
304,viper982@gmail.com
305,ayush.raj70@gmail.com
306,adt322@gmail.com
307,nkhl877@gmail.com
308,sonu_jatin74@gmail.com
309,phoenix47@gmail.com
310,rahul7651@gmail.com
311,thunder670@gmail.com
312,shl917@gmail.com
313,mskn097@gmail.com
314,kabir2704@gmail.com
315,abhy730@gmail.com
316,raja243@gmail.com
317,raj_kumar@gmail.com
318,gauravk2005@gmail.com
319,abhayr2008@gmail.com
320,isha_iyer60@gmail.com
321,anjali.raj85@gmail.com
322,guddu643@gmail.com
323,rishir2007@gmail.com
324,diya.raj44@gmail.com
325,tiger_veer11@gmail.com
326,athakur839@gmail.com
327,lucky_raj7@gmail.com
328,anuj6657@gmail.com
329,zero66@gmail.com
330,tnv749@gmail.com
331,raj393@gmail.com
332,turbo150@gmail.com
333,tanmay.shah76@gmail.com
334,tanmay_ahmed@gmail.com
335,ravi.yadav64@gmail.com
336,rtk867@gmail.com
337,alpha847@gmail.com
338,jh855@gmail.com
339,deepaks2006@gmail.com
340,harsh.sharma12@gmail.com
341,dpk357@gmail.com
342,zoya1345@gmail.com
343,comet327@gmail.com
344,arman5164@gmail.com
345,ayaanj2005@gmail.com
346,mskn896@gmail.com
347,om6572@gmail.com
348,guddu633@gmail.com
349,rhl980@gmail.com
350,arnav6792@gmail.com
351,atiwari119@gmail.com
352,anny251@gmail.com
353,chirag6842@gmail.com
354,ritika3729@gmail.com
355,ishaanv2006@gmail.com
356,sumit.bhatt48@gmail.com
357,ayn260@gmail.com
358,nova62@gmail.com
359,opatel387@gmail.com
360,amit.roy10@gmail.com
361,rahul.thakur2@gmail.com
362,ember181@gmail.com
363,karan1137@gmail.com
364,knl984@gmail.com
365,ltiwari605@gmail.com
366,shreya8981@gmail.com
367,tshr558@gmail.com
368,faiz.reddy47@gmail.com
369,abhi.das43@gmail.com
370,aditi.das47@gmail.com
371,yash8514@gmail.com
372,khsh939@gmail.com
373,sara6805@gmail.com
374,nitish_verma@gmail.com
375,rebel851@gmail.com
376,ayn032@gmail.com
377,tanmay.ahmed26@gmail.com
378,dev_raj@gmail.com
379,juhi3187@gmail.com
380,aditit2007@gmail.com
381,rreddy57@gmail.com
382,sumit.ali34@gmail.com
383,muskan.bhatt1@gmail.com
384,dahmed284@gmail.com
385,ananya_jha@gmail.com
386,rohit.reddy20@gmail.com
387,ayushm2003@gmail.com
388,asingh256@gmail.com
389,rv235@gmail.com
390,tanmay9486@gmail.com
391,krn127@gmail.com
392,isha.reddy84@gmail.com
393,aditi.yadav91@gmail.com
394,nikhil5286@gmail.com
395,sr287@gmail.com
396,diya.reddy11@gmail.com
397,payal_gupta@gmail.com
398,tushar_iyer@gmail.com
399,ayush_gupta@gmail.com
400,muskan.joshi88@gmail.com
401,veer4873@gmail.com
402,muskan.roy53@gmail.com
403,sahil.pandey35@gmail.com
404,rverma639@gmail.com
405,sahil4442@gmail.com
406,rogue825@gmail.com
407,sjoshi180@gmail.com
408,juhi_mishra@gmail.com
409,saraa2003@gmail.com
410,muskanp2002@gmail.com
411,isha.verma16@gmail.com
412,payal.singh93@gmail.com
413,kvy736@gmail.com
414,vivekv2000@gmail.com
415,khsh092@gmail.com
416,turbo881@gmail.com
417,ember_neha49@gmail.com
418,suraj_yadav28@gmail.com
419,ishaan5305@gmail.com
420,dpk265@gmail.com
421,pintu_deepak55@gmail.com
422,arman4320@gmail.com
423,raj1465@gmail.com
424,gauravg2001@gmail.com
425,zero571@gmail.com
426,komal_das@gmail.com
427,diya.sharma67@gmail.com
428,ayaan9540@gmail.com
429,tshr599@gmail.com
430,eagle134@gmail.com
431,deepak6641@gmail.com
432,arnav_reddy@gmail.com
433,wolf887@gmail.com
434,viper147@gmail.com
435,ankit.das24@gmail.com
436,anjali_reddy@gmail.com
437,pooja.paul16@gmail.com
438,nsh927@gmail.com
439,jrana216@gmail.com
440,rocky80@gmail.com
441,yash311@gmail.com
442,pj168@gmail.com
443,kavya1280@gmail.com
444,raj155@gmail.com
445,skumar880@gmail.com
446,anuj1235@gmail.com
447,rogue_riya94@gmail.com
448,shadow60@gmail.com
449,abhi_raj@gmail.com
450,rogue49@gmail.com
451,jiya6597@gmail.com
452,anuj4560@gmail.com
453,ishaan.bhatt63@gmail.com
454,vikast2002@gmail.com
455,yash5620@gmail.com
456,shreya_ahmed@gmail.com
457,nitish.paul56@gmail.com
458,tiger978@gmail.com
459,rahul.rana74@gmail.com
460,ritika.gupta41@gmail.com
461,faiz.mehta63@gmail.com
462,sarav2007@gmail.com
463,rahul_ali32@gmail.com
464,tushard2008@gmail.com
465,divyad2006@gmail.com
466,ravi3985@gmail.com
467,nikhil9446@gmail.com
468,diya_saini@gmail.com
469,ravi6374@gmail.com
470,adt582@gmail.com
471,yverma562@gmail.com
472,ritesh.dubey54@gmail.com
473,shubham3820@gmail.com
474,sachin.yadav35@gmail.com
475,hawk_ayaan66@gmail.com
476,turbo186@gmail.com
477,pj135@gmail.com
478,aryan.kumar97@gmail.com
479,bunty785@gmail.com
480,wolf634@gmail.com
481,ravi_yadav4@gmail.com
482,aarav_kumar@gmail.com
483,sonam.singh84@gmail.com
484,kjoshi151@gmail.com
485,dy744@gmail.com
486,sksh548@gmail.com
487,ankit.yadav19@gmail.com
488,arman9386@gmail.com
489,lcky834@gmail.com
490,abhi732@gmail.com
491,monu_sonam13@gmail.com
492,rsh214@gmail.com
493,guddu530@gmail.com
494,babu557@gmail.com
495,rahul.dubey40@gmail.com
496,muskan_mishra@gmail.com
497,aditi1854@gmail.com
498,nisha.yadav65@gmail.com
499,sumit.gupta79@gmail.com
500,kavya8125@gmail.com
501,dy222@gmail.com
502,amit2932@gmail.com
503,imrn522@gmail.com
504,nmn529@gmail.com
505,rhl547@gmail.com
506,tushars2004@gmail.com
507,muskan.thakur94@gmail.com
508,nisha.pandey22@gmail.com
509,komal_mishra@gmail.com
510,sakshi1694@gmail.com
511,ayushk2003@gmail.com
512,nisha.joshi78@gmail.com
513,vvk740@gmail.com
514,kabir2939@gmail.com
515,dragon738@gmail.com
516,zaid5541@gmail.com
517,pooja_thakur@gmail.com
518,abhay9823@gmail.com
519,kbr965@gmail.com
520,sraj202@gmail.com
521,pixel_kunal39@gmail.com
522,turbo233@gmail.com
523,athakur582@gmail.com
524,trana900@gmail.com
525,vivek_pandey19@gmail.com
526,adt984@gmail.com
527,graj96@gmail.com
528,eagle529@gmail.com
529,sroy653@gmail.com
530,arman.sharma89@gmail.com
531,ayush3528@gmail.com
532,nisha6898@gmail.com
533,arnav_singh@gmail.com
534,rmishra281@gmail.com
535,rajs2003@gmail.com
536,kavya8303@gmail.com
537,chirag.nair29@gmail.com
538,sahilt2008@gmail.com
539,aditi.roy43@gmail.com
540,anair942@gmail.com
541,kvy072@gmail.com
542,sara2839@gmail.com
543,amits2005@gmail.com
544,thunder_ankit32@gmail.com
545,kml239@gmail.com
546,isha.sharma88@gmail.com
547,divya_patel@gmail.com
548,kabir_chauhan@gmail.com
549,vivek.jha24@gmail.com
550,amit.singh47@gmail.com
551,manish_thakur@gmail.com
552,rtsh434@gmail.com
553,mohit_das@gmail.com
554,vr749@gmail.com
555,abhy501@gmail.com
556,lkshy996@gmail.com
557,wolf_karan3@gmail.com
558,komal648@gmail.com
559,vtiwari448@gmail.com
560,aryn642@gmail.com
561,arman_sharma6@gmail.com
562,rogue_chirag98@gmail.com
563,ravi9866@gmail.com
564,kavya.khan30@gmail.com
565,amit1357@gmail.com
566,thunder_megha83@gmail.com
567,dy251@gmail.com
568,kabir1897@gmail.com
569,anuj.singh2@gmail.com
570,sachina2007@gmail.com
571,lucky_yadav77@gmail.com
572,raj9170@gmail.com
573,tanmay3577@gmail.com
574,khushid2008@gmail.com
575,storm425@gmail.com
576,simran.singh38@gmail.com
577,simran.gupta65@gmail.com
578,veer_mishra37@gmail.com
579,sachin.kumar96@gmail.com
580,sniper_chirag4@gmail.com
581,sumit_thakur@gmail.com
582,rv612@gmail.com
583,jsaini971@gmail.com
584,ananya.dubey45@gmail.com
585,anuji2008@gmail.com
586,payal_rana92@gmail.com
587,cobra595@gmail.com
588,vks985@gmail.com
589,njha845@gmail.com
590,piyush7320@gmail.com
591,diya7862@gmail.com
592,neha_pandey14@gmail.com
593,sonam.iyer75@gmail.com
594,shubham_yadav38@gmail.com
595,tushar4940@gmail.com
596,orbit564@gmail.com
597,priyaj2003@gmail.com
598,sachin8713@gmail.com
599,anuj4844@gmail.com
600,yashk2003@gmail.com
601,nmehta937@gmail.com
602,kml505@gmail.com
603,fz564@gmail.com
604,lucky1690@gmail.com
605,mnsh126@gmail.com
606,ananya_pandey@gmail.com
607,fpatel960@gmail.com
608,yash8511@gmail.com
609,hunter287@gmail.com
610,aditi9974@gmail.com
611,tgupta898@gmail.com
612,imran2800@gmail.com
613,shbhm881@gmail.com
614,dpk223@gmail.com
615,ravi.jha74@gmail.com
616,shbhm063@gmail.com
617,nmn995@gmail.com
618,amit.mishra31@gmail.com
619,rohit.joshi11@gmail.com
620,hrsh802@gmail.com
621,nsh256@gmail.com
622,ayaanj2000@gmail.com
623,raj.patel42@gmail.com
624,dvy322@gmail.com
625,abhy280@gmail.com
626,payal5396@gmail.com
627,nitish_dubey@gmail.com
628,rchauhan916@gmail.com
629,anj677@gmail.com
630,imrn177@gmail.com
631,pintu_anuj87@gmail.com
632,nisha.rana2@gmail.com
633,chotu132@gmail.com
634,mthakur757@gmail.com
635,aarav5600@gmail.com
636,ananya6971@gmail.com
637,phoenix_neha99@gmail.com
638,tanmay.patel12@gmail.com
639,anuj9036@gmail.com
640,hawk_pooja77@gmail.com
641,deepak.singh22@gmail.com
642,abhay5569@gmail.com
643,ananya2218@gmail.com
644,amit_patel40@gmail.com
645,lucky4857@gmail.com
646,suraj6574@gmail.com
647,cyber_arnav48@gmail.com
648,lion955@gmail.com
649,kbr332@gmail.com
650,ishaan6812@gmail.com
651,shry011@gmail.com
652,vks503@gmail.com
653,kavya_das13@gmail.com
654,sonam_reddy10@gmail.com
655,smishra613@gmail.com
656,aditi.kumar19@gmail.com
657,ayaan_nair69@gmail.com
658,abhi_joshi@gmail.com
659,ayn553@gmail.com
660,lakshya_kumar@gmail.com
661,pysh384@gmail.com
662,sonu161@gmail.com
663,aryan_paul@gmail.com
664,falcon46@gmail.com
665,zd469@gmail.com
666,lakshya_raj@gmail.com
667,adas632@gmail.com
668,aditi8775@gmail.com
669,ninja_yash85@gmail.com
670,omega863@gmail.com
671,lion585@gmail.com
672,diya6253@gmail.com
673,vvk254@gmail.com
674,alpha_shreya70@gmail.com
675,muskans2006@gmail.com
676,aditi168@gmail.com
677,kavyaa2007@gmail.com
678,rogue_arman76@gmail.com
679,om3878@gmail.com
680,sksh503@gmail.com
681,neha4689@gmail.com
682,rinku414@gmail.com
683,sniper797@gmail.com
684,rinku351@gmail.com
685,arman2261@gmail.com
686,divya.iyer16@gmail.com
687,nisha_pandey@gmail.com
688,sonam2382@gmail.com
689,priya.gupta82@gmail.com
690,yash445@gmail.com
691,guddu_sonam77@gmail.com
692,ntsh983@gmail.com
693,ayaan.mehta11@gmail.com
694,ayush3802@gmail.com
695,guddu_harsh63@gmail.com
696,sniper564@gmail.com
697,aysh661@gmail.com
698,okumar616@gmail.com
699,turbo732@gmail.com
700,snair153@gmail.com
701,turbo616@gmail.com
702,rtk926@gmail.com
703,frost945@gmail.com
704,karan1460@gmail.com
705,bunty71@gmail.com
706,ishn538@gmail.com
707,dpaul832@gmail.com
708,diyan2004@gmail.com
709,comet618@gmail.com
710,naman.joshi10@gmail.com
711,sara4871@gmail.com
712,rdubey341@gmail.com
713,eagle275@gmail.com
714,ssingh634@gmail.com
715,cobra834@gmail.com
716,frost_diya69@gmail.com
717,aryn455@gmail.com
718,vsharma61@gmail.com
719,rohit_reddy84@gmail.com
720,piyush.singh81@gmail.com
721,babu279@gmail.com
722,nsh524@gmail.com
723,sneha.rana58@gmail.com
724,shadow671@gmail.com
725,sneha.dubey10@gmail.com
726,tanvi9596@gmail.com
727,suraj_dubey89@gmail.com
728,pixel_pankaj66@gmail.com
729,imrn063@gmail.com
730,dpk804@gmail.com
731,sara.ahmed25@gmail.com
732,sara.mishra31@gmail.com
733,babu638@gmail.com
734,aarav.roy90@gmail.com
735,shbhm474@gmail.com
736,suraj.patel99@gmail.com
737,lucky_ahmed@gmail.com
738,sneha602@gmail.com
739,amit7080@gmail.com
740,kraj799@gmail.com
741,nova_jatin7@gmail.com
742,rohit_bhatt@gmail.com
743,isha9971@gmail.com
744,monu160@gmail.com
745,omega_pooja15@gmail.com
746,pixel753@gmail.com
747,sparky88@gmail.com
748,riya1823@gmail.com
749,komal8932@gmail.com
750,storm_x261@gmail.com
751,tanvi.das99@gmail.com
752,veer8087@gmail.com
753,sakshi3970@gmail.com
754,pooja8175@gmail.com
755,pysh481@gmail.com
756,tushar.singh35@gmail.com
757,sara.thakur95@gmail.com
758,ritesh.mehta12@gmail.com
759,anjali_dubey67@gmail.com
760,tushar7898@gmail.com
761,raj_yadav25@gmail.com
762,shl810@gmail.com
763,golu449@gmail.com
764,storm_x970@gmail.com
765,grv074@gmail.com
766,spaul428@gmail.com
767,aryan1529@gmail.com
768,lakshya9270@gmail.com
769,pintu_ritika49@gmail.com
770,grv410@gmail.com
771,king_priya81@gmail.com
772,shreyap2006@gmail.com
773,kunal_mehta@gmail.com
774,yash.sharma28@gmail.com
775,pixel_vikas1@gmail.com
776,djoshi259@gmail.com
777,mnsh904@gmail.com
778,kml831@gmail.com
779,npatel814@gmail.com
780,mht066@gmail.com
781,pysh901@gmail.com
782,asingh924@gmail.com
783,zy172@gmail.com
784,ayn349@gmail.com
785,dpk053@gmail.com
786,blaze_simran54@gmail.com
787,mystic422@gmail.com
788,jiya.sharma34@gmail.com
789,kavya5442@gmail.com
790,rv786@gmail.com
791,raja_nikhil92@gmail.com
792,ravi_verma@gmail.com
793,sachin6790@gmail.com
794,faiz7074@gmail.com
795,fz861@gmail.com
796,khsh618@gmail.com
797,nikhil.verma51@gmail.com
798,fz700@gmail.com
799,zaid_das79@gmail.com
800,kunal.mishra21@gmail.com
801,snm672@gmail.com
802,tshr374@gmail.com
803,komal_shah@gmail.com
804,gaurav.paul36@gmail.com
805,aryan.yadav28@gmail.com
806,piyush_das55@gmail.com
807,amt777@gmail.com
808,shadow953@gmail.com
809,knl103@gmail.com
810,harshm2004@gmail.com
811,anny564@gmail.com
812,komal_yadav@gmail.com
813,chirag.khan1@gmail.com
814,isha5136@gmail.com
815,nitish.kumar50@gmail.com
816,raj.reddy51@gmail.com
817,tushar3368@gmail.com
818,nisha8653@gmail.com
819,ish889@gmail.com
820,lchauhan297@gmail.com
821,aditi1189@gmail.com
822,naman.iyer51@gmail.com
823,pj429@gmail.com
824,ishaan9712@gmail.com
825,gauravr2002@gmail.com
826,arman.sharma88@gmail.com
827,rj691@gmail.com
828,harsh.mehta85@gmail.com
829,chotu407@gmail.com
830,sonam.mishra65@gmail.com
831,sneha514@gmail.com
832,pankaj_das@gmail.com
833,deepak8257@gmail.com
834,rogue674@gmail.com
835,payal8810@gmail.com
836,suraj7842@gmail.com
837,pankaj.chauhan12@gmail.com
838,guddu_neha20@gmail.com
839,pnkj895@gmail.com
840,nikhilp2005@gmail.com
841,karan4050@gmail.com
842,tanmay7553@gmail.com
843,ayadav856@gmail.com
844,schn698@gmail.com
845,tushart2008@gmail.com
846,srj869@gmail.com
847,ysh927@gmail.com
848,tushar_das@gmail.com
849,karan.paul3@gmail.com
850,karan9131@gmail.com
851,cyber_sahil97@gmail.com
852,comet_ishaan73@gmail.com
853,cobra839@gmail.com
854,faiz7166@gmail.com
855,rverma563@gmail.com
856,aryan.gupta68@gmail.com
857,srj972@gmail.com
858,anuj.singh58@gmail.com
859,lion501@gmail.com
860,orbit35@gmail.com
861,suraj_shah16@gmail.com
862,jiya_chauhan@gmail.com
863,lcky526@gmail.com
864,nova883@gmail.com
865,suraj3548@gmail.com
866,prth751@gmail.com
867,parth6202@gmail.com
868,lakshya4957@gmail.com
869,storm_x_megha35@gmail.com
870,blaze457@gmail.com
871,omega_raj95@gmail.com
872,storm_jatin23@gmail.com
873,arman.kumar29@gmail.com
874,ssaini699@gmail.com
875,pysh702@gmail.com
876,riya_kumar@gmail.com
877,kunal.tiwari78@gmail.com
878,aditib2007@gmail.com
879,imran.saini36@gmail.com
880,sparky_divya4@gmail.com
881,lucky.yadav31@gmail.com
882,veer.nair26@gmail.com
883,khsh196@gmail.com
884,blaze_rohit99@gmail.com
885,sakshi5659@gmail.com
886,asaini691@gmail.com
887,payal6053@gmail.com
888,kavya.raj70@gmail.com
889,rishi1314@gmail.com
890,ayaan.chauhan20@gmail.com
891,cyber_simran75@gmail.com
892,jatin1842@gmail.com
893,aditir2007@gmail.com
894,anjali.bhatt41@gmail.com
895,ajha977@gmail.com
896,pry813@gmail.com
897,imran7958@gmail.com
898,muskan6825@gmail.com
899,juhi8335@gmail.com
900,jh127@gmail.com
901,dy065@gmail.com
902,ghost681@gmail.com
903,asingh995@gmail.com
904,ritika.ahmed97@gmail.com
905,suraj_rana@gmail.com
906,ghost666@gmail.com
907,yash4825@gmail.com
908,vikas_reddy86@gmail.com
909,diyar2004@gmail.com
910,kabir_thakur@gmail.com
911,ksaini867@gmail.com
912,tushar_kumar94@gmail.com
913,vthakur619@gmail.com
914,suraj640@gmail.com
915,rj185@gmail.com
916,rinku_sonam16@gmail.com
917,diya4183@gmail.com
918,ananya_bhatt@gmail.com
919,iiyer421@gmail.com
920,knl638@gmail.com
921,jrana525@gmail.com
922,arman_nair@gmail.com
923,ishaan6552@gmail.com
924,grv718@gmail.com
925,sonam2506@gmail.com
926,pnkj302@gmail.com
927,shreya.thakur75@gmail.com
928,rinku_kavya98@gmail.com
929,sachin.pandey82@gmail.com
930,sachin.rana65@gmail.com
931,akumar617@gmail.com
932,abhy908@gmail.com
933,tanvi9504@gmail.com
934,pixel126@gmail.com
935,deepak6708@gmail.com
936,manish9086@gmail.com
937,parth.yadav70@gmail.com
938,suraj.paul44@gmail.com
939,tanmay_jha@gmail.com
940,payal.kumar30@gmail.com
941,amt941@gmail.com
942,pooja_singh2@gmail.com
943,rj974@gmail.com
944,harsh_ahmed@gmail.com
945,pyl418@gmail.com
946,tpandey413@gmail.com
947,sonam1201@gmail.com
948,ishn269@gmail.com
949,ayaan1773@gmail.com
950,pry989@gmail.com
951,kunal6161@gmail.com
952,wolf_anuj63@gmail.com
953,pooja6772@gmail.com
954,yash9872@gmail.com
955,rtk280@gmail.com
956,sneha.shah16@gmail.com
957,dmehta874@gmail.com
958,tanmay6869@gmail.com
959,pry168@gmail.com
960,shreyan2001@gmail.com
961,zy138@gmail.com
962,gaurav1379@gmail.com
963,saraj2005@gmail.com
964,rebel_harsh34@gmail.com
965,muskan.tiwari39@gmail.com
966,rohitk2004@gmail.com
967,faiz2628@gmail.com
968,nsh405@gmail.com
969,storm483@gmail.com
970,sumit_patel65@gmail.com
971,abhay1602@gmail.com
972,nitish6618@gmail.com
973,sumit_ahmed@gmail.com
974,ghost30@gmail.com
975,abhi4617@gmail.com
976,babu501@gmail.com
977,shreyaj2005@gmail.com
978,sachin9366@gmail.com
979,shry821@gmail.com
980,ananya5153@gmail.com
981,kpatel368@gmail.com
982,titan_naman15@gmail.com
983,nitish8174@gmail.com
984,kunal1632@gmail.com
985,ember_divya67@gmail.com
986,eagle727@gmail.com
987,kbr646@gmail.com
988,sparky442@gmail.com
989,anjalic2004@gmail.com
990,kunal_tiwari17@gmail.com
991,rht516@gmail.com
992,tanvi_mishra@gmail.com
993,sara5734@gmail.com
994,faiz9034@gmail.com
995,karan_tiwari@gmail.com
996,hunter367@gmail.com
997,anjl798@gmail.com
998,ninja704@gmail.com
999,arv560@gmail.com
1000,khushi5428@gmail.com no
1001,riya.raj32@gmail.com
1002,shubham5102@gmail.com
1003,manish_rana26@gmail.com
1004,ravi.patel92@gmail.com
1005,praj862@gmail.com
1006,adt109@gmail.com
1007,rohitk2006@gmail.com
1008,sara6587@gmail.com
1009,sr343@gmail.com
1010,thunder_sahil37@gmail.com
1011,riyar2005@gmail.com
1012,king646@gmail.com
1013,isha_saini38@gmail.com
1014,nisha5304@gmail.com
1015,gaurav1436@gmail.com
1016,mohitr2005@gmail.com
1017,aryan5565@gmail.com
1018,faiz_ahmed@gmail.com
1019,pankaj_mishra24@gmail.com
1020,karan5193@gmail.com
1021,thunder688@gmail.com
1022,sakshit2007@gmail.com
1023,abhig2000@gmail.com
1024,amit_verma@gmail.com
1025,cobra416@gmail.com
1026,gaurav.singh55@gmail.com
1027,ayush1166@gmail.com
1028,bunty_ravi28@gmail.com
1029,ziyer618@gmail.com
1030,hkumar306@gmail.com
1031,tanmay6647@gmail.com
1032,megha51@gmail.com
1033,ravi_patel@gmail.com
1034,zaid_ali44@gmail.com
1035,pooja8996@gmail.com
1036,nali655@gmail.com
1037,atiwari312@gmail.com
1038,ravi_iyer48@gmail.com
1039,shbhm449@gmail.com
1040,isha_kumar@gmail.com
1041,chirag.singh51@gmail.com
1042,nisha.gupta30@gmail.com
1043,priya_joshi@gmail.com
1044,tiger_nitish28@gmail.com
1045,cyber876@gmail.com
1046,jy746@gmail.com
1047,sonam_saini43@gmail.com
1048,sksh480@gmail.com
1049,shreya7299@gmail.com
1050,omega219@gmail.com
1051,aryan.yadav62@gmail.com
1052,kavyam2002@gmail.com
1053,rsh776@gmail.com
1054,muskan4237@gmail.com
1055,tanvi_bhatt@gmail.com
1056,sara.reddy63@gmail.com
1057,pankaj_joshi@gmail.com
1058,sniper_ayush23@gmail.com
1059,muskan.verma40@gmail.com
1060,omega84@gmail.com
1061,amits2007@gmail.com
1062,shubham.gupta37@gmail.com
1063,sonam2889@gmail.com
1064,alpha321@gmail.com
1065,nreddy975@gmail.com
1066,vpaul789@gmail.com
1067,cyber585@gmail.com
1068,nisha8344@gmail.com
1069,rinku62@gmail.com
1070,deepak_ali@gmail.com
1071,omega325@gmail.com
1072,rmishra433@gmail.com
1073,monu701@gmail.com
1074,kavya.sharma60@gmail.com
1075,pintu731@gmail.com
1076,tiger527@gmail.com
1077,harsh9929@gmail.com
1078,neha.sharma49@gmail.com
1079,dkumar915@gmail.com
1080,tmehta132@gmail.com
1081,deepak8165@gmail.com
1082,ninja_pooja59@gmail.com
1083,rinku855@gmail.com
1084,storm_x876@gmail.com
1085,sakshi.joshi10@gmail.com
1086,spatel307@gmail.com
1087,sonu460@gmail.com
1088,rj284@gmail.com
1089,storm_x951@gmail.com
1090,neha1550@gmail.com
1091,nahmed809@gmail.com
1092,karan_ali@gmail.com
1093,anjali.khan59@gmail.com
1094,priya3579@gmail.com
1095,sparky727@gmail.com
1096,nh298@gmail.com
1097,rishi.tiwari39@gmail.com
1098,sumitb2004@gmail.com
1099,nkhl639@gmail.com
1100,lion620@gmail.com
1101,knl814@gmail.com
1102,tnv209@gmail.com
1103,pyl952@gmail.com
1104,veer_bhatt@gmail.com
1105,tshr325@gmail.com
1106,tnmy668@gmail.com
1107,jdas71@gmail.com
1108,pkumar305@gmail.com
1109,snh778@gmail.com
1110,tiger584@gmail.com
1111,ntsh057@gmail.com
1112,shadow763@gmail.com
1113,ayaan_shah@gmail.com
1114,amit_bhatt96@gmail.com
1115,hawk55@gmail.com
1116,golu251@gmail.com
1117,kavya.mehta55@gmail.com
1118,arana146@gmail.com
1119,ayaan.chauhan17@gmail.com
1120,aysh939@gmail.com
1121,babu622@gmail.com
1122,sonam_verma@gmail.com
1123,anjali.jha11@gmail.com
1124,vivek_dubey31@gmail.com
1125,kbr899@gmail.com
1126,anj394@gmail.com
1127,tiger886@gmail.com
1128,jiya.patel79@gmail.com
1129,akumar169@gmail.com
1130,manish_reddy@gmail.com
1131,rocky971@gmail.com
1132,ritesh4701@gmail.com
1133,anjl018@gmail.com
1134,pyl609@gmail.com
1135,mohit6870@gmail.com
1136,vahmed668@gmail.com
1137,parth948@gmail.com
1138,anjalia2007@gmail.com
1139,pooja.tiwari98@gmail.com
1140,babu_juhi5@gmail.com
1141,viper472@gmail.com
1142,rocky893@gmail.com
1143,kbr098@gmail.com
1144,eagle689@gmail.com
1145,abhi1502@gmail.com
1146,shbhm539@gmail.com
1147,rht942@gmail.com
1148,lakshya_thakur@gmail.com
1149,mohit_mehta@gmail.com
1150,jatin.rana74@gmail.com
1151,ajoshi612@gmail.com
1152,divya4914@gmail.com
1153,vr808@gmail.com
1154,parth_pandey@gmail.com
1155,rj855@gmail.com
1156,anj212@gmail.com
1157,sahil.ahmed2@gmail.com
1158,tanmay2690@gmail.com
1159,bunty510@gmail.com
1160,mskn577@gmail.com
1161,rrana342@gmail.com
1162,priya.khan82@gmail.com
1163,shadow482@gmail.com
1164,ayaan7051@gmail.com
1165,king_abhi41@gmail.com
1166,parth_kumar14@gmail.com
1167,eagle_naman38@gmail.com
1168,lucky_kumar@gmail.com
1169,deva2004@gmail.com
1170,ishaan441@gmail.com
1171,abhi2484@gmail.com
1172,mohit.dubey50@gmail.com
1173,nitish.thakur39@gmail.com
1174,golu810@gmail.com
1175,prth084@gmail.com
1176,eagle_manish11@gmail.com
1177,ayaan.iyer87@gmail.com
1178,ish694@gmail.com
1179,kml445@gmail.com
1180,naman2958@gmail.com
1181,monu55@gmail.com
1182,rhl871@gmail.com
1183,ry715@gmail.com
1184,shubham3187@gmail.com
1185,poojaj2008@gmail.com
1186,alpha833@gmail.com
1187,hawk241@gmail.com
1188,kunal4450@gmail.com
1189,piyush_thakur@gmail.com
1190,hrsh746@gmail.com
1191,kbr495@gmail.com
1192,khushi.mehta85@gmail.com
1193,ravi.mehta14@gmail.com
1194,storm_x597@gmail.com
1195,jatint2005@gmail.com
1196,fz268@gmail.com
1197,gthakur295@gmail.com
1198,ishas2005@gmail.com
1199,lion326@gmail.com
1200,mohit5974@gmail.com
1201,payal.raj25@gmail.com
1202,ninja328@gmail.com
1203,pkumar227@gmail.com
1204,ayaan.singh60@gmail.com
1205,nshah70@gmail.com
1206,thunder_anuj9@gmail.com
1207,parth4929@gmail.com
1208,ninja_isha34@gmail.com
1209,lion186@gmail.com
1210,sachin2561@gmail.com
1211,pankaj2146@gmail.com
1212,rht346@gmail.com
1213,kkumar658@gmail.com
1214,shreya.nair99@gmail.com
1215,ankit_shah@gmail.com
1216,orbit_parth22@gmail.com
1217,nmn560@gmail.com
1218,jjoshi362@gmail.com
1219,lkshy665@gmail.com
1220,jtn575@gmail.com
1221,faiz3734@gmail.com
1222,karan.gupta24@gmail.com
1223,rahul.thakur24@gmail.com
1224,rtsh540@gmail.com
1225,parth.tiwari70@gmail.com
1226,shubham.patel18@gmail.com
1227,bunty692@gmail.com
1228,krn325@gmail.com
1229,shadow_kunal70@gmail.com
1230,tnv352@gmail.com
1231,spandey689@gmail.com
1232,hrsh065@gmail.com
1233,ddas898@gmail.com
1234,sniper286@gmail.com
1235,lahmed413@gmail.com
1236,lakshya_jha@gmail.com
1237,pchauhan764@gmail.com
1238,karan.mehta79@gmail.com
1239,alpha_tanvi67@gmail.com
1240,ananya4751@gmail.com
1241,njoshi432@gmail.com
1242,rsh090@gmail.com
1243,ritesh6799@gmail.com
1244,eagle722@gmail.com
1245,pankaj3126@gmail.com
1246,grv785@gmail.com
1247,kbr129@gmail.com
1248,khsh240@gmail.com
1249,manish.iyer1@gmail.com
1250,king_zaid87@gmail.com
1251,monu820@gmail.com
1252,isha1976@gmail.com
1253,storm_tanvi4@gmail.com
1254,sonu25@gmail.com
1255,ananyas2002@gmail.com
1256,ember571@gmail.com
1257,mohit_singh@gmail.com
1258,cyber_deepak18@gmail.com
1259,rj395@gmail.com
1260,faiz5467@gmail.com
1261,khsh206@gmail.com
1262,diya2789@gmail.com
1263,dpandey862@gmail.com
1264,tinku_faiz63@gmail.com
1265,falcon962@gmail.com
1266,kavya_nair@gmail.com
1267,sksh841@gmail.com
1268,divyas2002@gmail.com
1269,mystic_harsh22@gmail.com
1270,rohit7468@gmail.com
1271,mskn221@gmail.com
1272,sniper_aryan49@gmail.com
1273,zy171@gmail.com
1274,arnav.gupta36@gmail.com
1275,thunder700@gmail.com
1276,amitr2001@gmail.com
1277,mskn126@gmail.com
1278,comet_arnav14@gmail.com
1279,pj485@gmail.com
1280,lcky030@gmail.com
1281,arnav6525@gmail.com
1282,aysh831@gmail.com
1283,vr708@gmail.com
1284,dragon403@gmail.com
1285,isha6204@gmail.com
1286,anjl939@gmail.com
1287,rinku951@gmail.com
1288,amit.mishra23@gmail.com
1289,anjali993@gmail.com
1290,ninja_nitish27@gmail.com
1291,schauhan264@gmail.com
1292,ninja204@gmail.com
1293,chotu_kabir72@gmail.com
1294,rali743@gmail.com
1295,rishi_reddy@gmail.com
1296,pankaj3068@gmail.com
1297,juhi_bhatt@gmail.com
1298,kavya8098@gmail.com
1299,raj_patel83@gmail.com
1300,ish929@gmail.com
1301,king118@gmail.com
1302,kml918@gmail.com
1303,gaurav_mishra@gmail.com
1304,dev5251@gmail.com
1305,ishaan1470@gmail.com
1306,mkumar571@gmail.com
1307,mht238@gmail.com
1308,rishi_ahmed@gmail.com
1309,pooja.rana16@gmail.com
1310,nmn456@gmail.com
1311,rinku582@gmail.com
1312,alpha654@gmail.com
1313,om9821@gmail.com
1314,dev.ali2@gmail.com
1315,prth205@gmail.com
1316,jatin9680@gmail.com
1317,megha.tiwari25@gmail.com
1318,rishiy2001@gmail.com
1319,aryan.iyer36@gmail.com
1320,mohit.das57@gmail.com
1321,aryan700@gmail.com
1322,ritika_ahmed@gmail.com
1323,naman8842@gmail.com
1324,anair264@gmail.com
1325,faizs2007@gmail.com
1326,pankaj1361@gmail.com
1327,abhi7592@gmail.com
1328,isha5047@gmail.com
1329,pjha765@gmail.com
1330,meghak2002@gmail.com
1331,dev_yadav@gmail.com
1332,yash9755@gmail.com
1333,zoya4820@gmail.com
1334,chirag7339@gmail.com
1335,dv807@gmail.com
1336,storm_x860@gmail.com
1337,stiwari94@gmail.com
1338,ember_rishi81@gmail.com
1339,rhl306@gmail.com
1340,abhay3286@gmail.com
1341,parth_rana@gmail.com
1342,ayaan3583@gmail.com
1343,aryn494@gmail.com
1344,chrg396@gmail.com
1345,tanmay154@gmail.com
1346,kabir5753@gmail.com
1347,arman9953@gmail.com
1348,ritika.verma68@gmail.com
1349,abhi.bhatt89@gmail.com
1350,aryan3206@gmail.com
1351,veer.gupta46@gmail.com
1352,riya827@gmail.com
1353,jtn290@gmail.com
1354,sonu902@gmail.com
1355,rishi_paul37@gmail.com
1356,dev.thakur4@gmail.com
1357,cobra444@gmail.com
1358,jtn605@gmail.com
1359,payal3673@gmail.com
1360,rebel816@gmail.com
1361,pkumar618@gmail.com
1362,tthakur135@gmail.com
1363,ninja401@gmail.com
1364,ritesh.verma18@gmail.com
1365,krn322@gmail.com
1366,orbit877@gmail.com
1367,dv025@gmail.com
1368,ishaan34@gmail.com
1369,deepak8580@gmail.com
1370,abhi9706@gmail.com
1371,ayush_das11@gmail.com
1372,kunal.pandey83@gmail.com
1373,zd756@gmail.com
1374,agupta12@gmail.com
1375,tshr441@gmail.com
1376,sumit9478@gmail.com
1377,rhl775@gmail.com
1378,imrn634@gmail.com
1379,tanvi4636@gmail.com
1380,titan_chirag10@gmail.com
1381,cyber_sachin70@gmail.com
1382,lucky622@gmail.com
1383,jatin.kumar21@gmail.com
1384,amit_ahmed@gmail.com
1385,nova775@gmail.com
1386,rshah61@gmail.com
1387,nikhil_roy80@gmail.com
1388,sonam_reddy@gmail.com
1389,ravi.iyer86@gmail.com
1390,deepak_thakur@gmail.com
1391,khsh248@gmail.com
1392,sahil416@gmail.com
1393,adt470@gmail.com
1394,aditi.tiwari87@gmail.com
1395,megha.iyer87@gmail.com
1396,lraj265@gmail.com
1397,king923@gmail.com
1398,pintu836@gmail.com
1399,abhay_khan@gmail.com
1400,tgupta865@gmail.com
1401,tnv832@gmail.com
1402,armn461@gmail.com
1403,zaidm2007@gmail.com
1404,manish_yadav@gmail.com
1405,sakshi_nair70@gmail.com
1406,zero55@gmail.com
1407,ishn588@gmail.com
1408,alpha_sahil6@gmail.com
1409,manish_saini89@gmail.com
1410,jiya4292@gmail.com
1411,pankaj3962@gmail.com
1412,syadav889@gmail.com
1413,deepaka2004@gmail.com
1414,zaid8802@gmail.com
1415,shry745@gmail.com
1416,pixel995@gmail.com
1417,alpha247@gmail.com
1418,mystic357@gmail.com
1419,nitish3192@gmail.com
1420,payal8334@gmail.com
1421,hrsh403@gmail.com
1422,chirag.tiwari32@gmail.com
1423,arman.paul96@gmail.com
1424,shubham.yadav83@gmail.com
1425,lcky008@gmail.com
1426,zaid1831@gmail.com
1427,phoenix491@gmail.com
1428,rogue_isha59@gmail.com
1429,shry006@gmail.com
1430,mskn287@gmail.com
1431,divya8803@gmail.com
1432,rroy131@gmail.com
1433,abhay_chauhan40@gmail.com
1434,wolf_ananya57@gmail.com
1435,tushar.verma78@gmail.com
1436,pry106@gmail.com
1437,rreddy72@gmail.com
1438,krn571@gmail.com
1439,ghost_anuj78@gmail.com
1440,shbhm573@gmail.com
1441,ayush4950@gmail.com
1442,kabir9451@gmail.com
1443,dsaini946@gmail.com
1444,rogue542@gmail.com
1445,rkumar601@gmail.com
1446,smt919@gmail.com
1447,rogue_anjali35@gmail.com
1448,dev7346@gmail.com
1449,riteshj2002@gmail.com
1450,aryan.ali89@gmail.com
1451,averma445@gmail.com
1452,golu_piyush15@gmail.com
1453,lucky_saini62@gmail.com
1454,chotu378@gmail.com
1455,cyber_arnav84@gmail.com
1456,rohit8446@gmail.com
1457,ish440@gmail.com
1458,komal166@gmail.com
1459,ayush.bhatt76@gmail.com
1460,aryn184@gmail.com
1461,pintu177@gmail.com
1462,parth4309@gmail.com
1463,om969@gmail.com
1464,vr926@gmail.com
1465,craj699@gmail.com
1466,arnav.kumar51@gmail.com
1467,zd836@gmail.com
1468,faiz_iyer@gmail.com
1469,ritesh.paul89@gmail.com
1470,adt706@gmail.com
1471,sahil.thakur29@gmail.com
1472,turbo134@gmail.com
1473,rohitt2000@gmail.com
1474,srj286@gmail.com
1475,abhi_joshi63@gmail.com
1476,ankitt2001@gmail.com
1477,om_pandey@gmail.com
1478,raj3698@gmail.com
1479,aditi.sharma59@gmail.com
1480,chiragj2000@gmail.com
1481,snair790@gmail.com
1482,lakshyag2008@gmail.com
1483,arnav557@gmail.com
1484,sonam.joshi55@gmail.com
1485,sonu860@gmail.com
1486,orbit241@gmail.com
1487,nmn768@gmail.com
1488,pysh791@gmail.com
1489,poojad2001@gmail.com
1490,rali608@gmail.com
1491,falcon192@gmail.com
1492,kavya7775@gmail.com
1493,kunal9876@gmail.com
1494,guddu802@gmail.com
1495,tnmy223@gmail.com
1496,falcon_abhay83@gmail.com
1497,pry189@gmail.com
1498,amt236@gmail.com
1499,shbhm711@gmail.com
1500,isha_saini@gmail.com
1501,ry885@gmail.com
1502,shubham122@gmail.com
1503,ritika.reddy75@gmail.com
1504,tnv457@gmail.com
1505,sksh466@gmail.com
1506,abhay_sharma40@gmail.com
1507,spandey680@gmail.com
1508,rshah417@gmail.com
1509,chotu918@gmail.com
1510,hrsh858@gmail.com
1511,deepak.jha37@gmail.com
1512,hrsh223@gmail.com
1513,anuj9023@gmail.com
1514,zd794@gmail.com
1515,faiz9224@gmail.com
1516,gauravd2008@gmail.com
1517,chotu_aryan30@gmail.com
1518,kabir_bhatt@gmail.com
1519,shl065@gmail.com
1520,divya5024@gmail.com
1521,manish507@gmail.com
1522,arnav_iyer@gmail.com
1523,dpk216@gmail.com
1524,amit9143@gmail.com
1525,athakur537@gmail.com
1526,chirag.bhatt26@gmail.com
1527,golu715@gmail.com
1528,smishra254@gmail.com
1529,nitish3987@gmail.com
1530,blaze357@gmail.com
1531,gauravd2006@gmail.com
1532,rj589@gmail.com
1533,frost347@gmail.com
1534,dragon969@gmail.com
1535,pj964@gmail.com
1536,lion_kunal89@gmail.com
1537,skhan45@gmail.com
1538,rohit.verma76@gmail.com
1539,arv856@gmail.com
1540,ritesh2120@gmail.com
1541,sdubey411@gmail.com
1542,dragon297@gmail.com
1543,sara5047@gmail.com
1544,adt626@gmail.com
1545,khsh204@gmail.com
1546,arana816@gmail.com
1547,priya_ali@gmail.com
1548,divya_raj@gmail.com
1549,riya4940@gmail.com
1550,jy042@gmail.com
1551,sniper140@gmail.com
1552,lakshya5245@gmail.com
1553,rohit6928@gmail.com
1554,tnv933@gmail.com
1555,zoya.thakur4@gmail.com
1556,anuja2004@gmail.com
1557,raja482@gmail.com
1558,vmehta85@gmail.com
1559,abhy919@gmail.com
1560,orbit304@gmail.com
1561,muskan.singh23@gmail.com
1562,sonam.dubey4@gmail.com
1563,nikhil.kumar15@gmail.com
1564,lucky2240@gmail.com
1565,pnkj612@gmail.com
1566,pooja_joshi18@gmail.com
1567,abhy122@gmail.com
1568,faizp2004@gmail.com
1569,abh628@gmail.com
1570,rroy486@gmail.com
1571,ry375@gmail.com
1572,chotu_diya44@gmail.com
1573,ayaan_das96@gmail.com
1574,bunty_faiz60@gmail.com
1575,piyushs2005@gmail.com
1576,tanvi2482@gmail.com
1577,raj_iyer@gmail.com
1578,raja_abhay13@gmail.com
1579,kabirk2000@gmail.com
1580,arman9900@gmail.com
1581,zraj963@gmail.com
1582,lcky914@gmail.com
1583,sumit.thakur98@gmail.com
1584,rahulm2003@gmail.com
1585,dshah819@gmail.com
1586,lkshy437@gmail.com
1587,guddu_rahul4@gmail.com
1588,blaze468@gmail.com
1589,kthakur73@gmail.com
1590,rahul.mehta73@gmail.com
1591,nisha_ahmed14@gmail.com
1592,zero_jiya31@gmail.com
1593,jatin6375@gmail.com
1594,sara2996@gmail.com
1595,kroy990@gmail.com
1596,areddy636@gmail.com
1597,dragon160@gmail.com
1598,karan4533@gmail.com
1599,snm959@gmail.com
1600,sniper_sara9@gmail.com
1601,sonam_joshi@gmail.com
1602,manish.mishra59@gmail.com
1603,falcon262@gmail.com
1604,mkumar64@gmail.com
1605,sachinj2006@gmail.com
1606,nisha_tiwari71@gmail.com
1607,sara.bhatt38@gmail.com
1608,abhay.das20@gmail.com
1609,ninja_sumit31@gmail.com
1610,lucky_khan@gmail.com
1611,zaid7519@gmail.com
1612,khushi_roy48@gmail.com
1613,pankaj6224@gmail.com
1614,vikas_jha@gmail.com
1615,juhi471@gmail.com
1616,hawk559@gmail.com
1617,wolf_arnav48@gmail.com
1618,manish.yadav76@gmail.com
1619,ishaan951@gmail.com
1620,jatin8791@gmail.com
1621,naman.jha82@gmail.com
1622,tanmay.raj23@gmail.com
1623,lakshya2351@gmail.com
1624,dragon128@gmail.com
1625,gaurav4592@gmail.com
1626,nitish6294@gmail.com
1627,jh475@gmail.com
1628,aryan4323@gmail.com
1629,sahil_reddy59@gmail.com
1630,zahmed907@gmail.com
1631,falcon594@gmail.com
1632,ishaan.bhatt17@gmail.com
1633,nikhilc2000@gmail.com
1634,zy399@gmail.com
1635,ishaan7906@gmail.com
1636,tiger_lucky70@gmail.com
1637,ananya.rana41@gmail.com
1638,pooja673@gmail.com
1639,pankaj8444@gmail.com
1640,hrsh239@gmail.com
1641,pixel243@gmail.com
1642,zaid5312@gmail.com
1643,ritika_dubey@gmail.com
1644,kabir.das2@gmail.com
1645,mohita2004@gmail.com
1646,zoya.paul97@gmail.com
1647,pooja.jha87@gmail.com
1648,payal.raj67@gmail.com
1649,karan3025@gmail.com
1650,kunal3118@gmail.com
1651,orbit553@gmail.com
1652,sarap2002@gmail.com
1653,pankaj_sharma34@gmail.com
1654,pintu_amit75@gmail.com
1655,anuj475@gmail.com
1656,ltiwari675@gmail.com
1657,divya.paul85@gmail.com
1658,eagle_ayush1@gmail.com
1659,ritesh7254@gmail.com
1660,muskan1086@gmail.com
1661,karand2002@gmail.com
1662,dev6083@gmail.com
1663,aysh706@gmail.com
1664,ishaan7635@gmail.com
1665,dpatel922@gmail.com
1666,namanr2003@gmail.com
1667,ishaan4010@gmail.com
1668,yash_bhatt46@gmail.com
1669,sneha_pandey79@gmail.com
1670,yash.paul9@gmail.com
1671,syadav126@gmail.com
1672,ritika.verma51@gmail.com
1673,pj086@gmail.com
1674,turbo612@gmail.com
1675,ritika9267@gmail.com
1676,dali73@gmail.com
1677,alpha815@gmail.com
1678,hrsh525@gmail.com
1679,shubham_gupta@gmail.com
1680,mohit.joshi15@gmail.com
1681,anujs2004@gmail.com
1682,jh645@gmail.com
1683,pankaj2291@gmail.com
1684,veer9497@gmail.com
1685,nisha.bhatt79@gmail.com
1686,simran6795@gmail.com
1687,riya_raj62@gmail.com
1688,aditi8925@gmail.com
1689,tanvi8013@gmail.com
1690,wolf_sonam69@gmail.com
1691,piyush2959@gmail.com
1692,riya1578@gmail.com
1693,abhi.verma36@gmail.com
1694,shubham_reddy@gmail.com
1695,tanvim2002@gmail.com
1696,priya.nair44@gmail.com
1697,priya5830@gmail.com
1698,chrg796@gmail.com
1699,komal.ali75@gmail.com
1700,sarar2001@gmail.com
1701,monu267@gmail.com
1702,ankt168@gmail.com
1703,anjali436@gmail.com
1704,jiya.pandey13@gmail.com
1705,ayush.raj50@gmail.com
1706,arman_mehta@gmail.com
1707,ishaan767@gmail.com
1708,jjha679@gmail.com
1709,neha7178@gmail.com
1710,pankaj_verma@gmail.com
1711,vr026@gmail.com
1712,athakur297@gmail.com
1713,rreddy686@gmail.com
1714,blaze903@gmail.com
1715,sahil.rana46@gmail.com
1716,eagle845@gmail.com
1717,knl718@gmail.com
1718,falcon_tanvi43@gmail.com
1719,ritesh.nair85@gmail.com
1720,anjl799@gmail.com
1721,akhan444@gmail.com
1722,adas976@gmail.com
1723,veer7803@gmail.com
1724,shubham.mishra86@gmail.com
1725,rahul.reddy64@gmail.com
1726,priyay2007@gmail.com
1727,deepakr2005@gmail.com
1728,gaurav.ahmed70@gmail.com
1729,isha_mishra@gmail.com
1730,juhi193@gmail.com
1731,ireddy340@gmail.com
1732,muskan4092@gmail.com
1733,grv305@gmail.com
1734,kabir7347@gmail.com
1735,komal.patel38@gmail.com
1736,juhi4401@gmail.com
1737,sonam1355@gmail.com
1738,sonu_chirag31@gmail.com
1739,jiya_tiwari@gmail.com
1740,turbo152@gmail.com
1741,ninja_vikas83@gmail.com
1742,jy301@gmail.com
1743,sneha.thakur75@gmail.com
1744,pyl625@gmail.com
1745,abhay4838@gmail.com
1746,shry793@gmail.com
1747,kvy682@gmail.com
1748,zero397@gmail.com
1749,grv241@gmail.com
1750,parth2611@gmail.com
1751,piyush1658@gmail.com
1752,kavyak2002@gmail.com
1753,harshd2000@gmail.com
1754,nova_shreya9@gmail.com
1755,krn426@gmail.com
1756,jiya.yadav3@gmail.com
1757,om592@gmail.com
1758,ry482@gmail.com
1759,payal242@gmail.com
1760,orbit21@gmail.com
1761,abh818@gmail.com
1762,vivek9155@gmail.com
1763,rohit9949@gmail.com
1764,megha.yadav63@gmail.com
1765,faiz.singh96@gmail.com
1766,kabir_tiwari@gmail.com
1767,ritesh.nair19@gmail.com
1768,jy400@gmail.com
1769,suraj.ali94@gmail.com
1770,shreya6936@gmail.com
1771,dev7447@gmail.com
1772,imrn835@gmail.com
1773,muskan_dubey@gmail.com
1774,ish482@gmail.com
1775,sonam5868@gmail.com
1776,lakshyat2007@gmail.com
1777,nitish_bhatt39@gmail.com
1778,ishaan9991@gmail.com
1779,rohit1751@gmail.com
1780,viper123@gmail.com
1781,ananya.pandey1@gmail.com
1782,bunty_tushar20@gmail.com
1783,sachin1141@gmail.com
1784,tinku564@gmail.com
1785,sjha743@gmail.com
1786,komal1093@gmail.com
1787,pnkj684@gmail.com
1788,nmn623@gmail.com
1789,adt084@gmail.com
1790,komal1633@gmail.com
1791,ish307@gmail.com
1792,jatin.shah62@gmail.com
1793,gaurav_saini@gmail.com
1794,om.raj29@gmail.com
1795,pthakur853@gmail.com
1796,anjl079@gmail.com
1797,vks633@gmail.com
1798,jsingh877@gmail.com
1799,pooja7724@gmail.com
1800,cobra_ishaan62@gmail.com
1801,zoya_thakur89@gmail.com
1802,storm_x338@gmail.com
1803,arnav9821@gmail.com
1804,naman_bhatt@gmail.com
1805,wolf_ananya81@gmail.com
1806,hunter197@gmail.com
1807,mdas753@gmail.com
1808,kvy263@gmail.com
1809,yashn2008@gmail.com
1810,chrg912@gmail.com
1811,simranc2008@gmail.com
1812,aditi767@gmail.com
1813,nikhil_shah25@gmail.com
1814,sahil_sharma@gmail.com
1815,aditi9726@gmail.com
1816,om8344@gmail.com
1817,lakshya.paul61@gmail.com
1818,smt026@gmail.com
1819,sonam2247@gmail.com
1820,ysh752@gmail.com
1821,rahul4866@gmail.com
1822,diya2742@gmail.com
1823,komal.kumar11@gmail.com
1824,abhay.paul76@gmail.com
1825,chotu261@gmail.com
1826,diya_das22@gmail.com
1827,cobra714@gmail.com
1828,muskan5626@gmail.com
1829,zd971@gmail.com
1830,arman7741@gmail.com
1831,kavya.joshi45@gmail.com
1832,rishis2003@gmail.com
1833,frost836@gmail.com
1834,nsh743@gmail.com
1835,divya5374@gmail.com
1836,arnav5704@gmail.com
1837,rocky_priya17@gmail.com
1838,prth324@gmail.com
1839,mht510@gmail.com
1840,dragon_sahil18@gmail.com
1841,pankaj.ahmed18@gmail.com
1842,mohit8415@gmail.com
1843,parth.ali66@gmail.com
1844,dyadav954@gmail.com
1845,schn503@gmail.com
1846,ppaul699@gmail.com
1847,juhi1137@gmail.com
1848,ankt926@gmail.com
1849,kbr680@gmail.com
1850,yash_yadav@gmail.com
1851,shreya_paul@gmail.com
1852,rtk470@gmail.com
1853,kabir.singh42@gmail.com
1854,sr073@gmail.com
1855,nova363@gmail.com
1856,krn480@gmail.com
1857,zy497@gmail.com
1858,sraj599@gmail.com
1859,gaurav.patel91@gmail.com
1860,sahil5364@gmail.com
1861,comet_ishaan2@gmail.com
1862,ayush_ali@gmail.com
1863,pnkj349@gmail.com
1864,ritika5078@gmail.com
1865,sakshi.jha7@gmail.com
1866,ishaan_ahmed@gmail.com
1867,sakshi.paul24@gmail.com
1868,jdubey128@gmail.com
1869,hrsh600@gmail.com
1870,aarav.roy36@gmail.com
1871,aysh840@gmail.com
1872,shubham.sharma6@gmail.com
1873,sdas817@gmail.com
1874,storm_x712@gmail.com
1875,aysh154@gmail.com
1876,naman9037@gmail.com
1877,shreyar2003@gmail.com
1878,sneha.paul10@gmail.com
1879,pj246@gmail.com
1880,kunal.gupta95@gmail.com
1881,mohit2938@gmail.com
1882,manish_rana17@gmail.com
1883,ritika6918@gmail.com
1884,krn174@gmail.com
1885,snh444@gmail.com
1886,ishn895@gmail.com
1887,phoenix_aarav41@gmail.com
1888,hawk_tanmay27@gmail.com
1889,veer573@gmail.com
1890,faiz9165@gmail.com
1891,mohitj2003@gmail.com
1892,jiya6575@gmail.com
1893,lakshyab2005@gmail.com
1894,ayaans2006@gmail.com
1895,sachin8369@gmail.com
1896,dy271@gmail.com
1897,aroy819@gmail.com
1898,ritesh_reddy33@gmail.com
1899,sonam6490@gmail.com
1900,sakshi.ahmed27@gmail.com
1901,dy962@gmail.com
1902,chirag1590@gmail.com
1903,tdas297@gmail.com
1904,om3748@gmail.com
1905,comet110@gmail.com
1906,imran.thakur91@gmail.com
1907,shry003@gmail.com
1908,tiger423@gmail.com
1909,suraj_patel63@gmail.com
1910,raja_khushi80@gmail.com
1911,sumit1282@gmail.com
1912,babu872@gmail.com
1913,faiz.shah52@gmail.com
1914,omega9@gmail.com
1915,treddy825@gmail.com
1916,omega873@gmail.com
1917,abh686@gmail.com
1918,shreya7408@gmail.com
1919,dragon_megha37@gmail.com
1920,hunter_lucky59@gmail.com
1921,manish.verma28@gmail.com
1922,tinku67@gmail.com
1923,mohit8760@gmail.com
1924,jatin.mishra61@gmail.com
1925,rohitp2004@gmail.com
1926,raj_joshi@gmail.com
1927,neha2027@gmail.com
1928,blaze322@gmail.com
1929,chirag_chauhan@gmail.com
1930,lucky_gupta@gmail.com
1931,khsh207@gmail.com
1932,faiz5052@gmail.com
1933,vvk697@gmail.com
1934,tusharr2001@gmail.com
1935,manishs2000@gmail.com
1936,storm_x340@gmail.com
1937,rebel_neha98@gmail.com
1938,kabirs2004@gmail.com
1939,tiger_sakshi92@gmail.com
1940,jy985@gmail.com
1941,aali102@gmail.com
1942,simran.rana44@gmail.com
1943,raj.khan9@gmail.com
1944,nkhl743@gmail.com
1945,abhay9262@gmail.com
1946,neha8092@gmail.com
1947,ntsh186@gmail.com
1948,zaid895@gmail.com
1949,mshah88@gmail.com
1950,smt351@gmail.com
1951,sachin2577@gmail.com
1952,diya.das28@gmail.com
1953,abhi_rana@gmail.com
1954,kvy838@gmail.com
1955,titan684@gmail.com
1956,shadow446@gmail.com
1957,meghay2004@gmail.com
1958,ishaan_patel@gmail.com
1959,fz295@gmail.com
1960,priya9111@gmail.com
1961,vikas.mishra40@gmail.com
1962,jiya.thakur39@gmail.com
1963,tanvi8443@gmail.com
1964,faiz8863@gmail.com
1965,sniper578@gmail.com
1966,pooja.mishra60@gmail.com
1967,ankit.khan3@gmail.com
1968,phoenix_zoya40@gmail.com
1969,shry063@gmail.com
1970,shl436@gmail.com
1971,hunter_abhay12@gmail.com
1972,shubham_mishra@gmail.com
1973,sara3432@gmail.com
1974,jiya1565@gmail.com
1975,blaze662@gmail.com
1976,amit889@gmail.com
1977,pooja.shah94@gmail.com
1978,rsharma323@gmail.com
1979,sraj425@gmail.com
1980,manish8254@gmail.com
1981,orbit_raj18@gmail.com
1982,mohit.gupta11@gmail.com
1983,priya5819@gmail.com
1984,neha1631@gmail.com
1985,rebel686@gmail.com
1986,alpha648@gmail.com
1987,smt017@gmail.com
1988,parth_kumar@gmail.com
1989,vivek2074@gmail.com
1990,lucky.ahmed99@gmail.com
1991,aarav6507@gmail.com
1992,ritesh7344@gmail.com
1993,shreya7120@gmail.com
1994,aryan4918@gmail.com
1995,hunter215@gmail.com
1996,schn318@gmail.com
1997,storm_x_jatin59@gmail.com
1998,vikas.shah17@gmail.com
1999,payal7406@gmail.com
2000,smt433@gmail.com
2001,comet_naman13@gmail.com
2002,raj.nair20@gmail.com
2003,lcky016@gmail.com
2004,blaze_imran43@gmail.com
2005,raj398@gmail.com
2006,payal4777@gmail.com
2007,manish2007@gmail.com
2008,diya.verma25@gmail.com
2009,sniper_anuj81@gmail.com
2010,rchauhan52@gmail.com
2011,pooja1208@gmail.com
2012,schn208@gmail.com
2013,schn800@gmail.com
2014,namanr2002@gmail.com
2015,igupta847@gmail.com
2016,juhi8496@gmail.com
2017,kunal_pandey41@gmail.com
2018,snh586@gmail.com
2019,odas359@gmail.com
2020,manish.saini79@gmail.com
2021,megha_patel@gmail.com
2022,megha.gupta8@gmail.com
2023,pooja.saini92@gmail.com
2024,kabir.khan23@gmail.com
2025,tanmay.verma82@gmail.com
2026,rahul6841@gmail.com
2027,areddy803@gmail.com
2028,sakshi_das50@gmail.com
2029,anjali_verma@gmail.com
2030,khushi_roy@gmail.com
2031,nova_naman30@gmail.com
2032,arnv929@gmail.com
2033,storm_x_anjali6@gmail.com
2034,kml768@gmail.com
2035,ritesh9504@gmail.com
2036,guddu_nitish52@gmail.com
2037,nitish.nair23@gmail.com
2038,orbit500@gmail.com
2039,orbit_ankit2@gmail.com
2040,tinku270@gmail.com
2041,sonamt2001@gmail.com
2042,mystic896@gmail.com
2043,mbhatt198@gmail.com
2044,cobra346@gmail.com
2045,karanc2008@gmail.com
2046,lucky1168@gmail.com
2047,csingh94@gmail.com
2048,ysh811@gmail.com
2049,omega_ayush81@gmail.com
2050,dvy395@gmail.com
2051,vtiwari846@gmail.com
2052,manish_joshi@gmail.com
2053,sparky584@gmail.com
2054,pthakur385@gmail.com
2055,amit_saini64@gmail.com
2056,snair734@gmail.com
2057,aryan7580@gmail.com
2058,karan_mehta@gmail.com
2059,ravi_ahmed@gmail.com
2060,gaurav.dubey30@gmail.com
2061,lakshya_ali63@gmail.com
2062,manish.patel87@gmail.com
2063,parth2329@gmail.com
2064,shubham_shah91@gmail.com
2065,knl230@gmail.com
2066,rishij2000@gmail.com
2067,ysh243@gmail.com
2068,nali440@gmail.com
2069,ishaan6033@gmail.com
2070,komal_saini69@gmail.com
2071,nkhl727@gmail.com
2072,priya_mehta@gmail.com
2073,karan_nair47@gmail.com
2074,tnmy780@gmail.com
2075,guddu454@gmail.com
2076,sneha6873@gmail.com
2077,payal5648@gmail.com
2078,ayaanr2004@gmail.com
2079,eagle_gaurav48@gmail.com
2080,kpaul303@gmail.com
2081,kml536@gmail.com
2082,amit3136@gmail.com
2083,akhan631@gmail.com
2084,manish9363@gmail.com
2085,chirag_iyer92@gmail.com
2086,vikas_khan78@gmail.com
2087,nisha.paul42@gmail.com
2088,ry619@gmail.com
2089,tanmay6121@gmail.com
2090,diya.patel64@gmail.com
2091,sparky927@gmail.com
2092,ankt066@gmail.com
2093,pj809@gmail.com
2094,omd2008@gmail.com
2095,neha_roy46@gmail.com
2096,rsaini877@gmail.com
2097,faiz6388@gmail.com
2098,mystic793@gmail.com
2099,shl578@gmail.com
2100,king74@gmail.com
2101,nitish9497@gmail.com
2102,rocky862@gmail.com
2103,chirag9420@gmail.com
2104,pdubey258@gmail.com
2105,omega627@gmail.com
2106,alpha_sneha64@gmail.com
2107,aditir2001@gmail.com
2108,snehar2007@gmail.com
2109,ankit5560@gmail.com
2110,dragon499@gmail.com
2111,jtn267@gmail.com
2112,dnair642@gmail.com
2113,adt073@gmail.com
2114,suraj9648@gmail.com
2115,suraj.mishra85@gmail.com
2116,nh425@gmail.com
2117,ayn612@gmail.com
2118,sara_dubey@gmail.com
2119,orbit354@gmail.com
2120,anj313@gmail.com
2121,phoenix_anuj69@gmail.com
2122,sachinr2006@gmail.com
2123,arnav8228@gmail.com
2124,shubham5445@gmail.com
2125,anj487@gmail.com
2126,kavya.iyer17@gmail.com
2127,guddu123@gmail.com
2128,nishar2006@gmail.com
2129,rohitm2003@gmail.com
2130,ankit4951@gmail.com
2131,lkshy884@gmail.com
2132,amt770@gmail.com
2133,shry134@gmail.com
2134,deepak8088@gmail.com
2135,ayaan3837@gmail.com
2136,sumit.jha11@gmail.com
2137,zero236@gmail.com
2138,raja269@gmail.com
2139,turbo_imran8@gmail.com
2140,ninja813@gmail.com
2141,parth_das30@gmail.com
2142,manish.roy50@gmail.com
2143,viper626@gmail.com
2144,hrsh362@gmail.com
2145,rajc2003@gmail.com
2146,zaid7567@gmail.com
2147,shbhm968@gmail.com
2148,chirag_das@gmail.com
2149,miyer269@gmail.com
2150,divya.yadav37@gmail.com
2151,faiz7715@gmail.com
2152,ananya_shah@gmail.com
2153,ember_arnav33@gmail.com
2154,pankaj_patel37@gmail.com
2155,arman_khan@gmail.com
2156,komal_patel43@gmail.com
2157,ankit.mishra79@gmail.com
2158,comet533@gmail.com
2159,krn927@gmail.com
2160,pyl235@gmail.com
2161,mohit_reddy@gmail.com
2162,orbit282@gmail.com
2163,jiya.ali66@gmail.com
2164,lucky626@gmail.com
2165,sniper_kabir25@gmail.com
2166,mht815@gmail.com
2167,pixel_isha46@gmail.com
2168,parth_khan@gmail.com
2169,shl241@gmail.com
2170,mohit1772@gmail.com
2171,lion869@gmail.com
2172,tshr823@gmail.com
2173,phoenix141@gmail.com
2174,juhi.rana23@gmail.com
2175,yash.gupta16@gmail.com
2176,fz517@gmail.com
2177,jthakur897@gmail.com
2178,chirag.dubey6@gmail.com
2179,gaurav.roy36@gmail.com
2180,om.sharma30@gmail.com
2181,ananya.joshi62@gmail.com
2182,apandey858@gmail.com
2183,snm474@gmail.com
2184,ritika8543@gmail.com
2185,mgh691@gmail.com
2186,omega946@gmail.com
2187,jy855@gmail.com
2188,fsaini202@gmail.com
2189,gaurav.ali65@gmail.com
2190,veer5244@gmail.com
2191,abh728@gmail.com
2192,riya_pandey@gmail.com
2193,sshah71@gmail.com
2194,zoya9531@gmail.com
2195,hawk727@gmail.com
2196,nmn825@gmail.com
2197,sniper183@gmail.com
2198,shubham.verma99@gmail.com
2199,riya_ahmed@gmail.com
2200,ishaanb2007@gmail.com
2201,komal_mehta@gmail.com
2202,sumit613@gmail.com
2203,lakshya98@gmail.com
2204,sahil_ahmed@gmail.com
2205,ishaan851@gmail.com
2206,nchauhan754@gmail.com
2207,lakshya.tiwari53@gmail.com
2208,kvy254@gmail.com
2209,arnav.gupta51@gmail.com
2210,juhi.mehta39@gmail.com
2211,vks054@gmail.com
2212,vikas4722@gmail.com
2213,kbhatt607@gmail.com
2214,chirag.das46@gmail.com
2215,sniper474@gmail.com
2216,bunty_harsh14@gmail.com
2217,rahuli2001@gmail.com
2218,ritesh2631@gmail.com
2219,naman2177@gmail.com
2220,wolf285@gmail.com
2221,priya_thakur@gmail.com
2222,suraj9010@gmail.com
2223,sachin_ali13@gmail.com
2224,titan453@gmail.com
2225,tanvi_saini45@gmail.com
2226,pj148@gmail.com
2227,dvy937@gmail.com
2228,chotu287@gmail.com
2229,viper171@gmail.com
2230,chirag.ahmed19@gmail.com
2231,nova_neha59@gmail.com
2232,manish.pandey17@gmail.com
2233,raj4468@gmail.com
2234,chirag_yadav@gmail.com
2235,adt798@gmail.com
2236,mskn471@gmail.com
2237,comet_muskan55@gmail.com
2238,kabir9457@gmail.com
2239,thunder_mohit44@gmail.com
2240,dpk582@gmail.com
2241,komal.saini95@gmail.com
2242,rishi9817@gmail.com
2243,ritika2576@gmail.com
2244,araj484@gmail.com
2245,cobra454@gmail.com
2246,neha.thakur16@gmail.com
2247,tnv576@gmail.com
2248,tanmay5760@gmail.com
2249,rohit5027@gmail.com
2250,imrn174@gmail.com
2251,zoya7260@gmail.com
2252,ish258@gmail.com
2253,tinku500@gmail.com
2254,orbit534@gmail.com
2255,lcky047@gmail.com
2256,king186@gmail.com
2257,anuj1222@gmail.com
2258,pixel_isha47@gmail.com
2259,srana992@gmail.com
2260,nmishra202@gmail.com
2261,rinku356@gmail.com
2262,monu_ananya27@gmail.com
2263,dvy885@gmail.com
2264,ritesh5961@gmail.com
2265,abh695@gmail.com
2266,amishra355@gmail.com
2267,kavya3049@gmail.com
2268,om.khan13@gmail.com
2269,pooja_joshi@gmail.com
2270,pankaj.sharma81@gmail.com
2271,simran1893@gmail.com
2272,diya.kumar13@gmail.com
2273,jtn815@gmail.com
2274,dpk552@gmail.com
2275,rj852@gmail.com
2276,neha329@gmail.com
2277,lkshy148@gmail.com
2278,ninja553@gmail.com
2279,sara9168@gmail.com
2280,manish922@gmail.com
2281,shreyav2007@gmail.com
2282,naman_mishra1@gmail.com
2283,lion840@gmail.com
2284,rishi1841@gmail.com
2285,aali49@gmail.com
2286,fdas823@gmail.com
2287,omega262@gmail.com
2288,yash_patel78@gmail.com
2289,kyadav569@gmail.com
2290,ritesh5435@gmail.com
2291,kbr856@gmail.com
2292,veer814@gmail.com
2293,tanmay8027@gmail.com
2294,amit5865@gmail.com
2295,adt037@gmail.com
2296,shreya7099@gmail.com
2297,sparky_faiz48@gmail.com
2298,rebel737@gmail.com
2299,gaurav.gupta1@gmail.com
2300,kunal8138@gmail.com
2301,ritesh5486@gmail.com
2302,asingh720@gmail.com
2303,ishaanj2000@gmail.com
2304,snh117@gmail.com
2305,zoya947@gmail.com
2306,ayush2519@gmail.com
2307,kml066@gmail.com
2308,diya_nair@gmail.com
2309,jatiny2005@gmail.com
2310,rtsh583@gmail.com
2311,dev_saini@gmail.com
2312,ayush_nair@gmail.com
2313,grv579@gmail.com
2314,kthakur425@gmail.com
2315,harsh_sharma@gmail.com
2316,muskan_shah@gmail.com
2317,abhy238@gmail.com
2318,veers2001@gmail.com
2319,shreya_pandey@gmail.com
2320,aditi.reddy57@gmail.com
2321,alpha37@gmail.com
2322,aryn087@gmail.com
2323,ayush.verma78@gmail.com
2324,nikhil.dubey53@gmail.com
2325,abhay2444@gmail.com
2326,sachin.reddy42@gmail.com
2327,jiya_yadav@gmail.com
2328,rishi_patel@gmail.com
2329,ishaan_mehta26@gmail.com
2330,lucky_pandey18@gmail.com
2331,omr2006@gmail.com
2332,shry557@gmail.com
2333,vikas3711@gmail.com
2334,neha3489@gmail.com
2335,gaurav.ali43@gmail.com
2336,comet605@gmail.com
2337,guddu865@gmail.com
2338,cobra245@gmail.com
2339,abhay.ahmed92@gmail.com
2340,divya329@gmail.com
2341,vr079@gmail.com
2342,jy320@gmail.com
2343,rali901@gmail.com
2344,aali488@gmail.com
2345,parth8219@gmail.com
2346,ananya.shah23@gmail.com
2347,riya9273@gmail.com
2348,ishaan_gupta80@gmail.com
2349,aryn917@gmail.com
2350,tanvi_bhatt48@gmail.com
2351,payal475@gmail.com
2352,abh163@gmail.com
2353,shreyag2002@gmail.com
2354,ananya3982@gmail.com
2355,mystic_tanvi51@gmail.com
2356,sniper_sumit76@gmail.com
2357,sksh638@gmail.com
2358,zd974@gmail.com
2359,imran1349@gmail.com
2360,kabir_singh55@gmail.com
2361,ry339@gmail.com
2362,akhan908@gmail.com
2363,miyer908@gmail.com
2364,golu326@gmail.com
2365,anjali4414@gmail.com
2366,muskan3731@gmail.com
2367,jiya.gupta37@gmail.com
2368,groy713@gmail.com
2369,ish358@gmail.com
2370,ankit8682@gmail.com
2371,harsh2919@gmail.com
2372,bunty_riya23@gmail.com
2373,rtsh303@gmail.com
2374,pooja.sharma25@gmail.com
2375,ayaan9525@gmail.com
2376,zero965@gmail.com
2377,vivek.tiwari13@gmail.com
2378,arman3740@gmail.com
2379,dy600@gmail.com
2380,pixel230@gmail.com
2381,pkhan797@gmail.com
2382,kabir5364@gmail.com
2383,shreya7575@gmail.com
2384,kavya.das98@gmail.com
2385,bunty860@gmail.com
2386,aditi.ali28@gmail.com
2387,sahil1237@gmail.com
2388,sahil.ali88@gmail.com
2389,aysh572@gmail.com
2390,eagle439@gmail.com
2391,anj578@gmail.com
2392,imrn898@gmail.com
2393,arnv680@gmail.com
2394,muskan4041@gmail.com
2395,khsh128@gmail.com
2396,sneha7930@gmail.com
2397,falcon_divya22@gmail.com
2398,anjalis2000@gmail.com
2399,megha5519@gmail.com
2400,snm584@gmail.com
2401,shreya.shah39@gmail.com
2402,nitish8015@gmail.com
2403,jatin3681@gmail.com
2404,tahmed748@gmail.com
2405,turbo_harsh31@gmail.com
2406,vtiwari627@gmail.com
2407,ayaan_jha43@gmail.com
2408,zaid_verma93@gmail.com
2409,shadow_yash68@gmail.com
2410,falcon524@gmail.com
2411,harsh5487@gmail.com
2412,yash_ali@gmail.com
2413,mystic733@gmail.com
2414,harsh.joshi82@gmail.com
2415,sumit_joshi91@gmail.com
2416,eagle77@gmail.com
2417,drana200@gmail.com
2418,krn420@gmail.com
2419,sakshic2006@gmail.com
2420,vikasr2008@gmail.com
2421,priya4760@gmail.com
2422,frost428@gmail.com
2423,phoenix_sonam29@gmail.com
2424,anjali6518@gmail.com
2425,tnmy909@gmail.com
2426,mgh800@gmail.com
2427,mystic845@gmail.com
2428,vivek1833@gmail.com
2429,tanmayi2002@gmail.com
2430,ry248@gmail.com
2431,kbr890@gmail.com
2432,snh465@gmail.com
2433,jatind2007@gmail.com
2434,priya437@gmail.com
2435,chotu_ayush69@gmail.com
2436,sakshi.patel15@gmail.com
2437,khushi9559@gmail.com
2438,nh022@gmail.com
2439,lucky2914@gmail.com
2440,king_abhi7@gmail.com
2441,aarav_iyer94@gmail.com
2442,amit.roy9@gmail.com
2443,sparky723@gmail.com
2444,pankaj4848@gmail.com
2445,rohit_rana@gmail.com
2446,sonu913@gmail.com
2447,shbhm700@gmail.com
2448,rnair48@gmail.com
2449,dragon_yash75@gmail.com
2450,nshah535@gmail.com
2451,amit9299@gmail.com
2452,rebel_nitish93@gmail.com
2453,babu_veer20@gmail.com
2454,titan_zaid73@gmail.com
2455,sumitj2003@gmail.com
2456,harsh_roy@gmail.com
2457,khsh692@gmail.com
2458,divya6965@gmail.com
2459,ankit8443@gmail.com
2460,adt876@gmail.com
2461,vivek_thakur@gmail.com
2462,king629@gmail.com
2463,ntsh064@gmail.com
2464,sachin2315@gmail.com
2465,pooja.roy60@gmail.com
2466,gmehta840@gmail.com
2467,rohit8438@gmail.com
2468,sonu869@gmail.com
2469,ankit2526@gmail.com
2470,shreya5218@gmail.com
2471,pankaj_singh@gmail.com
2472,anuj3383@gmail.com
2473,riya4801@gmail.com
2474,khushiv2000@gmail.com
2475,veer.joshi31@gmail.com
2476,om261@gmail.com
2477,arv689@gmail.com
2478,jiya.reddy95@gmail.com
2479,gaurav.gupta13@gmail.com
2480,piyush3228@gmail.com
2481,veer6202@gmail.com
2482,naman9566@gmail.com
2483,eagle_faiz42@gmail.com
2484,saras2007@gmail.com
2485,karan_paul@gmail.com
2486,deepak5621@gmail.com
2487,fraj23@gmail.com
2488,sonamm2007@gmail.com
2489,ntsh996@gmail.com
2490,kvy114@gmail.com
2491,aarav.dubey68@gmail.com
2492,jatin3414@gmail.com
2493,sahil7336@gmail.com
2494,dy543@gmail.com
2495,riteshr2006@gmail.com
2496,zy211@gmail.com
2497,rohit8554@gmail.com
2498,chotu530@gmail.com
2499,sneha_shah@gmail.com
2500,deepak_shah@gmail.com
2501,sonu318@gmail.com
2502,thunder681@gmail.com
2503,sachin3688@gmail.com
2504,apandey542@gmail.com
2505,falcon_deepak59@gmail.com
2506,aysh685@gmail.com
2507,hunter_zaid58@gmail.com
2508,mgh078@gmail.com
2509,jh356@gmail.com
2510,ntsh943@gmail.com
2511,om5055@gmail.com
2512,nkhl491@gmail.com
2513,tnmy718@gmail.com
2514,rahul5790@gmail.com
2515,shubham947@gmail.com
2516,sakshi.mishra2@gmail.com
2517,nitish5358@gmail.com
2518,khushi.iyer61@gmail.com
2519,ritika4164@gmail.com
2520,isha_mehta@gmail.com
2521,harsh_saini@gmail.com
2522,storm438@gmail.com
2523,suraj_rana12@gmail.com
2524,frost728@gmail.com
2525,zaid_roy@gmail.com
2526,kunal_pandey@gmail.com
2527,rishi.saini68@gmail.com
2528,khushi1798@gmail.com
2529,armn372@gmail.com
2530,cobra_deepak42@gmail.com
2531,payal9799@gmail.com
2532,ishn824@gmail.com
2533,sahmed538@gmail.com
2534,kabir8242@gmail.com
2535,amit_kumar5@gmail.com
2536,mohit_yadav45@gmail.com
2537,nisha.ali36@gmail.com
2538,babu402@gmail.com
2539,juhi_patel@gmail.com
2540,lucky6950@gmail.com
2541,kvy151@gmail.com
2542,fz852@gmail.com
2543,dpk922@gmail.com
2544,snm757@gmail.com
2545,sara.saini34@gmail.com
2546,mohita2006@gmail.com
2547,rinku448@gmail.com
2548,croy119@gmail.com
2549,smrn712@gmail.com
2550,monu209@gmail.com
2551,storm_x881@gmail.com
2552,muskan_chauhan@gmail.com
2553,lcky623@gmail.com
2554,abhy409@gmail.com
2555,snm993@gmail.com
2556,vivek4278@gmail.com
2557,vikas_rana@gmail.com
2558,sumit6403@gmail.com
2559,anuj8467@gmail.com
2560,muskan3195@gmail.com
2561,storm_aditi39@gmail.com
2562,zero890@gmail.com
2563,tali8@gmail.com
2564,megha9173@gmail.com
2565,sonu501@gmail.com
2566,rinku318@gmail.com
2567,khushi_roy89@gmail.com
2568,snm210@gmail.com
2569,juhib2001@gmail.com
2570,averma521@gmail.com
2571,arnav.rana46@gmail.com
2572,shubham6845@gmail.com
2573,phoenix913@gmail.com
2574,imran_das27@gmail.com
2575,zoya2922@gmail.com
2576,komal_chauhan72@gmail.com
2577,megha8870@gmail.com
2578,rebel430@gmail.com
2579,anjl226@gmail.com
2580,amt038@gmail.com
2581,ninja263@gmail.com
2582,lrana14@gmail.com
2583,juhi_yadav63@gmail.com
2584,nova241@gmail.com
2585,nisha_bhatt81@gmail.com
2586,arnav_singh88@gmail.com
2587,sparky_diya26@gmail.com
2588,babu905@gmail.com
2589,abhir2002@gmail.com
2590,juhi.mishra37@gmail.com
2591,kyadav580@gmail.com
2592,lucky1866@gmail.com
2593,sonam.mishra9@gmail.com
2594,tanvi4351@gmail.com
2595,anuj.gupta31@gmail.com
2596,tinku_chirag92@gmail.com
2597,ayaan_tiwari11@gmail.com
2598,vks367@gmail.com
2599,anjali.patel58@gmail.com
2600,ritika574@gmail.com
2601,ishaan6995@gmail.com
2602,divya.thakur31@gmail.com
2603,eagle_vivek48@gmail.com
2604,jatin.tiwari23@gmail.com
2605,karan.dubey59@gmail.com
2606,sksh734@gmail.com
2607,deepak4866@gmail.com
2608,rishi.yadav62@gmail.com
2609,abhay810@gmail.com
2610,nmn660@gmail.com
2611,siyer290@gmail.com
2612,sakshi8106@gmail.com
2613,payal4740@gmail.com
2614,pooja9779@gmail.com
2615,raj.mehta43@gmail.com
2616,meghaj2002@gmail.com
2617,jsaini281@gmail.com
2618,ritika9011@gmail.com
2619,asingh389@gmail.com
2620,anj456@gmail.com
2621,eagle527@gmail.com
2622,shadow_sachin63@gmail.com
2623,kml359@gmail.com
2624,kpandey697@gmail.com
2625,nisha6388@gmail.com
2626,tanmay.iyer23@gmail.com
2627,ipatel946@gmail.com
2628,tanvi9677@gmail.com
2629,tanmay.jha39@gmail.com
2630,suraj.ali45@gmail.com
2631,ayush_bhatt@gmail.com
2632,aryan898@gmail.com
2633,yjha457@gmail.com
2634,ninja842@gmail.com
2635,alpha_khushi14@gmail.com
2636,sakshi8368@gmail.com
2637,frost666@gmail.com
2638,aditim2007@gmail.com
2639,jahmed266@gmail.com
2640,lcky404@gmail.com
2641,pintu435@gmail.com
2642,knl457@gmail.com
2643,pj525@gmail.com
2644,suraj657@gmail.com
2645,vikas9607@gmail.com
2646,storm574@gmail.com
2647,storm_x_riya94@gmail.com
2648,comet_rahul32@gmail.com
2649,sneha_rana56@gmail.com
2650,ankit5628@gmail.com
2651,anj122@gmail.com
2652,ritika.ahmed28@gmail.com
2653,neha1377@gmail.com
2654,mali616@gmail.com
2655,sara1302@gmail.com
2656,rohit7570@gmail.com
2657,kpandey745@gmail.com
2658,kabir.shah95@gmail.com
2659,nmn980@gmail.com
2660,piyush.iyer68@gmail.com
2661,sara5898@gmail.com
2662,rogue310@gmail.com
2663,nisha.verma84@gmail.com
2664,pooja_mishra@gmail.com
2665,pmehta322@gmail.com
2666,chirag585@gmail.com
2667,jatin2875@gmail.com
2668,aysh920@gmail.com
2669,zd199@gmail.com
2670,dy769@gmail.com
2671,shreya7686@gmail.com
2672,mjoshi700@gmail.com
2673,juhi6450@gmail.com
2674,aarav6098@gmail.com
2675,tanmay_das@gmail.com
2676,pankaj4281@gmail.com
2677,abhy460@gmail.com
2678,payal.saini83@gmail.com
2679,lakshya.sharma21@gmail.com
2680,pysh756@gmail.com
2681,rohitd2000@gmail.com
2682,pooja.mishra80@gmail.com
2683,turbo853@gmail.com
2684,komal_ahmed16@gmail.com
2685,armn435@gmail.com
2686,ayaan.raj65@gmail.com
2687,thunder_sara90@gmail.com
2688,vsaini460@gmail.com
2689,chrg544@gmail.com
2690,srj925@gmail.com
2691,jiya9232@gmail.com
2692,shubham4368@gmail.com
2693,piyush4268@gmail.com
2694,lion_anjali53@gmail.com
2695,sparky630@gmail.com
2696,raj.gupta96@gmail.com
2697,thunder786@gmail.com
2698,vvk845@gmail.com
2699,abh131@gmail.com
2700,prth166@gmail.com
2701,priya5890@gmail.com
2702,priya_das@gmail.com
2703,anjali8813@gmail.com
2704,veer6201@gmail.com
2705,blaze575@gmail.com
2706,lion_parth92@gmail.com
2707,payalr2007@gmail.com
2708,siyer86@gmail.com
2709,abhi_paul@gmail.com
2710,khushi_rana@gmail.com
2711,sachin.das78@gmail.com
2712,alpha_naman53@gmail.com
2713,falcon172@gmail.com
2714,raj.ali91@gmail.com
2715,apatel899@gmail.com
2716,vks603@gmail.com
2717,rv506@gmail.com
2718,frost_aarav94@gmail.com
2719,rht541@gmail.com
2720,viper964@gmail.com
2721,sparky717@gmail.com
2722,isha_ahmed@gmail.com
2723,nh845@gmail.com
2724,shreya7389@gmail.com
2725,amt013@gmail.com
2726,ravi.dubey81@gmail.com
2727,jchauhan135@gmail.com
2728,aarav.sharma89@gmail.com
2729,yash.roy19@gmail.com
2730,comet_sneha96@gmail.com
2731,chirag.gupta32@gmail.com
2732,aditi38@gmail.com
2733,aiyer800@gmail.com
2734,amishra803@gmail.com
2735,yash2@gmail.com
2736,imran.shah1@gmail.com
2737,knl052@gmail.com
2738,nali987@gmail.com
2739,blaze_yash65@gmail.com
2740,rv033@gmail.com
2741,simran652@gmail.com
2742,shry786@gmail.com
2743,lion449@gmail.com
2744,rht562@gmail.com
2745,amt793@gmail.com
2746,viper913@gmail.com
2747,amit.sharma67@gmail.com
2748,ayaan_tiwari91@gmail.com
2749,sonam5734@gmail.com
2750,arv596@gmail.com
2751,ravi.pandey64@gmail.com
2752,raj.ahmed97@gmail.com
2753,storm_x693@gmail.com
2754,dvy557@gmail.com
2755,tanmays2005@gmail.com
2756,nisha.paul89@gmail.com
2757,ritesh.chauhan42@gmail.com
2758,sbhatt945@gmail.com
2759,chrg029@gmail.com
2760,tanvi_ali@gmail.com
2761,abhi9036@gmail.com
2762,nh161@gmail.com
2763,guddu_aarav91@gmail.com
2764,blaze475@gmail.com
2765,raj.sharma39@gmail.com
2766,payalp2006@gmail.com
2767,pjoshi995@gmail.com
2768,megha.tiwari41@gmail.com
2769,pankaj4391@gmail.com
2770,aarav.rana20@gmail.com
2771,ayaan903@gmail.com
2772,orbit172@gmail.com
2773,abhay6192@gmail.com
2774,rht485@gmail.com
2775,mnsh542@gmail.com
2776,manish.mehta13@gmail.com
2777,vvk169@gmail.com
2778,lion_kunal99@gmail.com
2779,vshah640@gmail.com
2780,hunter861@gmail.com
2781,ritikap2000@gmail.com
2782,babu_kabir89@gmail.com
2783,sara_raj@gmail.com
2784,rebel786@gmail.com
2785,zoya.shah73@gmail.com
2786,ritesh_nair@gmail.com
2787,lakshya8097@gmail.com
2788,priya5155@gmail.com
2789,zaid.mehta41@gmail.com
2790,komalr2005@gmail.com
2791,ravi.mishra22@gmail.com
2792,zero288@gmail.com
2793,tiger469@gmail.com
2794,tinku283@gmail.com
2795,smt166@gmail.com
2796,sachin4474@gmail.com
2797,om365@gmail.com
2798,aryan5425@gmail.com
2799,komal8022@gmail.com
2800,nh788@gmail.com
2801,shreya_shah@gmail.com
2802,tushar3965@gmail.com
2803,frost664@gmail.com
2804,rogue263@gmail.com
2805,cobra_muskan55@gmail.com
2806,faiz_shah@gmail.com
2807,storm94@gmail.com
2808,rahul566@gmail.com
2809,comet_anjali26@gmail.com
2810,aryan_khan33@gmail.com
2811,sumits2006@gmail.com
2812,abhi1109@gmail.com
2813,frost71@gmail.com
2814,tushar.reddy51@gmail.com
2815,megha.rana24@gmail.com
2816,rebel92@gmail.com
2817,kunal.ahmed29@gmail.com
2818,frost_megha16@gmail.com
2819,payal3590@gmail.com
2820,ritesh8850@gmail.com
2821,bunty_payal20@gmail.com
2822,jy173@gmail.com
2823,bunty672@gmail.com
2824,faiz1139@gmail.com
2825,pj392@gmail.com
2826,vikas.nair80@gmail.com
2827,aarav_ali@gmail.com
2828,zaid294@gmail.com
2829,srj735@gmail.com
2830,golu180@gmail.com
2831,rebel586@gmail.com
2832,khushi3431@gmail.com
2833,tushar9704@gmail.com
2834,monu_sachin87@gmail.com
2835,nova_tanmay71@gmail.com
2836,rohit_saini@gmail.com
2837,arman2407@gmail.com
2838,karanb2000@gmail.com
2839,raj.rana61@gmail.com
2840,rohit143@gmail.com
2841,sniper210@gmail.com
2842,payals2007@gmail.com
2843,ritesh.pandey46@gmail.com
2844,sksh931@gmail.com
2845,anuj_das@gmail.com
2846,rsh298@gmail.com
2847,kunal.shah90@gmail.com
2848,zsharma471@gmail.com
2849,ninja_ankit60@gmail.com
2850,tiger_isha90@gmail.com
2851,amit9740@gmail.com
2852,ninja230@gmail.com
2853,knl995@gmail.com
2854,aroy379@gmail.com
2855,tushar.saini40@gmail.com
2856,cyber948@gmail.com
2857,abhi4626@gmail.com
2858,tanvi.ali62@gmail.com
2859,isha_yadav@gmail.com
2860,lion_piyush42@gmail.com
2861,abhay.shah6@gmail.com
2862,krn330@gmail.com
2863,turbo374@gmail.com
2864,kabir.verma21@gmail.com
2865,nitish8074@gmail.com
2866,kbr182@gmail.com
2867,storm_x_naman41@gmail.com
2868,sneha8613@gmail.com
2869,raj.joshi86@gmail.com
2870,khushi9628@gmail.com
2871,ankit_iyer19@gmail.com
2872,abhy292@gmail.com
2873,sonam.bhatt95@gmail.com
2874,phoenix117@gmail.com
2875,mohitv2000@gmail.com
2876,turbo_rishi38@gmail.com
2877,kabir.chauhan83@gmail.com
2878,zoya_chauhan@gmail.com
2879,ritesh_shah@gmail.com
2880,om951@gmail.com
2881,priya.thakur34@gmail.com
2882,sachin5971@gmail.com
2883,simran.thakur67@gmail.com
2884,sniper198@gmail.com
2885,gkhan630@gmail.com
2886,agupta305@gmail.com
2887,mht676@gmail.com
2888,rajj2001@gmail.com
2889,faiz_das20@gmail.com
2890,amit_gupta@gmail.com
2891,titan_shreya31@gmail.com
2892,armn619@gmail.com
2893,vr992@gmail.com
2894,storm_x719@gmail.com
2895,nkhan606@gmail.com
2896,khushi4940@gmail.com
2897,mohit1133@gmail.com
2898,sksh060@gmail.com
2899,megha.tiwari34@gmail.com
2900,sachin6550@gmail.com
2901,rocky_anuj48@gmail.com
2902,pj939@gmail.com
2903,parth7615@gmail.com
2904,namanp2004@gmail.com
2905,aditi5129@gmail.com
2906,nkhl981@gmail.com
2907,tanmay6596@gmail.com
2908,arv591@gmail.com
2909,faiz.joshi48@gmail.com
2910,vks681@gmail.com
2911,abhi.raj69@gmail.com
2912,pyadav163@gmail.com
2913,mgh006@gmail.com
2914,spaul760@gmail.com
2915,rohit9667@gmail.com
2916,rebel_ayaan19@gmail.com
2917,tanmay6053@gmail.com
2918,sjoshi192@gmail.com
2919,ananya.rana60@gmail.com
2920,aali187@gmail.com
2921,turbo794@gmail.com
2922,nikhil.sharma25@gmail.com
2923,rocky800@gmail.com
2924,ishn463@gmail.com
2925,pixel571@gmail.com
2926,harsh_tiwari@gmail.com
2927,fz482@gmail.com
2928,ravi.raj74@gmail.com
2929,frost_vivek99@gmail.com
2930,king_zaid1@gmail.com
2931,vikasg2002@gmail.com
2932,lakshya_mishra@gmail.com
2933,neha.mishra34@gmail.com
2934,rohit_ali@gmail.com
2935,akhan207@gmail.com
2936,turbo688@gmail.com
2937,rocky753@gmail.com
2938,sneha.mishra87@gmail.com
2939,babu741@gmail.com
2940,raja_chirag18@gmail.com
2941,sara294@gmail.com
2942,vikas7932@gmail.com
2943,manish_dubey@gmail.com
2944,tanvic2000@gmail.com
2945,ankit.mishra61@gmail.com
2946,averma637@gmail.com
2947,mht282@gmail.com
2948,yroy140@gmail.com
2949,nikhil7212@gmail.com
2950,shadow254@gmail.com
2951,tinku_deepak8@gmail.com
2952,rtsh765@gmail.com
2953,shubham7528@gmail.com
2954,nitish.raj39@gmail.com
2955,parth.mishra38@gmail.com
2956,payal.khan71@gmail.com
2957,shry492@gmail.com
2958,rhl931@gmail.com
2959,shl788@gmail.com
2960,sjha647@gmail.com
2961,snm712@gmail.com
2962,ish199@gmail.com
2963,falcon890@gmail.com
2964,mohitd2008@gmail.com
2965,golu_nikhil64@gmail.com
2966,snh202@gmail.com
2967,cyber_dev24@gmail.com
2968,ayush_kumar@gmail.com
2969,shreya6311@gmail.com
2970,akhan785@gmail.com
2971,sneha1791@gmail.com
2972,ysh955@gmail.com
2973,tanmay_sharma@gmail.com
2974,dev9187@gmail.com
2975,snm001@gmail.com
2976,chotu_jiya89@gmail.com
2977,ananya7354@gmail.com
2978,dy849@gmail.com
2979,imrn208@gmail.com
2980,sonam_thakur@gmail.com
2981,vivek.reddy54@gmail.com
2982,tnv513@gmail.com
2983,jy515@gmail.com
2984,adt385@gmail.com
2985,pooja3444@gmail.com
2986,veer.tiwari97@gmail.com
2987,piyush7560@gmail.com
2988,priya.rana49@gmail.com
2989,znair92@gmail.com
2990,ninja_suraj61@gmail.com
2991,anjali484@gmail.com
2992,komal_ali15@gmail.com
2993,sahil3731@gmail.com
2994,yash_patel61@gmail.com
2995,babu340@gmail.com
2996,shl435@gmail.com
2997,manish6505@gmail.com
2998,kabir_rana@gmail.com
2999,schn432@gmail.com
3000,shreya_mehta@gmail.com
3001,sachin_ali@gmail.com
3002,jatin2865@gmail.com
3003,sparky762@gmail.com
3004,yash1654@gmail.com
3005,orbit617@gmail.com
3006,tanmay_tiwari@gmail.com
3007,nisha1369@gmail.com
3008,sachins2006@gmail.com
3009,arman.mehta1@gmail.com
3010,tinku307@gmail.com
3011,mystic138@gmail.com
3012,jiya.shah92@gmail.com
3013,ritesh_mehta@gmail.com
3014,adt196@gmail.com
3015,raja51@gmail.com
3016,abh544@gmail.com
3017,ravi.thakur67@gmail.com
3018,vikas2266@gmail.com
3019,rishi_yadav50@gmail.com
3020,kunal.gupta91@gmail.com
3021,sarag2006@gmail.com
3022,om624@gmail.com
3023,lion_sakshi77@gmail.com
3024,muskan4299@gmail.com
3025,king_anjali62@gmail.com
3026,mskn551@gmail.com
3027,shubham_ali@gmail.com
3028,tanmay.nair85@gmail.com
3029,faiz2515@gmail.com
3030,chirag8169@gmail.com
3031,pixel_tanvi19@gmail.com
3032,juhi4421@gmail.com
3033,nehar2006@gmail.com
3034,ayaan.chauhan97@gmail.com
3035,anjali5346@gmail.com
3036,rebel_ishaan73@gmail.com
3037,ishaan684@gmail.com
3038,lakshya.patel30@gmail.com
3039,hunter_imran67@gmail.com
3040,king_raj72@gmail.com
3041,manish9176@gmail.com
3042,amit942@gmail.com
3043,pooja9364@gmail.com
3044,tanmay_gupta@gmail.com
3045,rishi2172@gmail.com
3046,lakshya8764@gmail.com
3047,nova_mohit36@gmail.com
3048,tushar6710@gmail.com
3049,kml147@gmail.com
3050,rocky_harsh5@gmail.com
3051,arman2904@gmail.com
3052,payal.das61@gmail.com
3053,mnsh081@gmail.com
3054,rishi.roy70@gmail.com
3055,pooja.ali67@gmail.com
3056,zaid3325@gmail.com
3057,ninja373@gmail.com
3058,harshn2003@gmail.com
3059,sachin5860@gmail.com
3060,kunal.thakur93@gmail.com
3061,anjali6347@gmail.com
3062,ish096@gmail.com
3063,lakshya5016@gmail.com
3064,ayadav264@gmail.com
3065,lucky7947@gmail.com
3066,arv725@gmail.com
3067,falcon311@gmail.com
3068,sonu_sachin72@gmail.com
3069,anny144@gmail.com
3070,rrana583@gmail.com
3071,khsh194@gmail.com
3072,kavya6868@gmail.com
3073,sonu457@gmail.com
3074,sakshi_nair@gmail.com
3075,rohit8064@gmail.com
3076,pj967@gmail.com
3077,amit.kumar27@gmail.com
3078,zy632@gmail.com
3079,shubham_saini49@gmail.com
3080,rv608@gmail.com
3081,kpaul802@gmail.com
3082,lakshya_pandey@gmail.com
3083,pixel_zaid65@gmail.com
3084,ayush_gupta5@gmail.com
3085,ayush1315@gmail.com
3086,aysh177@gmail.com
3087,golu543@gmail.com
3088,chirag_nair93@gmail.com
3089,kiyer56@gmail.com
3090,mohit3263@gmail.com
3091,zd026@gmail.com
3092,tiger729@gmail.com
3093,rohit_reddy@gmail.com
3094,omega305@gmail.com
3095,aryan_mehta20@gmail.com
3096,ritesh_patel91@gmail.com
3097,storm131@gmail.com
3098,hunter869@gmail.com
3099,eagle107@gmail.com
3100,tnv027@gmail.com
3101,vivek.joshi28@gmail.com
3102,gauravr2003@gmail.com
3103,rogue562@gmail.com
3104,jiya9000@gmail.com
3105,isha6594@gmail.com
3106,komal2141@gmail.com
3107,nikhil4440@gmail.com
3108,isha4577@gmail.com
3109,ghost_aryan64@gmail.com
3110,riyer82@gmail.com
3111,storm941@gmail.com
3112,lkshy434@gmail.com
3113,dv482@gmail.com
3114,kbr656@gmail.com
3115,ananyar2004@gmail.com
3116,pchauhan123@gmail.com
3117,sara5518@gmail.com
3118,kml556@gmail.com
3119,harsh_mishra33@gmail.com
3120,rohit.raj72@gmail.com
3121,tushar.thakur48@gmail.com
3122,snh909@gmail.com
3123,storm_rohit41@gmail.com
3124,kunal.thakur39@gmail.com
3125,karan.jha91@gmail.com
3126,simran.kumar86@gmail.com
3127,oms2003@gmail.com
3128,ngupta537@gmail.com
3129,rishi.shah76@gmail.com
3130,kavyap2008@gmail.com
3131,nisha_rana@gmail.com
3132,riya.verma29@gmail.com
3133,anj877@gmail.com
3134,zy195@gmail.com
3135,kavya.mishra66@gmail.com
3136,tanvi8011@gmail.com
3137,rtk407@gmail.com
3138,rishi5026@gmail.com
3139,ayush899@gmail.com
3140,chrg731@gmail.com
3141,aarav8969@gmail.com
3142,abhay.chauhan53@gmail.com
3143,shubham6335@gmail.com
3144,rthakur322@gmail.com
3145,shl845@gmail.com
3146,alpha872@gmail.com
3147,kml639@gmail.com
3148,hunter_sumit28@gmail.com
3149,amit7216@gmail.com
3150,vr255@gmail.com
3151,ayaan614@gmail.com
3152,ankit3828@gmail.com
3153,tushar_nair@gmail.com
3154,lucky.bhatt17@gmail.com
3155,frost405@gmail.com
3156,alpha_pooja92@gmail.com
3157,veer.joshi90@gmail.com
3158,juhi.reddy23@gmail.com
3159,ntsh490@gmail.com
3160,vikas6550@gmail.com
3161,veer_kumar@gmail.com
3162,nsh244@gmail.com
3163,tiger405@gmail.com
3164,pankajr2000@gmail.com
3165,rocky_tanmay6@gmail.com
3166,aysh051@gmail.com
3167,pixel_priya83@gmail.com
3168,megha9892@gmail.com
3169,dyadav517@gmail.com
3170,storm_kunal56@gmail.com
3171,rishig2006@gmail.com
3172,pankaj7642@gmail.com
3173,piyush_das@gmail.com
3174,ananya6310@gmail.com
3175,karan_mishra@gmail.com
3176,faiz.mishra11@gmail.com
3177,skumar796@gmail.com
3178,krn165@gmail.com
3179,karan8064@gmail.com
3180,kunal_patel16@gmail.com
3181,sraj120@gmail.com
3182,pintu824@gmail.com
3183,nitish4234@gmail.com
3184,harsh9141@gmail.com
3185,sahil4200@gmail.com
3186,aditi_rana@gmail.com
3187,pysh411@gmail.com
3188,sara.tiwari93@gmail.com
3189,veer.verma9@gmail.com
3190,aditi.reddy16@gmail.com
3191,cyber997@gmail.com
3192,zaid.gupta80@gmail.com
3193,rrana231@gmail.com
3194,deepak7593@gmail.com
3195,nikhil6661@gmail.com
3196,ayaan3838@gmail.com
3197,sakshi_dubey@gmail.com
3198,komal.das7@gmail.com
3199,dev8032@gmail.com
3200,lucky.patel77@gmail.com
3201,skhan665@gmail.com
3202,pysh808@gmail.com
3203,golu_megha44@gmail.com
3204,pankaj.chauhan26@gmail.com
3205,abhy034@gmail.com
3206,zd699@gmail.com
3207,psharma689@gmail.com
3208,zy467@gmail.com
3209,pixel943@gmail.com
3210,monu950@gmail.com
3211,pixel632@gmail.com
3212,rtk158@gmail.com
3213,zaid_pandey@gmail.com
3214,riteshb2005@gmail.com
3215,shubham6173@gmail.com
3216,chotu104@gmail.com
3217,droy494@gmail.com
3218,hunter118@gmail.com
3219,hpatel718@gmail.com
3220,abhay.joshi57@gmail.com
3221,divya2156@gmail.com
3222,vks465@gmail.com
3223,pkhan719@gmail.com
3224,tanmay3408@gmail.com
3225,neha_gupta@gmail.com
3226,mht301@gmail.com
3227,tmishra918@gmail.com
3228,ravi.saini60@gmail.com
3229,nmn564@gmail.com
3230,ananya.ahmed87@gmail.com
3231,rohit9961@gmail.com
3232,amit.ahmed18@gmail.com
3233,phoenix156@gmail.com
3234,manish.nair30@gmail.com
3235,shadow324@gmail.com
3236,rinku850@gmail.com
3237,turbo_sonam20@gmail.com
3238,anjali3364@gmail.com
3239,isha8432@gmail.com
3240,tanmay.ali11@gmail.com
3241,ananya7265@gmail.com
3242,dragon_jiya94@gmail.com
3243,ninja974@gmail.com
3244,om211@gmail.com
3245,sakshi2605@gmail.com
3246,rebel14@gmail.com
3247,komal7617@gmail.com
3248,kavyab2008@gmail.com
3249,abhay.paul19@gmail.com
3250,nsh974@gmail.com
3251,sbhatt662@gmail.com
3252,pankaj1480@gmail.com
3253,priya6283@gmail.com
3254,ghost766@gmail.com
3255,simran1667@gmail.com
3256,omd2006@gmail.com
3257,guddu22@gmail.com
3258,pooja3009@gmail.com
3259,lucky_mishra80@gmail.com
3260,sonam.nair74@gmail.com
3261,mohit9787@gmail.com
3262,jahmed470@gmail.com
3263,nkhl409@gmail.com
3264,tushar.chauhan44@gmail.com
3265,sakshi_chauhan95@gmail.com
3266,sakshis2002@gmail.com
3267,lakshya_reddy@gmail.com
3268,tanmay7101@gmail.com
3269,tnmy319@gmail.com
3270,komal.mishra23@gmail.com
3271,pmishra735@gmail.com
3272,fkhan722@gmail.com
3273,gaurav8788@gmail.com
3274,chirag.ali10@gmail.com
3275,khsh813@gmail.com
3276,ayush4172@gmail.com
3277,sakshi5880@gmail.com
3278,rj108@gmail.com
3279,sahil.raj43@gmail.com
3280,mohits2007@gmail.com
3281,rpaul301@gmail.com
3282,nikhil8698@gmail.com
3283,isha.nair51@gmail.com
3284,ishaan484@gmail.com
3285,cyber252@gmail.com
3286,cyber767@gmail.com
3287,parth4181@gmail.com
3288,sakshi_saini@gmail.com
3289,tnv862@gmail.com
3290,sonu552@gmail.com
3291,nova_kavya79@gmail.com
3292,abhay_dubey@gmail.com
3293,nisha.bhatt7@gmail.com
3294,naman.dubey8@gmail.com
3295,tiger_sonam82@gmail.com
3296,shreyak2003@gmail.com
3297,sumit7176@gmail.com
3298,sumit.gupta39@gmail.com
3299,raj.jha86@gmail.com
3300,rocky_faiz91@gmail.com
3301,kunal5643@gmail.com
3302,rj801@gmail.com
3303,blaze_tanmay83@gmail.com
3304,muskan.mishra82@gmail.com
3305,nisha1321@gmail.com
3306,tanvi_jha@gmail.com
3307,payal3898@gmail.com
3308,aditi_pandey38@gmail.com
3309,aryan.gupta1@gmail.com
3310,sonam.ahmed5@gmail.com
3311,tinku756@gmail.com
3312,ishaan.das81@gmail.com
3313,spandey989@gmail.com
3314,jh600@gmail.com
3315,shubham3930@gmail.com
3316,hawk_suraj96@gmail.com
3317,sakshi1307@gmail.com
3318,kavya.gupta52@gmail.com
3319,gaurav_joshi@gmail.com
3320,vvk287@gmail.com
3321,sonu_rohit43@gmail.com
3322,chiragt2002@gmail.com
3323,juhib2002@gmail.com
3324,raj1289@gmail.com
3325,pmehta73@gmail.com
3326,rj414@gmail.com
3327,blaze949@gmail.com
3328,adt860@gmail.com
3329,rocky210@gmail.com
3330,babu_sumit2@gmail.com
3331,ravi3619@gmail.com
3332,arnv379@gmail.com
3333,armn584@gmail.com
3334,rinku_sahil36@gmail.com
3335,sparky705@gmail.com
3336,faiz_bhatt70@gmail.com
3337,khushi9994@gmail.com
3338,rebel1@gmail.com
3339,aryan.nair37@gmail.com
3340,isha_paul11@gmail.com
3341,arana700@gmail.com
3342,tanmay3888@gmail.com
3343,gaurav9265@gmail.com
3344,faizt2004@gmail.com
3345,dragon47@gmail.com
3346,sgupta89@gmail.com
3347,krn317@gmail.com
3348,phoenix835@gmail.com
3349,shry645@gmail.com
3350,manish1094@gmail.com
3351,naman1820@gmail.com
3352,lucky2243@gmail.com
3353,suraj3989@gmail.com
3354,aditi.raj86@gmail.com
3355,lkshy923@gmail.com
3356,kvy812@gmail.com
3357,zd733@gmail.com
3358,rahul7012@gmail.com
3359,isha.joshi46@gmail.com
3360,rebel_sneha76@gmail.com
3361,tanvi.ali83@gmail.com
3362,nisha.ali30@gmail.com
3363,ankt187@gmail.com
3364,yash772@gmail.com
3365,sali193@gmail.com
3366,nikhil_tiwari@gmail.com
3367,chirag_roy@gmail.com
3368,storm663@gmail.com
3369,pry632@gmail.com
3370,chrg818@gmail.com
3371,sakshi4841@gmail.com
3372,sneha_nair@gmail.com
3373,anny534@gmail.com
3374,shubhamb2002@gmail.com
3375,krn182@gmail.com
3376,sahil.khan80@gmail.com
3377,imran.nair52@gmail.com
3378,kml203@gmail.com
3379,pixel_karan88@gmail.com
3380,mohit.paul41@gmail.com
3381,jh583@gmail.com
3382,chrg384@gmail.com
3383,amit_sharma38@gmail.com
3384,vsharma258@gmail.com
3385,vikas5722@gmail.com
3386,karan6632@gmail.com
3387,ninja_piyush6@gmail.com
3388,harsh.mishra25@gmail.com
3389,mohit2058@gmail.com
3390,tiger_sneha9@gmail.com
3391,ananya4946@gmail.com
3392,tanvi3772@gmail.com
3393,nmn917@gmail.com
3394,storm_priya23@gmail.com
3395,tnv079@gmail.com
3396,payal_joshi@gmail.com
3397,chotu_piyush25@gmail.com
3398,isha_raj13@gmail.com
3399,ajoshi632@gmail.com
3400,zoyas2000@gmail.com
3401,tanmay_ahmed90@gmail.com
3402,viyer740@gmail.com
3403,sumit.khan62@gmail.com
3404,pj954@gmail.com
3405,jiya8848@gmail.com
3406,suraj.khan56@gmail.com
3407,mgh183@gmail.com
3408,mskn478@gmail.com
3409,abhi7344@gmail.com
3410,faiz_yadav39@gmail.com
3411,anjali296@gmail.com
3412,manish_ahmed@gmail.com
3413,eagle296@gmail.com
3414,grv248@gmail.com
3415,zoya8002@gmail.com
3416,myadav84@gmail.com
3417,guddu_ravi73@gmail.com
3418,meghar2000@gmail.com
3419,viper_tushar7@gmail.com
3420,chrg524@gmail.com
3421,muskan_jha@gmail.com
3422,tnv553@gmail.com
3423,guddu_abhay43@gmail.com
3424,ishaan.joshi12@gmail.com
3425,shreya.thakur42@gmail.com
3426,juhi2745@gmail.com
3427,imran1565@gmail.com
3428,ananya.jha26@gmail.com
3429,sonam9656@gmail.com
3430,cobra806@gmail.com
3431,kunal_tiwari@gmail.com
3432,fz049@gmail.com
3433,adt300@gmail.com
3434,shubham.saini78@gmail.com
3435,ishaan1001@gmail.com
3436,shreya9390@gmail.com
3437,tnmy395@gmail.com
3438,pysh632@gmail.com
3439,krn645@gmail.com
3440,tnv529@gmail.com
3441,payal5861@gmail.com
3442,abhay.raj24@gmail.com
3443,tinku957@gmail.com
3444,mht001@gmail.com
3445,deepak5236@gmail.com
3446,ninja_sara82@gmail.com
3447,tanmay_saini59@gmail.com
3448,comet_piyush17@gmail.com
3449,nova_sachin23@gmail.com
3450,rsh109@gmail.com
3451,babu_naman35@gmail.com
3452,nikhil_bhatt@gmail.com
3453,tnv868@gmail.com
3454,rishi.thakur25@gmail.com
3455,kabir4053@gmail.com
3456,nraj69@gmail.com
3457,shubhamt2003@gmail.com
3458,eagle493@gmail.com
3459,igupta739@gmail.com
3460,sumit1179@gmail.com
3461,ember387@gmail.com
3462,lucky_gupta7@gmail.com
3463,komal2551@gmail.com
3464,parthv2004@gmail.com
3465,orbit722@gmail.com
3466,thunder170@gmail.com
3467,alpha_lakshya53@gmail.com
3468,ayaan591@gmail.com
3469,abhi5798@gmail.com
3470,rogue_ankit26@gmail.com
3471,tthakur382@gmail.com
3472,storm_x20@gmail.com
3473,isha_joshi55@gmail.com
3474,amt487@gmail.com
3475,harsh.das37@gmail.com
3476,sonam9518@gmail.com
3477,cyber88@gmail.com
3478,faiz_iyer90@gmail.com
3479,chotu_nitish49@gmail.com
3480,mchauhan89@gmail.com
3481,raja338@gmail.com
3482,sumit.sharma55@gmail.com
3483,sniper_ankit75@gmail.com
3484,riteshs2001@gmail.com
3485,pkumar887@gmail.com
3486,sonam7768@gmail.com
3487,smt117@gmail.com
3488,sara5239@gmail.com
3489,sksh138@gmail.com
3490,suraj_pandey@gmail.com
3491,ishaan.nair52@gmail.com
3492,nikhil_yadav@gmail.com
3493,kbr911@gmail.com
3494,payal.yadav89@gmail.com
3495,falcon_khushi42@gmail.com
3496,neha.dubey9@gmail.com
3497,asingh981@gmail.com
3498,muskan.chauhan39@gmail.com
3499,mohit4338@gmail.com
3500,pankaj6449@gmail.com
3501,smrn397@gmail.com
3502,naman_das16@gmail.com
3503,aysh374@gmail.com
3504,prth020@gmail.com
3505,amit2528@gmail.com
3506,ayush439@gmail.com
3507,thunder_parth9@gmail.com
3508,sniper77@gmail.com
3509,faiz1555@gmail.com
3510,lucky9384@gmail.com
3511,payal_kumar@gmail.com
3512,sakshi_nair75@gmail.com
3513,omega_sachin99@gmail.com
3514,sr960@gmail.com
3515,manish.singh40@gmail.com
3516,shreya.mehta19@gmail.com
3517,lkshy993@gmail.com
3518,suraj.patel92@gmail.com
3519,aahmed639@gmail.com
3520,arnav.saini88@gmail.com
3521,tinku98@gmail.com
3522,hunter109@gmail.com
3523,ritesh701@gmail.com
3524,srana562@gmail.com
3525,aryan1727@gmail.com
3526,lucky_tiwari98@gmail.com
3527,muskan_reddy@gmail.com
3528,zero_tushar7@gmail.com
3529,naman.iyer82@gmail.com
3530,sumit_nair@gmail.com
3531,om6413@gmail.com
3532,golu931@gmail.com
3533,shl059@gmail.com
3534,nikhil.ahmed84@gmail.com
3535,nitish.nair21@gmail.com
3536,yash_chauhan@gmail.com
3537,monu_priya44@gmail.com
3538,abhi_mishra76@gmail.com
3539,sneha1400@gmail.com
3540,rogue_muskan9@gmail.com
3541,ankit3777@gmail.com
3542,ayaan3854@gmail.com
3543,pyl213@gmail.com
3544,vks807@gmail.com
3545,pooja.mishra68@gmail.com
3546,spatel32@gmail.com
3547,mht002@gmail.com
3548,vikas3878@gmail.com
3549,vikasj2006@gmail.com
3550,vikas_saini@gmail.com
3551,grv147@gmail.com
3552,monu567@gmail.com
3553,hawk_kabir41@gmail.com
3554,rinku_om47@gmail.com
3555,rv020@gmail.com
3556,arman_paul89@gmail.com
3557,faiz4658@gmail.com
3558,tyadav541@gmail.com
3559,sonam.das97@gmail.com
3560,ritesh_kumar83@gmail.com
3561,phoenix536@gmail.com
3562,chotu113@gmail.com
3563,riya9176@gmail.com
3564,faiz_bhatt@gmail.com
3565,aditi_chauhan@gmail.com
3566,imran1047@gmail.com
3567,orbit902@gmail.com
3568,faiz_tiwari75@gmail.com
3569,fz176@gmail.com
3570,aryan3020@gmail.com
3571,dev49@gmail.com
3572,rohit_shah@gmail.com
3573,veer.khan57@gmail.com
3574,chirag4072@gmail.com
3575,anuj5257@gmail.com
3576,ankit_raj17@gmail.com
3577,diyat2008@gmail.com
3578,mohit3138@gmail.com
3579,deepakb2004@gmail.com
3580,yash.gupta89@gmail.com
3581,dev9448@gmail.com
3582,alpha218@gmail.com
3583,rogue925@gmail.com
3584,anj314@gmail.com
3585,aiyer364@gmail.com
3586,blaze_isha1@gmail.com
3587,oyadav271@gmail.com
3588,tanmay.jha20@gmail.com
3589,schn120@gmail.com
3590,turbo443@gmail.com
3591,pankaj7421@gmail.com
3592,riya.roy55@gmail.com
3593,kvy631@gmail.com
3594,nbhatt128@gmail.com
3595,arnav.ahmed60@gmail.com
3596,yashv2008@gmail.com
3597,nitish_iyer9@gmail.com
3598,rtsh218@gmail.com
3599,nsh062@gmail.com
3600,sdas248@gmail.com
3601,gaurav2441@gmail.com
3602,hrsh104@gmail.com
3603,omega417@gmail.com
3604,pintu_naman17@gmail.com
3605,phoenix_vivek16@gmail.com
3606,anny243@gmail.com
3607,abhays2008@gmail.com
3608,rohitp2003@gmail.com
3609,megha7521@gmail.com
3610,jatin.shah82@gmail.com
3611,ishn431@gmail.com
3612,jh053@gmail.com
3613,jbhatt623@gmail.com
3614,blaze_aditi31@gmail.com
3615,titan454@gmail.com
3616,storm34@gmail.com
3617,sonam.gupta16@gmail.com
3618,monu233@gmail.com
3619,gaurav5217@gmail.com
3620,jiya.rana42@gmail.com
3621,rahul.mishra70@gmail.com
3622,abhay.sharma2@gmail.com
3623,orbit_chirag94@gmail.com
3624,payal_tiwari@gmail.com
3625,chirag.patel93@gmail.com
3626,chotu_mohit66@gmail.com
3627,blaze303@gmail.com
3628,anair87@gmail.com
3629,aryn239@gmail.com
3630,dvy689@gmail.com
3631,vsingh715@gmail.com
3632,knair24@gmail.com
3633,ankit5832@gmail.com
3634,turbo141@gmail.com
3635,imran_raj78@gmail.com
3636,deepak.mehta20@gmail.com
3637,payalj2001@gmail.com
3638,lakshya1716@gmail.com
3639,ananya1936@gmail.com
3640,lcky353@gmail.com
3641,frost384@gmail.com
3642,arv775@gmail.com
3643,isha7312@gmail.com
3644,tanvi1187@gmail.com
3645,kabir2325@gmail.com
3646,zaidb2008@gmail.com
3647,prth441@gmail.com
3648,raja402@gmail.com
3649,piyushm2008@gmail.com
3650,rohit.mishra17@gmail.com
3651,anuj_raj44@gmail.com
3652,falcon_nitish80@gmail.com
3653,smrn777@gmail.com
3654,armn194@gmail.com
3655,ankit865@gmail.com
3656,shl531@gmail.com
3657,tanmay.roy83@gmail.com
3658,ayush4185@gmail.com
3659,phoenix344@gmail.com
3660,titan_deepak55@gmail.com
3661,zoya_nair80@gmail.com
3662,karan7314@gmail.com
3663,ayn736@gmail.com
3664,jatin1112@gmail.com
3665,chrg735@gmail.com
3666,gaurav299@gmail.com
3667,anuj_ahmed@gmail.com
3668,mnsh385@gmail.com
3669,pooja5683@gmail.com
3670,lion310@gmail.com
3671,ritikag2001@gmail.com
3672,dpk352@gmail.com
3673,npandey503@gmail.com
3674,pankaj_saini62@gmail.com
3675,sneha598@gmail.com
3676,shadow131@gmail.com
3677,gaurav1498@gmail.com
3678,kunal_gupta53@gmail.com
3679,sonam8799@gmail.com
3680,ravi6938@gmail.com
3681,gaurav1701@gmail.com
3682,abhay.iyer34@gmail.com
3683,priya.ahmed85@gmail.com
3684,titan958@gmail.com
3685,megha_chauhan@gmail.com
3686,dv891@gmail.com
3687,pj380@gmail.com
3688,aditi_khan@gmail.com
3689,tushar_mehta61@gmail.com
3690,thunder780@gmail.com
3691,guddu526@gmail.com
3692,lraj541@gmail.com
3693,deepak.singh92@gmail.com
3694,ysh917@gmail.com
3695,ninja821@gmail.com
3696,blaze51@gmail.com
3697,zd119@gmail.com
3698,muskan.verma53@gmail.com
3699,dmehta309@gmail.com
3700,vks516@gmail.com
3701,zaid394@gmail.com
3702,nitish.reddy52@gmail.com
3703,harsh_raj@gmail.com
3704,sksh317@gmail.com
3705,lucky_chauhan@gmail.com
3706,ritika.pandey22@gmail.com
3707,pixel_payal19@gmail.com
3708,parth2899@gmail.com
3709,vikas_ahmed@gmail.com
3710,ayaanv2008@gmail.com
3711,deepak173@gmail.com
3712,abhi8424@gmail.com
3713,sakshi6741@gmail.com
3714,mht052@gmail.com
3715,neha6854@gmail.com
3716,comet924@gmail.com
3717,wolf461@gmail.com
3718,abhay.nair56@gmail.com
3719,kunal.mehta13@gmail.com
3720,vikasd2003@gmail.com
3721,niyer873@gmail.com
3722,kbr330@gmail.com
3723,rtiwari740@gmail.com
3724,lucky3265@gmail.com
3725,sumit.saini82@gmail.com
3726,sachin.iyer91@gmail.com
3727,viper_harsh19@gmail.com
3728,king445@gmail.com
3729,smt079@gmail.com
3730,muskan3338@gmail.com
3731,ayaan_verma@gmail.com
3732,dev_ahmed@gmail.com
3733,anuj6113@gmail.com
3734,vkhan791@gmail.com
3735,rbhatt783@gmail.com
3736,jh647@gmail.com
3737,storm_ritesh41@gmail.com
3738,sahil_reddy@gmail.com
3739,ravi_saini@gmail.com
3740,mht544@gmail.com
3741,cobra249@gmail.com
3742,rht778@gmail.com
3743,piyush.jha62@gmail.com
3744,riyer567@gmail.com
3745,raja591@gmail.com
3746,ssingh572@gmail.com
3747,wolf74@gmail.com
3748,anjali.mishra63@gmail.com
3749,vikas.nair36@gmail.com
3750,riya6759@gmail.com
3751,sbhatt955@gmail.com
3752,amit144@gmail.com
3753,kvy203@gmail.com
3754,lucky9383@gmail.com
3755,storm_x_anjali81@gmail.com
3756,priya4411@gmail.com
3757,sparky609@gmail.com
3758,abh552@gmail.com
3759,tanvi2053@gmail.com
3760,mystic_vikas12@gmail.com
3761,rj819@gmail.com
3762,mystic_sumit29@gmail.com
3763,manish8402@gmail.com
3764,sahil_patel@gmail.com
3765,ayush6367@gmail.com
3766,sahil.roy16@gmail.com
3767,abhy686@gmail.com
3768,om.sharma79@gmail.com
3769,parth_reddy@gmail.com
3770,nmn587@gmail.com
3771,ritikag2007@gmail.com
3772,rinku426@gmail.com
3773,rogue587@gmail.com
3774,rocky_sakshi14@gmail.com
3775,payal7933@gmail.com
3776,kunal.das7@gmail.com
3777,rtk366@gmail.com
3778,khushi.sharma12@gmail.com
3779,muskan_ali68@gmail.com
3780,sraj174@gmail.com
3781,faizp2003@gmail.com
3782,zaids2001@gmail.com
3783,draj373@gmail.com
3784,jkhan469@gmail.com
3785,nova900@gmail.com
3786,abhy230@gmail.com
3787,ritika655@gmail.com
3788,omega98@gmail.com
3789,sara4499@gmail.com
3790,ankitr2001@gmail.com
3791,tushar_pandey@gmail.com
3792,ravi8237@gmail.com
3793,lion_lakshya90@gmail.com
3794,sachinp2003@gmail.com
3795,abhatt864@gmail.com
3796,mystic670@gmail.com
3797,nisha.saini27@gmail.com
3798,snm095@gmail.com
3799,ishaant2004@gmail.com
3800,ysh903@gmail.com
3801,jatin.ahmed59@gmail.com
3802,sachin.verma37@gmail.com
3803,vks077@gmail.com
3804,tyadav727@gmail.com
3805,lion_chirag15@gmail.com
3806,arman_joshi@gmail.com
3807,suraj_das@gmail.com
3808,anuj9637@gmail.com
3809,golu321@gmail.com
3810,anjl343@gmail.com
3811,ishaanj2007@gmail.com
3812,shubham9087@gmail.com
3813,shubham425@gmail.com
3814,mnsh361@gmail.com
3815,anuj_dubey@gmail.com
3816,cyber_kavya21@gmail.com
3817,arnv363@gmail.com
3818,spatel869@gmail.com
3819,pixel283@gmail.com
3820,jy116@gmail.com
3821,aryan85@gmail.com
3822,faiz_mehta@gmail.com
3823,rohit7682@gmail.com
3824,dy213@gmail.com
3825,abhir2004@gmail.com
3826,cyber_aryan7@gmail.com
3827,jpandey506@gmail.com
3828,viper59@gmail.com
3829,deepak.patel89@gmail.com
3830,skhan812@gmail.com
3831,arman8848@gmail.com
3832,anj632@gmail.com
3833,abhay36@gmail.com
3834,zoya8622@gmail.com
3835,cobra886@gmail.com
3836,cobra571@gmail.com
3837,smt464@gmail.com
3838,zero706@gmail.com
3839,ananya.jha14@gmail.com
3840,kdas678@gmail.com
3841,shubham.ali31@gmail.com
3842,dvy858@gmail.com
3843,sonu625@gmail.com
3844,mohit5838@gmail.com
3845,sahilr2002@gmail.com
3846,shadow_tushar78@gmail.com
3847,kbr565@gmail.com
3848,raja727@gmail.com
3849,sumit_mehta@gmail.com
3850,thunder_pankaj55@gmail.com
3851,vivek.roy76@gmail.com
3852,pverma229@gmail.com
3853,nkhl568@gmail.com
3854,simran_sharma@gmail.com
3855,pmishra279@gmail.com
3856,sumit2001@gmail.com
3857,yash4302@gmail.com
3858,omega472@gmail.com
3859,orbit89@gmail.com
3860,ishaan4260@gmail.com
3861,rhl474@gmail.com
3862,ananya.shah38@gmail.com
3863,kavya2208@gmail.com
3864,imran21@gmail.com
3865,knl660@gmail.com
3866,armn734@gmail.com
3867,shreya.singh52@gmail.com
3868,dragon_sumit93@gmail.com
3869,ninja505@gmail.com
3870,tushar.mishra25@gmail.com
3871,rishi7223@gmail.com
3872,khsh252@gmail.com
3873,arv152@gmail.com
3874,adas212@gmail.com
3875,aditi_ahmed@gmail.com
3876,imran9749@gmail.com
3877,sniper494@gmail.com
3878,tushar9112@gmail.com
3879,nmn713@gmail.com
3880,jiya.singh13@gmail.com
3881,sumit.rana54@gmail.com
3882,yash.thakur16@gmail.com
3883,pry399@gmail.com
3884,ananyar2006@gmail.com
3885,jiya9146@gmail.com
3886,hunter205@gmail.com
3887,zaid_reddy24@gmail.com
3888,zaid8529@gmail.com
3889,nikhiln2001@gmail.com
3890,anjali.tiwari16@gmail.com
3891,zoya5205@gmail.com
3892,tushar2754@gmail.com
3893,dy003@gmail.com
3894,sniper_arman59@gmail.com
3895,falcon914@gmail.com
3896,khsh199@gmail.com
3897,sachin.gupta89@gmail.com
3898,shubham4993@gmail.com
3899,smrn055@gmail.com
3900,parth_nair@gmail.com
3901,zero_arman57@gmail.com
3902,rohit8728@gmail.com
3903,sara7477@gmail.com
3904,isha.das66@gmail.com
3905,suraj5409@gmail.com
3906,ravi4431@gmail.com
3907,om150@gmail.com
3908,shreya.dubey81@gmail.com
3909,gali762@gmail.com
3910,payal.verma82@gmail.com
3911,prth731@gmail.com
3912,diya_shah@gmail.com
3913,arv450@gmail.com
3914,raj8165@gmail.com
3915,kabir3396@gmail.com
3916,rocky_dev11@gmail.com
3917,manish_mehta@gmail.com
3918,wolf396@gmail.com
3919,zero962@gmail.com
3920,om1867@gmail.com
3921,muskan6017@gmail.com
3922,zy201@gmail.com
3923,jatin.singh74@gmail.com
3924,piyush3738@gmail.com
3925,dev5650@gmail.com
3926,pysh113@gmail.com
3927,pysh441@gmail.com
3928,vivekp2003@gmail.com
3929,omega887@gmail.com
3930,rroy777@gmail.com
3931,jatin_dubey@gmail.com
3932,rtk528@gmail.com
3933,nisha.bhatt52@gmail.com
3934,shubham_das@gmail.com
3935,omega_pooja7@gmail.com
3936,rocky48@gmail.com
3937,om4251@gmail.com
3938,anjl051@gmail.com
3939,amit6530@gmail.com
3940,kabir.reddy80@gmail.com
3941,rj739@gmail.com
3942,kunalr2001@gmail.com
3943,pmehta884@gmail.com
3944,ayush6198@gmail.com
3945,hkhan442@gmail.com
3946,suraj.saini46@gmail.com
3947,juhi.jha42@gmail.com
3948,dev.tiwari78@gmail.com
3949,storm625@gmail.com
3950,ayaan.roy35@gmail.com
3951,arnav1967@gmail.com
3952,lion589@gmail.com
3953,djoshi606@gmail.com
3954,tanmay.raj53@gmail.com
3955,raj_patel@gmail.com
3956,deepakg2007@gmail.com
3957,khushi5490@gmail.com
3958,manish1398@gmail.com
3959,snh575@gmail.com
3960,titan848@gmail.com
3961,ravi.patel94@gmail.com
3962,orbit5@gmail.com
3963,ntsh993@gmail.com
3964,rogue660@gmail.com
3965,anujt2001@gmail.com
3966,gaurav5586@gmail.com
3967,sparky362@gmail.com
3968,amishra239@gmail.com
3969,lucky2206@gmail.com
3970,golu381@gmail.com
3971,rahul_singh@gmail.com
3972,chotu821@gmail.com
3973,cyber_sneha25@gmail.com
3974,manish.saini99@gmail.com
3975,ritika8708@gmail.com
3976,komalr2002@gmail.com
3977,alpha76@gmail.com
3978,deepak_mishra@gmail.com
3979,aryn261@gmail.com
3980,tushar9517@gmail.com
3981,payal_nair91@gmail.com
3982,raj1206@gmail.com
3983,anjali4644@gmail.com
3984,ninja_shreya37@gmail.com
3985,nehat2003@gmail.com
3986,abhay_thakur93@gmail.com
3987,lion_yash48@gmail.com
3988,abhi5311@gmail.com
3989,nitish154@gmail.com
3990,yash1274@gmail.com
3991,chotu323@gmail.com
3992,ish825@gmail.com
3993,babu_sumit77@gmail.com
3994,eagle693@gmail.com
3995,kavya.paul54@gmail.com
3996,pysh421@gmail.com
3997,veer_shah@gmail.com
3998,kavyar2005@gmail.com
3999,sakshi.raj26@gmail.com
4000,raja683@gmail.com
4001,shbhm813@gmail.com
4002,suraj7580@gmail.com
4003,tshr183@gmail.com
4004,lakshya.yadav48@gmail.com
4005,pnkj956@gmail.com
4006,eagle254@gmail.com
4007,mystic212@gmail.com
4008,aarav.singh75@gmail.com
4009,nikhil3889@gmail.com
4010,zaid.nair24@gmail.com
4011,nikhila2004@gmail.com
4012,sakshi108@gmail.com
4013,sparky_om2@gmail.com
4014,tanvi_mehta@gmail.com
4015,pixel136@gmail.com
4016,tnmy137@gmail.com
4017,ritesh6250@gmail.com
4018,tanvi_roy@gmail.com
4019,veer583@gmail.com
4020,eagle_sumit65@gmail.com
4021,pintu991@gmail.com
4022,neha.sharma30@gmail.com
4023,nitish_mehta87@gmail.com
4024,sakshi_roy@gmail.com
4025,hunter29@gmail.com
4026,mgh028@gmail.com
4027,payal9865@gmail.com
4028,rmehta862@gmail.com
4029,yash_rana4@gmail.com
4030,anjl787@gmail.com
4031,mohit8357@gmail.com
4032,shubham.raj78@gmail.com
4033,crana399@gmail.com
4034,pnkj884@gmail.com
4035,pthakur609@gmail.com
4036,megha9539@gmail.com
4037,dev4900@gmail.com
4038,kdas312@gmail.com
4039,ravi7630@gmail.com
4040,manish6911@gmail.com
4041,hunter99@gmail.com
4042,harsh7696@gmail.com
4043,shubham_pandey@gmail.com
4044,sahil498@gmail.com
4045,ntsh938@gmail.com
4046,knl938@gmail.com
4047,nitish_mehta@gmail.com
4048,shl174@gmail.com
4049,anuj_roy38@gmail.com
4050,comet_yash30@gmail.com
4051,tanvi.nair72@gmail.com
4052,anjali5003@gmail.com
4053,smt606@gmail.com
4054,adt526@gmail.com
4055,sniper20@gmail.com
4056,anjali_kumar@gmail.com
4057,ritika7860@gmail.com
4058,sr681@gmail.com
4059,ninja703@gmail.com
4060,eagle_shreya66@gmail.com
4061,gaurav2947@gmail.com
4062,rogue625@gmail.com
4063,shl835@gmail.com
4064,ishaan_thakur@gmail.com
4065,srana547@gmail.com
4066,tushar_iyer59@gmail.com
4067,rishik2000@gmail.com
4068,lakshya.pandey68@gmail.com
4069,anj478@gmail.com
4070,nitish4347@gmail.com
4071,sr965@gmail.com
4072,ritesh.nair1@gmail.com
4073,wolf_khushi52@gmail.com
4074,zoya7611@gmail.com
4075,tushar8631@gmail.com
4076,anuj5440@gmail.com
4077,achauhan617@gmail.com
4078,tiger136@gmail.com
4079,simran_khan4@gmail.com
4080,fz542@gmail.com
4081,sakshi.verma72@gmail.com
4082,traj717@gmail.com
4083,mht567@gmail.com
4084,stiwari826@gmail.com
4085,viper922@gmail.com
4086,jh173@gmail.com
4087,imran2272@gmail.com
4088,mohit802@gmail.com
4089,pankaj_das24@gmail.com
4090,krn460@gmail.com
4091,armn676@gmail.com
4092,zaid_verma@gmail.com
4093,hunter_ayaan20@gmail.com
4094,vikas6575@gmail.com
4095,pankaj3041@gmail.com
4096,sara_kumar@gmail.com
4097,tushar8449@gmail.com
4098,aryan.pandey30@gmail.com
4099,guddu198@gmail.com
4100,shreyat2006@gmail.com
4101,mgh622@gmail.com
4102,arman_saini39@gmail.com
4103,kavya501@gmail.com
4104,sara_jha@gmail.com
4105,anny449@gmail.com
4106,aarav_chauhan73@gmail.com
4107,guddu_suraj35@gmail.com
4108,golu_ishaan6@gmail.com
4109,divya.chauhan15@gmail.com
4110,smt656@gmail.com
4111,lion401@gmail.com
4112,ankit.yadav1@gmail.com
4113,rv492@gmail.com
4114,sumit_shah43@gmail.com
4115,chirag1313@gmail.com
4116,dragon_sahil62@gmail.com
4117,om498@gmail.com
4118,veer.pandey25@gmail.com
4119,anuj_ali31@gmail.com
4120,lcky217@gmail.com
4121,pankaj_thakur@gmail.com
4122,jh818@gmail.com
4123,pry921@gmail.com
4124,jh729@gmail.com
4125,ritika8899@gmail.com
4126,shubham2678@gmail.com
4127,syadav360@gmail.com
4128,isha2864@gmail.com
4129,yash.joshi10@gmail.com
4130,mskn361@gmail.com
4131,simran4189@gmail.com
4132,tanmay.bhatt71@gmail.com
4133,kabir1056@gmail.com
4134,aryan9601@gmail.com
4135,nisha.iyer93@gmail.com
4136,om2676@gmail.com
4137,kunal7826@gmail.com
4138,shbhm430@gmail.com
4139,om627@gmail.com
4140,alpha_kabir56@gmail.com
4141,khsh270@gmail.com
4142,zdas676@gmail.com
4143,pnkj416@gmail.com
4144,sonam5519@gmail.com
4145,khsh759@gmail.com
4146,shreya.nair13@gmail.com
4147,sparky_isha47@gmail.com
4148,gaurav6334@gmail.com
4149,cobra_zoya9@gmail.com
4150,muskan.rana76@gmail.com
4151,tanmay5296@gmail.com
4152,mjha418@gmail.com
4153,jatin.gupta36@gmail.com
4154,deepakn2000@gmail.com
4155,jatin.singh79@gmail.com
4156,payal6812@gmail.com
4157,pankaj.reddy3@gmail.com
4158,nkhl838@gmail.com
4159,naman_roy88@gmail.com
4160,vvk385@gmail.com
4161,sniper_riya55@gmail.com
4162,aroy686@gmail.com
4163,aryn807@gmail.com
4164,riyer298@gmail.com
4165,schauhan897@gmail.com
4166,ritesh1625@gmail.com
4167,vsharma996@gmail.com
4168,sonam4797@gmail.com
4169,jh285@gmail.com
4170,hunter_sneha28@gmail.com
4171,dev.iyer41@gmail.com
4172,phoenix_imran70@gmail.com
4173,kml334@gmail.com
4174,sahil8206@gmail.com
4175,lkshy303@gmail.com
4176,megha2938@gmail.com
4177,cyber380@gmail.com
4178,zero_rohit85@gmail.com
4179,om_joshi@gmail.com
4180,ayn128@gmail.com
4181,pnkj552@gmail.com
4182,harsh_kumar@gmail.com
4183,ry994@gmail.com
4184,riya1097@gmail.com
4185,muskan8014@gmail.com
4186,sachind2006@gmail.com
4187,harsh3463@gmail.com
4188,comet75@gmail.com
4189,rinku588@gmail.com
4190,atiwari975@gmail.com
4191,poojap2001@gmail.com
4192,kgupta309@gmail.com
4193,kabir5656@gmail.com
4194,amt728@gmail.com
4195,payal5114@gmail.com
4196,vvk924@gmail.com
4197,mnsh940@gmail.com
4198,ntsh377@gmail.com
4199,zy450@gmail.com
4200,riya9538@gmail.com
4201,ravi1287@gmail.com
4202,orbit_muskan75@gmail.com
4203,anjali.verma96@gmail.com
4204,amt567@gmail.com
4205,guddu889@gmail.com
4206,sara_joshi@gmail.com
4207,tinku_mohit59@gmail.com
4208,pahmed43@gmail.com
4209,sneha1053@gmail.com
4210,veer.bhatt89@gmail.com
4211,zaid.rana16@gmail.com
4212,pintu603@gmail.com
4213,pkhan642@gmail.com
4214,nsh321@gmail.com
4215,tyadav778@gmail.com
4216,bunty910@gmail.com
4217,mali685@gmail.com
4218,aditib2005@gmail.com
4219,storm_x749@gmail.com
4220,abhy847@gmail.com
4221,kunal194@gmail.com
4222,ninja181@gmail.com
4223,fz747@gmail.com
4224,mrana393@gmail.com
4225,karanm2005@gmail.com
4226,zy480@gmail.com
4227,mohit2026@gmail.com
4228,nitish7012@gmail.com
4229,arnav8759@gmail.com
4230,simran.bhatt96@gmail.com
4231,nkhl802@gmail.com
4232,aditi.chauhan36@gmail.com
4233,nishas2000@gmail.com
4234,pixel694@gmail.com
4235,surajb2005@gmail.com
4236,sakshi_iyer@gmail.com
4237,aryan4567@gmail.com
4238,payal8047@gmail.com
4239,aryn453@gmail.com
4240,deepak_khan@gmail.com
4241,lucky.nair53@gmail.com
4242,spandey870@gmail.com
4243,vikas.raj31@gmail.com
4244,zero_naman5@gmail.com
4245,viper984@gmail.com
4246,nishap2001@gmail.com
4247,ayn933@gmail.com
4248,sonam_pandey@gmail.com
4249,khushi_jha11@gmail.com
4250,pnkj968@gmail.com
4251,shubham4393@gmail.com
4252,tnv453@gmail.com
4253,nehak2008@gmail.com
4254,ankt987@gmail.com
4255,lakshya.rana74@gmail.com
4256,yash9501@gmail.com
4257,dpk940@gmail.com
4258,pintu316@gmail.com
4259,rhl712@gmail.com
4260,zd861@gmail.com
4261,zdubey481@gmail.com
4262,sjoshi153@gmail.com
4263,snehar2000@gmail.com
4264,karan2565@gmail.com
4265,rebel861@gmail.com
4266,zaid_iyer95@gmail.com
4267,aryanj2007@gmail.com
4268,abhi1515@gmail.com
4269,nishas2002@gmail.com
4270,rohit4465@gmail.com
4271,rv733@gmail.com
4272,vks052@gmail.com
4273,simran_das74@gmail.com
4274,dpk563@gmail.com
4275,bunty_diya3@gmail.com
4276,riya_thakur3@gmail.com
4277,zpaul543@gmail.com
4278,nitish.kumar97@gmail.com
4279,tshr028@gmail.com
4280,cyber753@gmail.com
4281,suraj.das33@gmail.com
4282,tushar_shah@gmail.com
4283,ember492@gmail.com
4284,amit2590@gmail.com
4285,kunal6995@gmail.com
4286,arman7230@gmail.com
4287,divya_singh@gmail.com
4288,rahul4349@gmail.com
4289,kabir_yadav26@gmail.com
4290,sonu511@gmail.com
4291,frost110@gmail.com
4292,wolf219@gmail.com
4293,veer7657@gmail.com
4294,srj483@gmail.com
4295,abhi8181@gmail.com
4296,blaze_tanmay38@gmail.com
4297,sparky61@gmail.com
4298,ry133@gmail.com
4299,komal_verma66@gmail.com
4300,arnavg2003@gmail.com
4301,manish.tiwari40@gmail.com
4302,hawk94@gmail.com
4303,rishi_rana@gmail.com
4304,zd089@gmail.com
4305,faiz7770@gmail.com
4306,dvy441@gmail.com
4307,ritesh4834@gmail.com
4308,pixel793@gmail.com
4309,ananya_raj69@gmail.com
4310,nisha6104@gmail.com
4311,zoya3075@gmail.com
4312,vks145@gmail.com
4313,rj698@gmail.com
4314,jsaini429@gmail.com
4315,om882@gmail.com
4316,nova302@gmail.com
4317,zero476@gmail.com
4318,sachin1202@gmail.com
4319,orbit107@gmail.com
4320,aditi2619@gmail.com
4321,dev_nair92@gmail.com
4322,ankit.pandey79@gmail.com
4323,imrn892@gmail.com
4324,tanmay849@gmail.com
4325,smrn950@gmail.com
4326,shadow748@gmail.com
4327,schn911@gmail.com
4328,aryn516@gmail.com
4329,turbo478@gmail.com
4330,ayushr2005@gmail.com
4331,anjali.nair80@gmail.com
4332,kdas9@gmail.com
4333,sakshi_sharma@gmail.com
4334,lshah299@gmail.com
4335,khushi.khan68@gmail.com
4336,vikas7962@gmail.com
4337,ghost186@gmail.com
4338,rnair770@gmail.com
4339,nisha6774@gmail.com
4340,viper65@gmail.com
4341,hrsh998@gmail.com
4342,monu_nitish18@gmail.com
4343,sahil_shah47@gmail.com
4344,simran2509@gmail.com
4345,sthakur287@gmail.com
4346,tnmy578@gmail.com
4347,ritesh2479@gmail.com
4348,aarav_nair37@gmail.com
4349,deepakj2008@gmail.com
4350,simran2565@gmail.com
4351,khushi_dubey11@gmail.com
4352,shl791@gmail.com
4353,rinku271@gmail.com
4354,pixel312@gmail.com
4355,mgh226@gmail.com
4356,bunty15@gmail.com
4357,ishaan6861@gmail.com
4358,dev3880@gmail.com
4359,zd612@gmail.com
4360,rpaul505@gmail.com
4361,khushi.yadav72@gmail.com
4362,zero631@gmail.com
4363,raj.mehta35@gmail.com
4364,comet_abhi1@gmail.com
4365,guddu385@gmail.com
4366,arnavn2004@gmail.com
4367,shadow175@gmail.com
4368,rishi1457@gmail.com
4369,nh195@gmail.com
4370,opatel720@gmail.com
4371,nisha4756@gmail.com
4372,ritika_kumar@gmail.com
4373,smrn094@gmail.com
4374,tanvi5901@gmail.com
4375,chotu_priya18@gmail.com
4376,aarav7796@gmail.com
4377,abhay.gupta69@gmail.com
4378,yash.rana41@gmail.com
4379,rahul.gupta11@gmail.com
4380,adt830@gmail.com
4381,ravi3569@gmail.com
4382,ishaan268@gmail.com
4383,rohit3039@gmail.com
4384,shreya4363@gmail.com
4385,nisha.das75@gmail.com
4386,ninja554@gmail.com
4387,sshah997@gmail.com
4388,shadow70@gmail.com
4389,khushi7846@gmail.com
4390,aahmed599@gmail.com
4391,juhi.rana60@gmail.com
4392,sniper727@gmail.com
4393,arana79@gmail.com
4394,titan403@gmail.com
4395,imrans2001@gmail.com
4396,harsh_mehta@gmail.com
4397,sonam.gupta15@gmail.com
4398,nisha.roy34@gmail.com
4399,tanvia2000@gmail.com
4400,pixel_gaurav55@gmail.com
4401,eagle_rishi78@gmail.com
4402,knl216@gmail.com
4403,aarav.shah73@gmail.com
4404,anjali.verma74@gmail.com
4405,payal.das38@gmail.com
4406,rishi9966@gmail.com
4407,simran_thakur2@gmail.com
4408,phoenix_raj37@gmail.com
4409,nisha_verma43@gmail.com
4410,chirag9698@gmail.com
4411,tshr454@gmail.com
4412,ankit.ali6@gmail.com
4413,ntsh006@gmail.com
4414,nsh790@gmail.com
4415,ravi_roy19@gmail.com
4416,abhay8614@gmail.com
4417,faiz6688@gmail.com
4418,alpha817@gmail.com
4419,rpatel700@gmail.com
4420,juhi.das8@gmail.com
4421,parth.rana93@gmail.com
4422,simran3126@gmail.com
4423,prth197@gmail.com
4424,fz845@gmail.com
4425,nroy998@gmail.com
4426,manishr2005@gmail.com
4427,vr459@gmail.com
4428,faizp2008@gmail.com
4429,mystic528@gmail.com
4430,parth8365@gmail.com
4431,harsh_bhatt76@gmail.com
4432,lucky_jha@gmail.com
4433,nikhil9004@gmail.com
4434,om528@gmail.com
4435,thunder465@gmail.com
4436,tinku578@gmail.com
4437,aditi.chauhan59@gmail.com
4438,ankit1555@gmail.com
4439,ry306@gmail.com
4440,nmishra457@gmail.com
4441,zoya5132@gmail.com
4442,chotu26@gmail.com
4443,rahul.gupta66@gmail.com
4444,simran.nair63@gmail.com
4445,yashp2002@gmail.com
4446,orbit97@gmail.com
4447,tinku798@gmail.com
4448,nitish.ali97@gmail.com
4449,tiger625@gmail.com
4450,nova154@gmail.com
4451,divya.thakur94@gmail.com
4452,rebel391@gmail.com
4453,divya_mehta@gmail.com
4454,naman.patel68@gmail.com
4455,tanvi6466@gmail.com
4456,parthy2008@gmail.com
4457,araj578@gmail.com
4458,harsh.pandey8@gmail.com
4459,zy400@gmail.com
4460,faiz_paul12@gmail.com
4461,anjali9182@gmail.com
4462,rohit.singh58@gmail.com
4463,blaze252@gmail.com
4464,bunty_isha39@gmail.com
4465,mohit_ahmed@gmail.com
4466,tthakur436@gmail.com
4467,orbit139@gmail.com
4468,zoya4262@gmail.com
4469,vikas6500@gmail.com
4470,rht997@gmail.com
4471,comet65@gmail.com
4472,pnkj094@gmail.com
4473,deepak_das@gmail.com
4474,comet90@gmail.com
4475,arnv034@gmail.com
4476,aarav_yadav@gmail.com
4477,sniper482@gmail.com
4478,sniper_dev41@gmail.com
4479,monu632@gmail.com
4480,guddu_vikas98@gmail.com
4481,aditi.saini37@gmail.com
4482,parth.raj8@gmail.com
4483,anny063@gmail.com
4484,thunder229@gmail.com
4485,rtsh750@gmail.com
4486,sakshi.khan92@gmail.com
4487,abhi3181@gmail.com
4488,lion426@gmail.com
4489,comet_priya96@gmail.com
4490,mnsh658@gmail.com
4491,smt362@gmail.com
4492,wolf_chirag75@gmail.com
4493,sahil_singh68@gmail.com
4494,piyush.bhatt34@gmail.com
4495,nisha5579@gmail.com
4496,sonam8102@gmail.com
4497,ritesh.rana63@gmail.com
4498,shadow_piyush75@gmail.com
4499,nmehta50@gmail.com
4500,thunder57@gmail.com
4501,vivek.raj85@gmail.com
4502,viper_abhay94@gmail.com
4503,dahmed229@gmail.com
4504,ayaan492@gmail.com
4505,zaid_iyer@gmail.com
4506,kunal9928@gmail.com
4507,manish6280@gmail.com
4508,pooja_verma@gmail.com
4509,hawk103@gmail.com
4510,hawk953@gmail.com
4511,orbit185@gmail.com
4512,megha.ali76@gmail.com
4513,diya_chauhan@gmail.com
4514,shubham9193@gmail.com
4515,kthakur573@gmail.com
4516,dev.ahmed63@gmail.com
4517,dsaini735@gmail.com
4518,tanvi_ali13@gmail.com
4519,pchauhan804@gmail.com
4520,aysh153@gmail.com
4521,kabir_tiwari23@gmail.com
4522,storm_x_zaid7@gmail.com
4523,dragon979@gmail.com
4524,ayaan.yadav66@gmail.com
4525,falcon756@gmail.com
4526,vikas.verma8@gmail.com
4527,simran3641@gmail.com
4528,tanmay_bhatt81@gmail.com
4529,srj575@gmail.com
4530,chirag.pandey43@gmail.com
4531,hawk493@gmail.com
4532,dvy337@gmail.com
4533,isha.ali12@gmail.com
4534,lucky.iyer23@gmail.com
4535,rv407@gmail.com
4536,ritesh.reddy40@gmail.com
4537,vivek_reddy@gmail.com
4538,deepak.patel53@gmail.com
4539,shl363@gmail.com
4540,ember_juhi49@gmail.com
4541,shreya1224@gmail.com
4542,hunter733@gmail.com
4543,harsh_mehta9@gmail.com
4544,lakshya_ali@gmail.com
4545,dali131@gmail.com
4546,ritika.joshi2@gmail.com
4547,devr2006@gmail.com
4548,zaid6830@gmail.com
4549,divya.yadav60@gmail.com
4550,kunal9982@gmail.com
4551,abhay895@gmail.com
4552,khushi_thakur52@gmail.com
4553,cyber662@gmail.com
4554,kabir3189@gmail.com
4555,sumit.patel98@gmail.com
4556,anujd2002@gmail.com
4557,ghost308@gmail.com
4558,cyber989@gmail.com
4559,ayadav892@gmail.com
4560,priya.singh92@gmail.com
4561,rinku130@gmail.com
4562,jiyer580@gmail.com
4563,jiya7848@gmail.com
4564,ankit_mehta@gmail.com
4565,zoya5832@gmail.com
4566,zoya_paul60@gmail.com
4567,aysh605@gmail.com
4568,sachin5369@gmail.com
4569,golu82@gmail.com
4570,tinku_parth21@gmail.com
4571,tushar5744@gmail.com
4572,sonam.kumar68@gmail.com
4573,ishaan5707@gmail.com
4574,ananya2680@gmail.com
4575,nsh362@gmail.com
4576,omega841@gmail.com
4577,rj661@gmail.com
4578,guddu433@gmail.com
4579,phoenix48@gmail.com
4580,diya2815@gmail.com
4581,nh125@gmail.com
4582,kbr516@gmail.com
4583,imrn616@gmail.com
4584,kabir_reddy74@gmail.com
4585,karan_sharma@gmail.com
4586,zy885@gmail.com
4587,mskn711@gmail.com
4588,arman.dubey99@gmail.com
4589,ember_gaurav41@gmail.com
4590,eagle15@gmail.com
4591,frost818@gmail.com
4592,vivek.tiwari91@gmail.com
4593,sakshit2006@gmail.com
4594,chirag2482@gmail.com
4595,wolf_riya9@gmail.com
4596,amit_sharma@gmail.com
4597,surajs2001@gmail.com
4598,omega_kabir18@gmail.com
4599,sparky685@gmail.com
4600,zy418@gmail.com
4601,divyar2001@gmail.com
4602,gaurav.mishra12@gmail.com
4603,deepak_patel@gmail.com
4604,orbit513@gmail.com
4605,zero_kavya83@gmail.com
4606,ananya_pandey17@gmail.com
4607,rv242@gmail.com
4608,nitish_ahmed27@gmail.com
4609,harsh7262@gmail.com
4610,comet535@gmail.com
4611,sachin4143@gmail.com
4612,sakshi1904@gmail.com
4613,jiya3532@gmail.com
4614,om.singh60@gmail.com
4615,ish427@gmail.com
4616,monu787@gmail.com
4617,lakshyan2006@gmail.com
4618,rahul6738@gmail.com
4619,ravi.pandey44@gmail.com
4620,sneha2041@gmail.com
4621,nh339@gmail.com
4622,abhi7111@gmail.com
4623,rebel_muskan42@gmail.com
4624,sumit255@gmail.com
4625,wolf890@gmail.com
4626,dkumar794@gmail.com
4627,riyac2007@gmail.com
4628,zd586@gmail.com
4629,gaurav.jha37@gmail.com
4630,zoya215@gmail.com
4631,isha3143@gmail.com
4632,ishaan5440@gmail.com
4633,phoenix363@gmail.com
4634,kavya_joshi77@gmail.com
4635,rtsh828@gmail.com
4636,zero719@gmail.com
4637,sroy446@gmail.com
4638,ritika7591@gmail.com
4639,rinku_anjali15@gmail.com
4640,shadow_imran45@gmail.com
4641,rht679@gmail.com
4642,phoenix_lakshya37@gmail.com
4643,naman7401@gmail.com
4644,isha345@gmail.com
4645,hrsh211@gmail.com
4646,sonu506@gmail.com
4647,orbit_divya27@gmail.com
4648,shreya.bhatt34@gmail.com
4649,ysh175@gmail.com
4650,phoenix762@gmail.com
4651,vr192@gmail.com
4652,om8143@gmail.com
4653,guddu204@gmail.com
4654,smt266@gmail.com
4655,pyl411@gmail.com
4656,smt114@gmail.com
4657,faiz5043@gmail.com
4658,vr832@gmail.com
4659,sakshi_gupta@gmail.com
4660,shreya4103@gmail.com
4661,riya_thakur14@gmail.com
4662,nchauhan104@gmail.com
4663,suraj.dubey44@gmail.com
4664,kpatel476@gmail.com
4665,suraj_joshi53@gmail.com
4666,juhi_joshi79@gmail.com
4667,dmehta268@gmail.com
4668,eagle_zaid51@gmail.com
4669,cobra478@gmail.com
4670,pooja.thakur87@gmail.com
4671,dy898@gmail.com
4672,harsh4321@gmail.com
4673,npatel236@gmail.com
4674,om482@gmail.com
4675,lion215@gmail.com
4676,kyadav760@gmail.com
4677,lakshya_nair@gmail.com
4678,atiwari87@gmail.com
4679,omega904@gmail.com
4680,rj378@gmail.com
4681,aryan6327@gmail.com
4682,pintu314@gmail.com
4683,rhl037@gmail.com
4684,simran9023@gmail.com
4685,guddu37@gmail.com
4686,aryan.rana63@gmail.com
4687,sakshi_mehta90@gmail.com
4688,sachin.mishra43@gmail.com
4689,nikhil.nair15@gmail.com
4690,monu_raj50@gmail.com
4691,jiyak2008@gmail.com
4692,kavya_chauhan@gmail.com
4693,anjali1122@gmail.com
4694,sahil2700@gmail.com
4695,ravi4348@gmail.com
4696,tinku481@gmail.com
4697,tnmy092@gmail.com
4698,pooja1463@gmail.com
4699,yash8380@gmail.com
4700,deepak.kumar4@gmail.com
4701,rohit8440@gmail.com
4702,falcon_kavya18@gmail.com
4703,golu795@gmail.com
4704,kavya_das@gmail.com
4705,mgh023@gmail.com
4706,parth4164@gmail.com
4707,kunal1244@gmail.com
4708,phoenix591@gmail.com
4709,srj456@gmail.com
4710,shry554@gmail.com
4711,nh543@gmail.com
4712,rogue108@gmail.com
4713,veer9740@gmail.com
4714,arv724@gmail.com
4715,ghost855@gmail.com
4716,tsharma554@gmail.com
4717,turbo510@gmail.com
4718,ritesh1529@gmail.com
4719,gaurav_raj@gmail.com
4720,mnsh741@gmail.com
4721,mohitr2006@gmail.com
4722,chirag4658@gmail.com
4723,nova764@gmail.com
4724,zero171@gmail.com
4725,mohit9999@gmail.com
4726,smrn843@gmail.com
4727,lion_anjali99@gmail.com
4728,piyush5737@gmail.com
4729,tanmay.gupta6@gmail.com
4730,dv168@gmail.com
4731,anuj.yadav7@gmail.com
4732,mohit6519@gmail.com
4733,areddy347@gmail.com
4734,suraj4668@gmail.com
4735,ravi578@gmail.com
4736,suraj.raj32@gmail.com
4737,chotu723@gmail.com
4738,khushi6095@gmail.com
4739,shadow55@gmail.com
4740,parth.ahmed2@gmail.com
4741,abhim2002@gmail.com
4742,khushi46@gmail.com
4743,amit.dubey34@gmail.com
4744,rhl610@gmail.com
4745,tshr258@gmail.com
4746,hawk462@gmail.com
4747,hrsh232@gmail.com
4748,rishir2005@gmail.com
4749,dpk203@gmail.com
4750,sksh015@gmail.com
4751,simran8725@gmail.com
4752,pahmed209@gmail.com
4753,nthakur740@gmail.com
4754,wolf_naman86@gmail.com
4755,sachin.gupta72@gmail.com
4756,smt574@gmail.com
4757,rtsh560@gmail.com
4758,vikas_nair@gmail.com
4759,alpha576@gmail.com
4760,deepak4363@gmail.com
4761,ritika.paul66@gmail.com
4762,king_harsh79@gmail.com
4763,manish.tiwari9@gmail.com
4764,aarav_bhatt@gmail.com
4765,naman.verma67@gmail.com
4766,sonam.bhatt32@gmail.com
4767,kunal5665@gmail.com
4768,storm603@gmail.com
4769,prth402@gmail.com
4770,sksh437@gmail.com
4771,nisha5624@gmail.com
4772,rtk889@gmail.com
4773,nmn654@gmail.com
4774,zaid1728@gmail.com
4775,pnair474@gmail.com
4776,phoenix144@gmail.com
4777,nsh541@gmail.com
4778,abhayr2000@gmail.com
4779,pnkj701@gmail.com
4780,ayush4550@gmail.com
4781,lcky230@gmail.com
4782,abhay.patel68@gmail.com
4783,sgupta189@gmail.com
4784,payal425@gmail.com
4785,aryan.patel85@gmail.com
4786,averma706@gmail.com
4787,tanvi.thakur41@gmail.com
4788,nshah25@gmail.com
4789,parth_nair85@gmail.com
4790,mohit1866@gmail.com
4791,vikas.shah98@gmail.com
4792,payalp2000@gmail.com
4793,zero661@gmail.com
4794,sachinr2003@gmail.com
4795,parth.gupta99@gmail.com
4796,riya_kumar48@gmail.com
4797,abh933@gmail.com
4798,sniper758@gmail.com
4799,pintu_divya91@gmail.com
4800,tanmay6588@gmail.com
4801,yash.reddy91@gmail.com
4802,golu_tushar78@gmail.com
4803,pooja2413@gmail.com
4804,gaurav_singh49@gmail.com
4805,ravi_sharma@gmail.com
4806,khuship2002@gmail.com
4807,monu_tanmay76@gmail.com
4808,ember953@gmail.com
4809,faiz184@gmail.com
4810,tanvi_yadav51@gmail.com
4811,diya_gupta@gmail.com
4812,ananya.mishra11@gmail.com
4813,guddu696@gmail.com
4814,pdas624@gmail.com
4815,ananya1102@gmail.com
4816,nsh948@gmail.com
4817,simran_ahmed25@gmail.com
4818,ish589@gmail.com
4819,sachin.dubey22@gmail.com
4820,cobra815@gmail.com
4821,sakshiv2004@gmail.com
4822,eagle389@gmail.com
4823,krn036@gmail.com
4824,mgh876@gmail.com
4825,snh140@gmail.com
4826,ananya.gupta71@gmail.com
4827,payal.bhatt16@gmail.com
4828,pooja_roy47@gmail.com
4829,veer_yadav@gmail.com
4830,payal7126@gmail.com
4831,ntsh752@gmail.com
4832,shry885@gmail.com
4833,areddy578@gmail.com
4834,anuj_mishra68@gmail.com
4835,khsh795@gmail.com
4836,arv616@gmail.com
4837,skhan119@gmail.com
4838,naman9493@gmail.com
4839,faiz2596@gmail.com
4840,rahul7860@gmail.com
4841,abhay_joshi@gmail.com
4842,tushar2336@gmail.com
4843,sgupta675@gmail.com
4844,zero_abhay38@gmail.com
4845,nikhil_chauhan@gmail.com
4846,komal8579@gmail.com
4847,mohit1969@gmail.com
4848,abhi.raj99@gmail.com
4849,amit6717@gmail.com
4850,vks234@gmail.com
4851,zaid.shah32@gmail.com
4852,turbo777@gmail.com
4853,ishn149@gmail.com
4854,khushi5882@gmail.com
4855,amitp2002@gmail.com
4856,chrg587@gmail.com
4857,raja_deepak42@gmail.com
4858,mohit_patel@gmail.com
4859,pankaj638@gmail.com
4860,payal.mishra55@gmail.com
4861,rnair754@gmail.com
4862,sachin.bhatt6@gmail.com
4863,iroy524@gmail.com
4864,areddy351@gmail.com
4865,hawk406@gmail.com
4866,anj327@gmail.com
4867,sumit337@gmail.com
4868,vikas4382@gmail.com
4869,chrg192@gmail.com
4870,pnkj752@gmail.com
4871,chrg698@gmail.com
4872,shreya4355@gmail.com
4873,arv723@gmail.com
4874,mgh866@gmail.com
4875,pankaj2350@gmail.com
4876,kavyad2008@gmail.com
4877,raj.reddy2@gmail.com
4878,mmishra936@gmail.com
4879,tanvi_khan@gmail.com
4880,falcon488@gmail.com
4881,chirag1962@gmail.com
4882,sakshi9563@gmail.com
4883,kmehta766@gmail.com
4884,ankit.sharma88@gmail.com
4885,tanvi_shah@gmail.com
4886,payal8312@gmail.com
4887,sksh769@gmail.com
4888,nisha.thakur72@gmail.com
4889,chotu447@gmail.com
4890,nitishm2008@gmail.com
4891,akhan643@gmail.com
4892,amt910@gmail.com
4893,armanj2007@gmail.com
4894,ayaan.joshi90@gmail.com
4895,ntsh502@gmail.com
4896,jh233@gmail.com
4897,nikhila2003@gmail.com
4898,vdubey804@gmail.com
4899,vsharma395@gmail.com
4900,rishi1012@gmail.com
4901,grv945@gmail.com
4902,yash9178@gmail.com
4903,rhl080@gmail.com
4904,karan9334@gmail.com
4905,abhay5516@gmail.com
4906,vikas357@gmail.com
4907,chirag_dubey74@gmail.com
4908,adt205@gmail.com
4909,aarav5430@gmail.com
4910,ishaan_yadav74@gmail.com
4911,pintu129@gmail.com
4912,sakshi44@gmail.com
4913,kabir_paul@gmail.com
4914,parth.bhatt53@gmail.com
4915,vbhatt957@gmail.com
4916,mohit3676@gmail.com
4917,rishi.joshi92@gmail.com
4918,frost296@gmail.com
4919,nova_aryan64@gmail.com
4920,ember660@gmail.com
4921,hunter_vikas34@gmail.com
4922,simran.gupta37@gmail.com
4923,monu689@gmail.com
4924,frost782@gmail.com
4925,lcky146@gmail.com
4926,kabir3133@gmail.com
4927,gaurav.mehta93@gmail.com
4928,bunty111@gmail.com
4929,amt558@gmail.com
4930,zero_karan60@gmail.com
4931,zy608@gmail.com
4932,payal.pandey89@gmail.com
4933,isha_tiwari@gmail.com
4934,riya_singh@gmail.com
4935,arnav6635@gmail.com
4936,rtsh954@gmail.com
4937,isha_pandey85@gmail.com
4938,sdas354@gmail.com
4939,iali218@gmail.com
4940,sksh902@gmail.com
4941,diya.das86@gmail.com
4942,neha_pandey@gmail.com
4943,vikas9758@gmail.com
4944,zero_kunal35@gmail.com
4945,smrn867@gmail.com
4946,pooja_jha@gmail.com
4947,amishra992@gmail.com
4948,nikhil3603@gmail.com
4949,vvk146@gmail.com
4950,turbo42@gmail.com
4951,divya.tiwari4@gmail.com
4952,nitish1327@gmail.com
4953,harsh7378@gmail.com
4954,imran_ali@gmail.com
4955,storm427@gmail.com
4956,comet815@gmail.com
4957,ravi.dubey73@gmail.com
4958,rmehta305@gmail.com
4959,omega661@gmail.com
4960,cyber_rohit36@gmail.com
4961,ritikas2004@gmail.com
4962,kpandey438@gmail.com
4963,abhi7047@gmail.com
4964,fz857@gmail.com
4965,anuj.das45@gmail.com
4966,arnav371@gmail.com
4967,imrn190@gmail.com
4968,komal_chauhan@gmail.com
4969,guddu660@gmail.com
4970,tinku711@gmail.com
4971,muskan_sharma@gmail.com
4972,shubhamg2005@gmail.com
4973,guddu661@gmail.com
4974,rahul.nair42@gmail.com
4975,sniper550@gmail.com
4976,nisha_ali@gmail.com
4977,sneha_rana61@gmail.com
4978,arnav_gupta@gmail.com
4979,adas827@gmail.com
4980,chirag_singh82@gmail.com
4981,rocky128@gmail.com
4982,snm738@gmail.com
4983,pry406@gmail.com
4984,syadav396@gmail.com
4985,tnv771@gmail.com
4986,ritika6664@gmail.com
4987,divya4124@gmail.com
4988,vivek.raj84@gmail.com
4989,anuj.verma31@gmail.com
4990,nitish.rana79@gmail.com
4991,aahmed179@gmail.com
4992,krn235@gmail.com
4993,sdas729@gmail.com
4994,king981@gmail.com
4995,aysh658@gmail.com
4996,rocky785@gmail.com
4997,harsh.mishra45@gmail.com
4998,diya6915@gmail.com
4999,karan7486@gmail.com
5000,rv564@gmail.com
5001,imrans2002@gmail.com
5002,frost769@gmail.com
5003,falcon324@gmail.com
5004,cobra592@gmail.com
5005,megha3024@gmail.com
5006,shl238@gmail.com
5007,harsh6018@gmail.com
5008,juhi9739@gmail.com
5009,schn629@gmail.com
5010,khsh999@gmail.com
5011,npandey988@gmail.com
5012,kavya.patel86@gmail.com
5013,yrana311@gmail.com
5014,juhi2552@gmail.com
5015,anjl522@gmail.com
5016,skumar578@gmail.com
5017,aryan4976@gmail.com
5018,pooja.singh37@gmail.com
5019,ayush5130@gmail.com
5020,payal.patel95@gmail.com
5021,aryan_paul47@gmail.com
5022,sonam_shah80@gmail.com
5023,divya.yadav86@gmail.com
5024,mgh584@gmail.com
5025,jatin8876@gmail.com
5026,simran_paul25@gmail.com
5027,amit7338@gmail.com
5028,arnav.chauhan15@gmail.com
5029,rishi_thakur@gmail.com
5030,ksingh513@gmail.com
5031,mohit_joshi@gmail.com
5032,tanvi.raj31@gmail.com
5033,bunty_tushar90@gmail.com
5034,kunal.verma11@gmail.com
5035,krn746@gmail.com
5036,dy830@gmail.com
5037,iraj486@gmail.com
5038,yash_dubey@gmail.com
5039,mthakur524@gmail.com
5040,shadow193@gmail.com
5041,rohit.iyer4@gmail.com
5042,ritesht2008@gmail.com
5043,naman6467@gmail.com
5044,anjali.bhatt64@gmail.com
5045,dragon_ayush74@gmail.com
5046,yashr2005@gmail.com
5047,zoya_thakur75@gmail.com
5048,priya_reddy@gmail.com
5049,mht860@gmail.com
5050,nisha_joshi33@gmail.com
5051,anjl395@gmail.com
5052,bunty734@gmail.com
5053,lion222@gmail.com
5054,ysh747@gmail.com
5055,rmehta58@gmail.com
5056,aarav7460@gmail.com
5057,ankit.ahmed68@gmail.com
5058,ldas491@gmail.com
5059,chrg703@gmail.com
5060,veer1624@gmail.com
5061,imran.khan26@gmail.com
5062,ninja_ritesh11@gmail.com
5063,kunal_chauhan@gmail.com
5064,mystic284@gmail.com
5065,storm_x962@gmail.com
5066,ritika8544@gmail.com
5067,phoenix767@gmail.com
5068,jiyas2007@gmail.com
5069,amit.ahmed29@gmail.com
5070,tanmay.tiwari84@gmail.com
5071,om_chauhan@gmail.com
5072,abhy662@gmail.com
5073,jy698@gmail.com
5074,nitishp2000@gmail.com
5075,ayaan414@gmail.com
5076,lion549@gmail.com
5077,namans2008@gmail.com
5078,megha_bhatt@gmail.com
5079,rogue953@gmail.com
5080,suraj.patel44@gmail.com
5081,myadav461@gmail.com
5082,mdas709@gmail.com
5083,zoyak2006@gmail.com
5084,smrn006@gmail.com
5085,mnsh300@gmail.com
5086,omg2005@gmail.com
5087,rahul7668@gmail.com
5088,chotu902@gmail.com
5089,lkshy751@gmail.com
5090,ritika.mehta53@gmail.com
5091,storm674@gmail.com
5092,storm_x_pooja93@gmail.com
5093,riteshp2008@gmail.com
5094,khsh105@gmail.com
5095,vivek_singh@gmail.com
5096,golu178@gmail.com
5097,lkshy333@gmail.com
5098,sara.das74@gmail.com
5099,lion_abhay94@gmail.com
5100,suraj5652@gmail.com
5101,schn920@gmail.com
5102,tiger_manish19@gmail.com
5103,sniper303@gmail.com
5104,tnv935@gmail.com
5105,itiwari986@gmail.com
5106,dev.raj23@gmail.com
5107,nsh588@gmail.com
5108,hthakur369@gmail.com
5109,orbit205@gmail.com
5110,zero92@gmail.com
5111,abhi.ali39@gmail.com
5112,amit8155@gmail.com
5113,jtn504@gmail.com
5114,aditi.thakur45@gmail.com
5115,nali805@gmail.com
5116,anjl048@gmail.com
5117,rsh434@gmail.com
5118,harsh9048@gmail.com
5119,tushar5875@gmail.com
5120,dv020@gmail.com
5121,shubham.mishra40@gmail.com
5122,ishaan.iyer24@gmail.com
5123,sonu157@gmail.com
5124,rishi.bhatt34@gmail.com
5125,aryan6540@gmail.com
5126,pixel_gaurav37@gmail.com
5127,vivek1965@gmail.com
5128,sumit.tiwari35@gmail.com
5129,sksh596@gmail.com
5130,gaurav_patel76@gmail.com
5131,pjoshi834@gmail.com
5132,tshr051@gmail.com
5133,falcon558@gmail.com
5134,cyadav149@gmail.com
5135,shubham9987@gmail.com
5136,pooja6932@gmail.com
5137,zaid4877@gmail.com
5138,sneha.mishra44@gmail.com
5139,divya.thakur28@gmail.com
5140,abhi.kumar17@gmail.com
5141,rebel483@gmail.com
5142,ayush.bhatt16@gmail.com
5143,aarav9603@gmail.com
5144,gaurav.roy46@gmail.com
5145,jy306@gmail.com
5146,nova865@gmail.com
5147,ravi937@gmail.com
5148,ayaan783@gmail.com
5149,rebel_jiya52@gmail.com
5150,sakshi_roy43@gmail.com
5151,hawk45@gmail.com
5152,raja953@gmail.com
5153,aditi.thakur89@gmail.com
5154,luckyi2007@gmail.com
5155,imrn393@gmail.com
5156,rohit.reddy35@gmail.com
5157,grv966@gmail.com
5158,jatinj2002@gmail.com
5159,rht075@gmail.com
5160,faiz_verma@gmail.com
5161,khushi3659@gmail.com
5162,dev5807@gmail.com
5163,naman5784@gmail.com
5164,srj003@gmail.com
5165,aarav2060@gmail.com
5166,faiz.chauhan90@gmail.com
5167,yash.das47@gmail.com
5168,chirag.verma48@gmail.com
5169,ember692@gmail.com
5170,ninja641@gmail.com
5171,ananyap2005@gmail.com
5172,kvy236@gmail.com
5173,aarav_patel@gmail.com
5174,viper73@gmail.com
5175,komal.singh73@gmail.com
5176,veer.patel19@gmail.com
5177,tnv761@gmail.com
5178,suraj_ahmed70@gmail.com
5179,nikhil_ali@gmail.com
5180,zaid3843@gmail.com
5181,eagle_pankaj32@gmail.com
5182,smt945@gmail.com
5183,harsh_mishra@gmail.com
5184,sr627@gmail.com
5185,rtk370@gmail.com
5186,imran_mishra@gmail.com
5187,rogue136@gmail.com
5188,guddu420@gmail.com
5189,yash_nair47@gmail.com
5190,sniper508@gmail.com
5191,ankit_paul@gmail.com
5192,sonam39@gmail.com
5193,zoyai2000@gmail.com
5194,sksh278@gmail.com
5195,armn035@gmail.com
5196,lakshya7636@gmail.com
5197,anny576@gmail.com
5198,abhi699@gmail.com
5199,prana93@gmail.com
5200,comet739@gmail.com
5201,sali636@gmail.com
5202,nikhil.shah85@gmail.com
5203,mystic_om56@gmail.com
5204,thunder61@gmail.com
5205,ish072@gmail.com
5206,titan451@gmail.com
5207,juhi5875@gmail.com
5208,rtsh353@gmail.com
5209,ayaan8960@gmail.com
5210,jatin371@gmail.com
5211,komal6391@gmail.com
5212,divya1719@gmail.com
5213,megha_nair@gmail.com
5214,tnv846@gmail.com
5215,ritika7470@gmail.com
5216,hunter638@gmail.com
5217,diya3376@gmail.com
5218,sonu284@gmail.com
5219,arv301@gmail.com
5220,abhay8386@gmail.com
5221,arnv028@gmail.com
5222,sksh337@gmail.com
5223,zaid5336@gmail.com
5224,krn245@gmail.com
5225,prth833@gmail.com
5226,armn864@gmail.com
5227,juhir2007@gmail.com
5228,manish4494@gmail.com
5229,pry776@gmail.com
5230,pyl556@gmail.com
5231,jatin2370@gmail.com
5232,cobra528@gmail.com
5233,harsh.thakur36@gmail.com
5234,arnav4228@gmail.com
5235,vikas1374@gmail.com
5236,arnav4107@gmail.com
5237,hawk_muskan22@gmail.com
5238,khushi_thakur51@gmail.com
5239,wolf589@gmail.com
5240,king_abhay22@gmail.com
5241,sneha.mishra32@gmail.com
5242,rebel_ishaan41@gmail.com
5243,mht304@gmail.com
5244,payal2684@gmail.com
5245,ninja221@gmail.com
5246,kvy544@gmail.com
5247,kavya.kumar82@gmail.com
5248,ankit_roy@gmail.com
5249,aarav7507@gmail.com
5250,piyush_pandey36@gmail.com
5251,mdubey591@gmail.com
5252,ritesh.tiwari27@gmail.com
5253,golu80@gmail.com
5254,isha621@gmail.com
5255,diya.sharma44@gmail.com
5256,nikhil4690@gmail.com
5257,rhl470@gmail.com
5258,om.jha55@gmail.com
5259,sniper_om95@gmail.com
5260,alpha_nitish95@gmail.com
5261,yash507@gmail.com
5262,sara_tiwari@gmail.com
5263,ry439@gmail.com
5264,nnair473@gmail.com
5265,lion410@gmail.com
5266,nitishv2008@gmail.com
5267,eagle_sara4@gmail.com
5268,kunal9894@gmail.com
5269,shreya.das83@gmail.com
5270,ananyaj2008@gmail.com
5271,jahmed585@gmail.com
5272,adt886@gmail.com
5273,phoenix259@gmail.com
5274,rogue607@gmail.com
5275,zaid_shah17@gmail.com
5276,payal2211@gmail.com
5277,devg2000@gmail.com
5278,shubham5130@gmail.com
5279,viper285@gmail.com
5280,simran6473@gmail.com
5281,harsh_gupta3@gmail.com
5282,piyush.shah91@gmail.com
5283,blaze114@gmail.com
5284,divya1565@gmail.com
5285,rsh950@gmail.com
5286,jiya.iyer19@gmail.com
5287,schn675@gmail.com
5288,mystic59@gmail.com
5289,asharma567@gmail.com
5290,sneha5150@gmail.com
5291,sroy124@gmail.com
5292,pj136@gmail.com
5293,rinku624@gmail.com
5294,tanvi_mehta75@gmail.com
5295,turbo802@gmail.com
5296,turbo_nisha32@gmail.com
5297,phoenix964@gmail.com
5298,krn901@gmail.com
5299,anjali1116@gmail.com
5300,gaurav_reddy60@gmail.com
5301,juhi.reddy26@gmail.com
5302,adt993@gmail.com
5303,rogue799@gmail.com
5304,arnav519@gmail.com
5305,aditi.mishra90@gmail.com
5306,sahil.kumar75@gmail.com
5307,shubham_gupta29@gmail.com
5308,falcon_ritesh73@gmail.com
5309,aditi6089@gmail.com
5310,abhi8489@gmail.com
5311,divya_iyer75@gmail.com
5312,piyushr2000@gmail.com
5313,anuj.singh57@gmail.com
5314,jatin8174@gmail.com
5315,tkumar989@gmail.com
5316,rhl586@gmail.com
5317,frost856@gmail.com
5318,ayaan_das@gmail.com
5319,apaul543@gmail.com
5320,khsh634@gmail.com
5321,sara4007@gmail.com
5322,ayush.raj98@gmail.com
5323,wolf628@gmail.com
5324,shubham.bhatt94@gmail.com
5325,anjali.saini43@gmail.com
5326,cyber915@gmail.com
5327,prth257@gmail.com
5328,chirag.yadav79@gmail.com
5329,tanvi.bhatt20@gmail.com
5330,sthakur137@gmail.com
5331,lakshya.patel66@gmail.com
5332,thunder601@gmail.com
5333,jy314@gmail.com
5334,ishn297@gmail.com
5335,orbit394@gmail.com
5336,harsh1304@gmail.com
5337,mgh401@gmail.com
5338,shadow890@gmail.com
5339,manisha2001@gmail.com
5340,rebel6@gmail.com
5341,nitishn2008@gmail.com
5342,simran.chauhan96@gmail.com
5343,nisha1387@gmail.com
5344,pankajp2000@gmail.com
5345,pry877@gmail.com
5346,juhi2002@gmail.com
5347,rahul4311@gmail.com
5348,mystic_suraj2@gmail.com
5349,shl850@gmail.com
5350,anjali6090@gmail.com
5351,eagle848@gmail.com
5352,rogue967@gmail.com
5353,rishi3143@gmail.com
5354,nsingh244@gmail.com
5355,jverma341@gmail.com
5356,neha9615@gmail.com
5357,king255@gmail.com
5358,ishaan_joshi27@gmail.com
5359,nh120@gmail.com
5360,kavya.nair50@gmail.com
5361,ritesh5087@gmail.com
5362,dev.gupta34@gmail.com
5363,turbo_sonam45@gmail.com
5364,komald2006@gmail.com
5365,ritesh.patel65@gmail.com
5366,sr174@gmail.com
5367,deepak_roy@gmail.com
5368,priya6828@gmail.com
5369,tshr868@gmail.com
5370,nova_imran91@gmail.com
5371,mohit.pandey70@gmail.com
5372,kunal8325@gmail.com
5373,om3655@gmail.com
5374,anuj_pandey@gmail.com
5375,guddu_nisha95@gmail.com
5376,deepak.raj78@gmail.com
5377,rinku199@gmail.com
5378,rv391@gmail.com
5379,ishaan_yadav@gmail.com
5380,zaid6876@gmail.com
5381,piyush_shah89@gmail.com
5382,jnair385@gmail.com
5383,arnav.iyer66@gmail.com
5384,ishaan.paul7@gmail.com
5385,pyl928@gmail.com
5386,pixel629@gmail.com
5387,jpandey298@gmail.com
5388,ember34@gmail.com
5389,imran498@gmail.com
5390,anjali_ali@gmail.com
5391,grv475@gmail.com
5392,nova_harsh12@gmail.com
5393,snh223@gmail.com
5394,sshah608@gmail.com
5395,tshah202@gmail.com
5396,ritesh5974@gmail.com
5397,juhi_saini@gmail.com
5398,arman_yadav75@gmail.com
5399,hunter_pankaj2@gmail.com
5400,rohit9191@gmail.com
5401,rsh852@gmail.com
5402,guddu_yash98@gmail.com
5403,aryan.reddy18@gmail.com
5404,shadow584@gmail.com
5405,mht552@gmail.com
5406,rjoshi89@gmail.com
5407,arana361@gmail.com
5408,ritika6077@gmail.com
5409,imranm2006@gmail.com
5410,imran2584@gmail.com
5411,dy225@gmail.com
5412,chotu246@gmail.com
5413,mskn524@gmail.com
5414,kabir8436@gmail.com
5415,namana2007@gmail.com
5416,harsh.jha3@gmail.com
5417,veer6275@gmail.com
5418,phoenix557@gmail.com
5419,arman9343@gmail.com
5420,vr722@gmail.com
5421,pintu14@gmail.com
5422,rrana715@gmail.com
5423,thunder24@gmail.com
5424,tanvi_sharma@gmail.com
5425,karan_dubey34@gmail.com
5426,abhi.jha13@gmail.com
5427,rdubey756@gmail.com
5428,sr058@gmail.com
5429,yash_singh@gmail.com
5430,harsh2670@gmail.com
5431,comet217@gmail.com
5432,tnmy650@gmail.com
5433,schauhan628@gmail.com
5434,storm590@gmail.com
5435,abhay_nair77@gmail.com
5436,khushi_thakur@gmail.com
5437,lakshya.pandey9@gmail.com
5438,falcon17@gmail.com
5439,megha.mehta15@gmail.com
5440,simran.tiwari15@gmail.com
5441,naman.reddy21@gmail.com
5442,hawk344@gmail.com
5443,ananyap2003@gmail.com
5444,priya9775@gmail.com
5445,jiya7674@gmail.com
5446,faiz4397@gmail.com
5447,raj.mehta84@gmail.com
5448,schn057@gmail.com
5449,ravi.verma20@gmail.com
5450,sara.iyer98@gmail.com
5451,tanvi8694@gmail.com
5452,sumit4954@gmail.com
5453,anny583@gmail.com
5454,amit_bhatt@gmail.com
5455,kunal_gupta6@gmail.com
5456,kvy830@gmail.com
5457,orbit_zaid24@gmail.com
5458,ishaan1692@gmail.com
5459,tiger701@gmail.com
5460,lucky_jha60@gmail.com
5461,aryan.paul51@gmail.com
5462,ntsh690@gmail.com
5463,abhay_roy57@gmail.com
5464,sonamt2006@gmail.com
5465,amit_saini@gmail.com
5466,mnsh827@gmail.com
5467,amt621@gmail.com
5468,khushi_saini@gmail.com
5469,pixel476@gmail.com
5470,rpandey704@gmail.com
5471,sneha.ahmed29@gmail.com
5472,jy681@gmail.com
5473,prana314@gmail.com
5474,isha1232@gmail.com
5475,aryn877@gmail.com
5476,khushi.bhatt12@gmail.com
5477,dvy684@gmail.com
5478,nikhil.gupta72@gmail.com
5479,tinku520@gmail.com
5480,nikhil_jha@gmail.com
5481,sumit.bhatt22@gmail.com
5482,khsh589@gmail.com
5483,kabirj2003@gmail.com
5484,khushi9569@gmail.com
5485,rocky_divya14@gmail.com
5486,sonam8183@gmail.com
5487,sjha256@gmail.com
5488,nshah202@gmail.com
5489,sneha_joshi33@gmail.com
5490,sachin6864@gmail.com
5491,gaurav_chauhan@gmail.com
5492,ghost_diya83@gmail.com
5493,shl461@gmail.com
5494,karan_das@gmail.com
5495,rinku_khushi51@gmail.com
5496,zero192@gmail.com
5497,nrana840@gmail.com
5498,sara1751@gmail.com
5499,tanmay.singh70@gmail.com
5500,manish.yadav57@gmail.com
5501,alpha130@gmail.com
5502,juhi.tiwari92@gmail.com
5503,rahul5029@gmail.com
5504,tanvi_reddy45@gmail.com
5505,sniper417@gmail.com
5506,ankit.joshi12@gmail.com
5507,rinku920@gmail.com
5508,amt190@gmail.com
5509,naman_mishra12@gmail.com
5510,payal7604@gmail.com
5511,lion203@gmail.com
5512,abhi.ahmed27@gmail.com
5513,guddu768@gmail.com
5514,tushar8049@gmail.com
5515,anjali7730@gmail.com
5516,sonu920@gmail.com
5517,phoenix988@gmail.com
5518,rajg2003@gmail.com
5519,raj.das12@gmail.com
5520,payal_dubey@gmail.com
5521,aditi8067@gmail.com
5522,rhl391@gmail.com
5523,oms2007@gmail.com
5524,shubham9198@gmail.com
5525,sumit_raj@gmail.com
5526,simran1445@gmail.com
5527,mroy454@gmail.com
5528,zaid.yadav72@gmail.com
5529,pintu828@gmail.com
5530,rsh922@gmail.com
5531,jatin_reddy@gmail.com
5532,amit_singh@gmail.com
5533,lion319@gmail.com
5534,vivek_saini@gmail.com
5535,sparky_tushar41@gmail.com
5536,muskan5897@gmail.com
5537,karan.yadav78@gmail.com
5538,ritesh4568@gmail.com
5539,anjalip2008@gmail.com
5540,rahul5850@gmail.com
5541,zd895@gmail.com
5542,ritika4941@gmail.com
5543,hunter_abhi41@gmail.com
5544,abhi115@gmail.com
5545,tinku678@gmail.com
5546,rebel361@gmail.com
5547,ppandey306@gmail.com
5548,blaze831@gmail.com
5549,jtn242@gmail.com
5550,jh013@gmail.com
5551,rhl113@gmail.com
5552,ananya9683@gmail.com
5553,rchauhan814@gmail.com
5554,rogue63@gmail.com
5555,nisha3874@gmail.com
5556,naman5937@gmail.com
5557,mjha529@gmail.com
5558,chirag.kumar76@gmail.com
5559,gchauhan261@gmail.com
5560,zero324@gmail.com
5561,arv784@gmail.com
5562,divya.thakur40@gmail.com
5563,harsh_das@gmail.com
5564,guddu_raj36@gmail.com
5565,ravi8534@gmail.com
5566,ember391@gmail.com
5567,cobra539@gmail.com
5568,divya8181@gmail.com
5569,myadav763@gmail.com
5570,mskn906@gmail.com
5571,ananya9315@gmail.com
5572,hunter143@gmail.com
5573,nitish1274@gmail.com
5574,monu422@gmail.com
5575,hunter41@gmail.com
5576,aysh875@gmail.com
5577,sr064@gmail.com
5578,sumit5003@gmail.com
5579,pry943@gmail.com
5580,rht699@gmail.com
5581,ishaan5354@gmail.com
5582,nikhil381@gmail.com
5583,priya.rana98@gmail.com
5584,abhay3838@gmail.com
5585,piyush9256@gmail.com
5586,tshr188@gmail.com
5587,ankit_dubey@gmail.com
5588,rajp2002@gmail.com
5589,mnsh489@gmail.com
5590,amit_tiwari@gmail.com
5591,sakshi1679@gmail.com
5592,diya.iyer70@gmail.com
5593,sakshi_singh@gmail.com
5594,mnsh781@gmail.com
5595,rv961@gmail.com
5596,priya.kumar96@gmail.com
5597,omega_divya15@gmail.com
5598,comet_simran42@gmail.com
5599,prth987@gmail.com
5600,sniper490@gmail.com
5601,smt479@gmail.com
5602,ayush7084@gmail.com
5603,pankajk2004@gmail.com
5604,knl886@gmail.com
5605,grv417@gmail.com
5606,yash.joshi9@gmail.com
5607,nsh794@gmail.com
5608,priya.reddy69@gmail.com
5609,mohit_iyer@gmail.com
5610,dvy807@gmail.com
5611,rogue663@gmail.com
5612,sahilj2006@gmail.com
5613,imehta735@gmail.com
5614,hrsh540@gmail.com
5615,piyush2530@gmail.com
5616,ankit_saini@gmail.com
5617,parthr2008@gmail.com
5618,kkhan288@gmail.com
5619,piyush.kumar90@gmail.com
5620,armn169@gmail.com
5621,hawk244@gmail.com
5622,pooja.roy34@gmail.com
5623,rbhatt304@gmail.com
5624,manish2737@gmail.com
5625,anuj_yadav@gmail.com
5626,ish567@gmail.com
5627,jatin499@gmail.com
5628,rtk348@gmail.com
5629,smt555@gmail.com
5630,abhiy2006@gmail.com
5631,raj.paul9@gmail.com
5632,tanvi_yadav44@gmail.com
5633,chirag_bhatt@gmail.com
5634,aarav.kumar23@gmail.com
5635,isha7797@gmail.com
5636,aditi.shah56@gmail.com
5637,ntsh444@gmail.com
5638,jh164@gmail.com
5639,tanmay.mehta28@gmail.com
5640,jatin.reddy51@gmail.com
5641,tnmy927@gmail.com
5642,smt599@gmail.com
5643,payalg2008@gmail.com
5644,veeri2005@gmail.com
5645,jy731@gmail.com
5646,diya.patel28@gmail.com
5647,ktiwari47@gmail.com
5648,rhl649@gmail.com
5649,nkhl022@gmail.com
5650,harsh3037@gmail.com
5651,cyber_sonam44@gmail.com
5652,lcky921@gmail.com
5653,divya.raj62@gmail.com
5654,ryadav877@gmail.com
5655,kavya3592@gmail.com
5656,karan6493@gmail.com
5657,storm_x207@gmail.com
5658,omega_jatin71@gmail.com
5659,faiz.paul91@gmail.com
5660,naman.iyer67@gmail.com
5661,orbit99@gmail.com
5662,alpha375@gmail.com
5663,dragon_isha91@gmail.com
5664,ijoshi113@gmail.com
5665,arnav_saini69@gmail.com
5666,pankaj9571@gmail.com
5667,sonam.mishra68@gmail.com
5668,zdubey945@gmail.com
5669,nitish8711@gmail.com
5670,snehad2008@gmail.com
5671,stiwari571@gmail.com
5672,chrg170@gmail.com
5673,mystic_zaid3@gmail.com
5674,nisha8339@gmail.com
5675,ananya.tiwari69@gmail.com
5676,mgh202@gmail.com
5677,ritesh.nair45@gmail.com
5678,zoya_verma@gmail.com
5679,pyl694@gmail.com
5680,sahil7794@gmail.com
5681,deepak_paul@gmail.com
5682,smt423@gmail.com
5683,neha6295@gmail.com
5684,ajoshi568@gmail.com
5685,pnkj989@gmail.com
5686,hrsh119@gmail.com
5687,pankaj1870@gmail.com
5688,aysh883@gmail.com
5689,eagle_jatin34@gmail.com
5690,ritesh_bhatt25@gmail.com
5691,snm518@gmail.com
5692,turbo_isha1@gmail.com
5693,dy760@gmail.com
5694,komal6871@gmail.com
5695,ayush_rana85@gmail.com
5696,ritesh.das20@gmail.com
5697,ninja793@gmail.com
5698,apaul120@gmail.com
5699,naman_jha29@gmail.com
5700,lion277@gmail.com
5701,neha5141@gmail.com
5702,vikast2004@gmail.com
5703,ishaanr2003@gmail.com
5704,king_sonam19@gmail.com
5705,ravi.khan11@gmail.com
5706,rogue_anuj77@gmail.com
5707,ghost573@gmail.com
5708,pdas571@gmail.com
5709,ananya.singh15@gmail.com
5710,sparky224@gmail.com
5711,priya.kumar28@gmail.com
5712,sakshi7286@gmail.com
5713,comet796@gmail.com
5714,diya.thakur8@gmail.com
5715,nisha6601@gmail.com
5716,rishi_shah59@gmail.com
5717,diya.dubey93@gmail.com
5718,jatin7368@gmail.com
5719,phoenix390@gmail.com
5720,tinku898@gmail.com
5721,sonu134@gmail.com
5722,tanmay.singh33@gmail.com
5723,riya.ahmed22@gmail.com
5724,riteshp2003@gmail.com
5725,rocky528@gmail.com
5726,nikhil5579@gmail.com
5727,juhip2005@gmail.com
5728,shbhm327@gmail.com
5729,srj751@gmail.com
5730,ntsh524@gmail.com
5731,mshah520@gmail.com
5732,ankit3079@gmail.com
5733,dpatel224@gmail.com
5734,tanvi.khan8@gmail.com
5735,riya_tiwari@gmail.com
5736,sparky949@gmail.com
5737,sachin3439@gmail.com
5738,ritika.yadav6@gmail.com
5739,juhi_paul@gmail.com
5740,akumar73@gmail.com
5741,anjl978@gmail.com
5742,nishak2000@gmail.com
5743,tinku738@gmail.com
5744,muskan9890@gmail.com
5745,jatin_pandey@gmail.com
5746,ishn671@gmail.com
5747,knair540@gmail.com
5748,piyush.gupta47@gmail.com
5749,abhay_rana@gmail.com
5750,snm539@gmail.com
5751,ishaan5146@gmail.com
5752,anj791@gmail.com
5753,shadow983@gmail.com
5754,shreya_saini71@gmail.com
5755,mkhan401@gmail.com
5756,lucky_mishra@gmail.com
5757,ijha728@gmail.com
5758,pooja7252@gmail.com
5759,vikas.singh27@gmail.com
5760,pnkj085@gmail.com
5761,chirag7201@gmail.com
5762,snehat2008@gmail.com
5763,diya.dubey65@gmail.com
5764,blaze378@gmail.com
5765,hunter309@gmail.com
5766,storm409@gmail.com
5767,deepak.roy28@gmail.com
5768,chrg430@gmail.com
5769,cobra_arnav31@gmail.com
5770,lcky149@gmail.com
5771,ntsh205@gmail.com
5772,shubham_bhatt@gmail.com
5773,rraj750@gmail.com
5774,khsh910@gmail.com
5775,aryan.roy45@gmail.com
5776,dreddy761@gmail.com
5777,nehaj2008@gmail.com
5778,muskan993@gmail.com
5779,pnkj581@gmail.com
5780,shl955@gmail.com
5781,sniper_suraj18@gmail.com
5782,aarav.gupta3@gmail.com
5783,sonam.iyer16@gmail.com
5784,vr288@gmail.com
5785,abhi2097@gmail.com
5786,rohit2785@gmail.com
5787,aryan.das97@gmail.com
5788,ritika8845@gmail.com
5789,diya.bhatt15@gmail.com
5790,titan_arman10@gmail.com
5791,riteshm2004@gmail.com
5792,king_imran86@gmail.com
5793,sparky350@gmail.com
5794,dv700@gmail.com
5795,arman_pandey@gmail.com
5796,viper239@gmail.com
5797,suraj6141@gmail.com
5798,frost_payal81@gmail.com
5799,parth3336@gmail.com
5800,aarav.paul56@gmail.com
5801,sparky_riya4@gmail.com
5802,sachin3202@gmail.com
5803,khushi.joshi77@gmail.com
5804,khushi964@gmail.com
5805,blaze_ayush79@gmail.com
5806,pintu884@gmail.com
5807,jmehta297@gmail.com
5808,ayn377@gmail.com
5809,guddu693@gmail.com
5810,golu_manish95@gmail.com
5811,zaid7127@gmail.com
5812,lucky316@gmail.com
5813,aditi.nair48@gmail.com
5814,shadow715@gmail.com
5815,abhi_mehta12@gmail.com
5816,ananya6929@gmail.com
5817,imrn251@gmail.com
5818,babu901@gmail.com
5819,tushard2006@gmail.com
5820,vikas429@gmail.com
5821,mnsh554@gmail.com
5822,sachin.ahmed98@gmail.com
5823,surajs2008@gmail.com
5824,kabir7385@gmail.com
5825,shreya.mishra63@gmail.com
5826,mystic668@gmail.com
5827,omega708@gmail.com
5828,viper960@gmail.com
5829,anny072@gmail.com
5830,mht101@gmail.com
5831,rtk395@gmail.com
5832,sneha6239@gmail.com
5833,gdas78@gmail.com
5834,mystic281@gmail.com
5835,ghost_rishi60@gmail.com
5836,viyer797@gmail.com
5837,sara9063@gmail.com
5838,orbit746@gmail.com
5839,ritika_tiwari25@gmail.com
5840,monu309@gmail.com
5841,aryan.gupta9@gmail.com
5842,hrsh582@gmail.com
5843,rhl155@gmail.com
5844,cobra27@gmail.com
5845,turbo883@gmail.com
5846,piyush.verma17@gmail.com
5847,deepak.mishra98@gmail.com
5848,armanc2003@gmail.com
5849,vks108@gmail.com
5850,yash.yadav49@gmail.com
5851,zpandey766@gmail.com
5852,jatin.shah80@gmail.com
5853,aditi.nair18@gmail.com
5854,nikhilj2000@gmail.com
5855,neha8290@gmail.com
5856,ghost_sneha61@gmail.com
5857,chirag_sharma75@gmail.com
5858,dvy587@gmail.com
5859,simran_patel57@gmail.com
5860,anj059@gmail.com
5861,muskan7313@gmail.com
5862,isha2279@gmail.com
5863,sparky813@gmail.com
5864,frost338@gmail.com
5865,aryn502@gmail.com
5866,pysh319@gmail.com
5867,pankaj1214@gmail.com
5868,asaini600@gmail.com
5869,khushi_nair@gmail.com
5870,ish190@gmail.com
5871,priyaa2008@gmail.com
5872,babu617@gmail.com
5873,mnsh237@gmail.com
5874,rtk720@gmail.com
5875,aryan_paul16@gmail.com
5876,piyush4525@gmail.com
5877,nkhl620@gmail.com
5878,zero160@gmail.com
5879,karan4909@gmail.com
5880,chiraga2006@gmail.com
5881,nkhl882@gmail.com
5882,phoenix_arnav72@gmail.com
5883,priya9472@gmail.com
5884,pyl409@gmail.com
5885,shubham.jha64@gmail.com
5886,araj765@gmail.com
5887,rtsh535@gmail.com
5888,cthakur784@gmail.com
5889,rj710@gmail.com
5890,rinku247@gmail.com
5891,srj131@gmail.com
5892,zero958@gmail.com
5893,zoya5327@gmail.com
5894,tushar_paul@gmail.com
5895,srana131@gmail.com
5896,vikas.roy45@gmail.com
5897,shry894@gmail.com
5898,pankaj1119@gmail.com
5899,rj580@gmail.com
5900,anuj_das20@gmail.com
5901,parth322@gmail.com
5902,mohits2004@gmail.com
5903,riya.mishra96@gmail.com
5904,khushi9488@gmail.com
5905,lucky_bhatt@gmail.com
5906,tushar9772@gmail.com
5907,mohit5310@gmail.com
5908,monu380@gmail.com
5909,pankaj.dubey37@gmail.com
5910,snehab2002@gmail.com
5911,viper_kunal24@gmail.com
5912,ritika_mishra34@gmail.com
5913,zd595@gmail.com
5914,payalv2007@gmail.com
5915,viper_ayaan93@gmail.com
5916,abhy360@gmail.com
5917,arnv060@gmail.com
5918,imrn083@gmail.com
5919,smt115@gmail.com
5920,megha3896@gmail.com
5921,pintu189@gmail.com
5922,harsh.pandey97@gmail.com
5923,juhi.chauhan65@gmail.com
5924,sdubey33@gmail.com
5925,falcon662@gmail.com
5926,araj391@gmail.com
5927,nisha_gupta@gmail.com
5928,ntsh707@gmail.com
5929,djoshi262@gmail.com
5930,tanvi.joshi74@gmail.com
5931,veer8956@gmail.com
5932,babu297@gmail.com
5933,mohit694@gmail.com
5934,parth_chauhan95@gmail.com
5935,kavya.singh47@gmail.com
5936,thunder_nikhil64@gmail.com
5937,chrg683@gmail.com
5938,rohit.rana69@gmail.com
5939,abhi.gupta64@gmail.com
5940,pixel456@gmail.com
5941,ayn956@gmail.com
5942,sparky281@gmail.com
5943,arv908@gmail.com
5944,tushar3687@gmail.com
5945,riya_pandey5@gmail.com
5946,sakshi286@gmail.com
5947,lcky783@gmail.com
5948,jy783@gmail.com
5949,viper735@gmail.com
5950,rkhan177@gmail.com
5951,muskan975@gmail.com
5952,vikas.yadav62@gmail.com
5953,guddu_imran95@gmail.com
5954,rht945@gmail.com
5955,titan627@gmail.com
5956,amit8970@gmail.com
5957,pankaj6891@gmail.com
5958,sneha1747@gmail.com
5959,megha.gupta15@gmail.com
5960,ritika.mishra70@gmail.com
5961,kavya6878@gmail.com
5962,kml821@gmail.com
5963,imrn036@gmail.com
5964,ghost613@gmail.com
5965,tushar2318@gmail.com
5966,lakshya7875@gmail.com
5967,tushar.chauhan35@gmail.com
5968,bunty370@gmail.com
5969,rraj102@gmail.com
5970,sneha1640@gmail.com
5971,nitish_raj@gmail.com
5972,knl323@gmail.com
5973,frost_rahul55@gmail.com
5974,schn858@gmail.com
5975,lakshya_ahmed@gmail.com
5976,jiya9962@gmail.com
5977,vivek.reddy7@gmail.com
5978,mystic460@gmail.com
5979,jiya_das@gmail.com
5980,lion_dev51@gmail.com
5981,zero683@gmail.com
5982,blaze429@gmail.com
5983,naman.paul69@gmail.com
5984,cyber_chirag95@gmail.com
5985,aditi.patel47@gmail.com
5986,vks800@gmail.com
5987,aditi.mishra82@gmail.com
5988,rohit.mishra41@gmail.com
5989,neha4688@gmail.com
5990,storm_x_ritika66@gmail.com
5991,vikas.reddy1@gmail.com
5992,neha_yadav92@gmail.com
5993,tanmay2622@gmail.com
5994,iroy759@gmail.com
5995,piyush.chauhan53@gmail.com
5996,lakshya1033@gmail.com
5997,nsh615@gmail.com
5998,jiya.dubey5@gmail.com
5999,tanmay.verma24@gmail.com
6000,vr030@gmail.com
6001,rohit3720@gmail.com
6002,mohit.gupta88@gmail.com
6003,ghost322@gmail.com
6004,sonam_saini33@gmail.com
6005,amit.ahmed40@gmail.com
6006,rht286@gmail.com
6007,vikas.thakur82@gmail.com
6008,cobra_vikas18@gmail.com
6009,lkshy010@gmail.com
6010,anjali.tiwari44@gmail.com
6011,anuj.tiwari49@gmail.com
6012,piyush_khan@gmail.com
6013,parth.tiwari41@gmail.com
6014,deepak.ali88@gmail.com
6015,karan.das79@gmail.com
6016,parth.raj28@gmail.com
6017,kabir.mishra3@gmail.com
6018,faiz9668@gmail.com
6019,pverma41@gmail.com
6020,fz722@gmail.com
6021,anjl200@gmail.com
6022,pnkj313@gmail.com
6023,arnv127@gmail.com
6024,ayush_dubey@gmail.com
6025,comet370@gmail.com
6026,hiyer373@gmail.com
6027,aditi3587@gmail.com
6028,ritika.kumar28@gmail.com
6029,sonam2435@gmail.com
6030,sumit.yadav31@gmail.com
6031,isha.ahmed52@gmail.com
6032,omega704@gmail.com
6033,harsh4998@gmail.com
6034,anjali1331@gmail.com
6035,suraj6062@gmail.com
6036,vivek6345@gmail.com
6037,ritika6654@gmail.com
6038,nsh147@gmail.com
6039,arnav_roy@gmail.com
6040,idas169@gmail.com
6041,simran_ahmed93@gmail.com
6042,rjha450@gmail.com
6043,sachin_yadav@gmail.com
6044,ritesh_ali52@gmail.com
6045,sara.paul6@gmail.com
6046,rtsh601@gmail.com
6047,om772@gmail.com
6048,aryan6287@gmail.com
6049,dvy762@gmail.com
6050,chrg215@gmail.com
6051,khushi.reddy47@gmail.com
6052,zero227@gmail.com
6053,isha5581@gmail.com
6054,anny478@gmail.com
6055,arv794@gmail.com
6056,babu705@gmail.com
6057,babu949@gmail.com
6058,parth.yadav10@gmail.com
6059,rinku_deepak65@gmail.com
6060,hrsh296@gmail.com
6061,pintu_arman53@gmail.com
6062,rpandey479@gmail.com
6063,muskan_ali@gmail.com
6064,rebel761@gmail.com
6065,harsh1199@gmail.com
6066,ayushk2008@gmail.com
6067,raj.mehta55@gmail.com
6068,isha6881@gmail.com
6069,orbit_zoya11@gmail.com
6070,simran.jha11@gmail.com
6071,simran1659@gmail.com
6072,hali86@gmail.com
6073,ankit.kumar25@gmail.com
6074,sachin_iyer@gmail.com
6075,tanvi3746@gmail.com
6076,veer.dubey33@gmail.com
6077,rogue419@gmail.com
6078,jh197@gmail.com
6079,mystic796@gmail.com
6080,payaly2007@gmail.com
6081,lucky_iyer78@gmail.com
6082,tanmay.khan57@gmail.com
6083,suraj1381@gmail.com
6084,manish.ali35@gmail.com
6085,lakshyan2002@gmail.com
6086,babu4@gmail.com
6087,faiz.joshi20@gmail.com
6088,om.sharma54@gmail.com
6089,cyber34@gmail.com
6090,shubham241@gmail.com
6091,ananya_thakur@gmail.com
6092,sahil_tiwari@gmail.com
6093,diya.khan66@gmail.com
6094,tshr637@gmail.com
6095,mohit.patel74@gmail.com
6096,surajr2002@gmail.com
6097,grv504@gmail.com
6098,sonu758@gmail.com
6099,surajr2001@gmail.com
6100,rohit.reddy46@gmail.com
6101,rinku490@gmail.com
6102,smrn338@gmail.com
6103,sahil_gupta@gmail.com
6104,kunal_saini@gmail.com
6105,shreya_saini14@gmail.com
6106,lakshya.reddy2@gmail.com
6107,gaurav4998@gmail.com
6108,blaze558@gmail.com
6109,dv869@gmail.com
6110,nmn481@gmail.com
6111,shubham_sharma@gmail.com
6112,king919@gmail.com
6113,jatin_sharma@gmail.com
6114,faiz9637@gmail.com
6115,mgh612@gmail.com
6116,sksh900@gmail.com
6117,chotu205@gmail.com
6118,deepak_tiwari@gmail.com
6119,grv819@gmail.com
6120,dev.yadav64@gmail.com
6121,ananya6321@gmail.com
6122,khushij2005@gmail.com
6123,ishaant2003@gmail.com
6124,vks809@gmail.com
6125,babu_kavya11@gmail.com
6126,shadow666@gmail.com
6127,eagle427@gmail.com
6128,phoenix502@gmail.com
6129,ysh289@gmail.com
6130,vr100@gmail.com
6131,gaurav.shah41@gmail.com
6132,grv145@gmail.com
6133,tnv323@gmail.com
6134,thunder_zoya37@gmail.com
6135,zero_faiz5@gmail.com
6136,aryn901@gmail.com
6137,lakshya.chauhan89@gmail.com
6138,rht064@gmail.com
6139,zoya.kumar28@gmail.com
6140,sachin.shah33@gmail.com
6141,ritesh.paul64@gmail.com
6142,pj400@gmail.com
6143,king_piyush30@gmail.com
6144,rocky789@gmail.com
6145,pintu511@gmail.com
6146,ayaan_jha@gmail.com
6147,ember_juhi97@gmail.com
6148,rrana326@gmail.com
6149,grv310@gmail.com
6150,pyadav84@gmail.com
6151,viper_neha77@gmail.com
6152,neha.jha39@gmail.com
6153,pooja1839@gmail.com
6154,simran.verma37@gmail.com
6155,ishn524@gmail.com
6156,divya1926@gmail.com
6157,mskn780@gmail.com
6158,naman_gupta@gmail.com
6159,dpk693@gmail.com
6160,blaze_sachin41@gmail.com
6161,ember_jiya94@gmail.com
6162,vks113@gmail.com
6163,ayaan9062@gmail.com
6164,deepak9432@gmail.com
6165,nisha.mishra43@gmail.com
6166,aarav4606@gmail.com
6167,amit.kumar88@gmail.com
6168,lakshya2798@gmail.com
6169,tshr695@gmail.com
6170,aditi.dubey25@gmail.com
6171,eagle164@gmail.com
6172,jsaini393@gmail.com
6173,alpha209@gmail.com
6174,abhay_bhatt77@gmail.com
6175,nmn076@gmail.com
6176,sachin.ali86@gmail.com
6177,ritesh8083@gmail.com
6178,rocky750@gmail.com
6179,simran.verma1@gmail.com
6180,cobra553@gmail.com
6181,ijha794@gmail.com
6182,karan6649@gmail.com
6183,jh671@gmail.com
6184,rgupta67@gmail.com
6185,ntsh511@gmail.com
6186,pbhatt122@gmail.com
6187,rogue_rishi2@gmail.com
6188,abh113@gmail.com
6189,shreya_dubey@gmail.com
6190,pankaj6514@gmail.com
6191,veer4868@gmail.com
6192,turbo417@gmail.com
6193,manish.sharma43@gmail.com
6194,kabir_pandey33@gmail.com
6195,vikas6679@gmail.com
6196,dev_ali68@gmail.com
6197,psaini305@gmail.com
6198,juhi.raj35@gmail.com
6199,rahul_raj@gmail.com
6200,arman.mishra49@gmail.com
6201,ayush_shah77@gmail.com
6202,lakshyaj2006@gmail.com
6203,tanmayr2008@gmail.com
6204,muskan8247@gmail.com
6205,cobra396@gmail.com
6206,piyush590@gmail.com
6207,chotu794@gmail.com
6208,pj505@gmail.com
6209,veer.das91@gmail.com
6210,jtn328@gmail.com
6211,turbo142@gmail.com
6212,zaid.chauhan48@gmail.com
6213,chirag.sharma18@gmail.com
6214,gaurav.chauhan46@gmail.com
6215,khsh653@gmail.com
6216,snm947@gmail.com
6217,nmn959@gmail.com
6218,shadow_kabir68@gmail.com
6219,pankaj.mishra76@gmail.com
6220,zoya_bhatt5@gmail.com
6221,kroy405@gmail.com
6222,megha5205@gmail.com
6223,rahul8910@gmail.com
6224,nitish_gupta@gmail.com
6225,hrsh984@gmail.com
6226,manishb2006@gmail.com
6227,comet569@gmail.com
6228,arman.iyer10@gmail.com
6229,vivek8057@gmail.com
6230,harsh.rana53@gmail.com
6231,mystic987@gmail.com
6232,cyber957@gmail.com
6233,ghost242@gmail.com
6234,jiya_singh65@gmail.com
6235,pintu_ravi48@gmail.com
6236,imrn874@gmail.com
6237,faiz_sharma80@gmail.com
6238,tushar_ali@gmail.com
6239,jatinr2005@gmail.com
6240,sakshi_ahmed5@gmail.com
6241,thunder817@gmail.com
6242,diya2578@gmail.com
6243,kvy681@gmail.com
6244,sumit.gupta25@gmail.com
6245,anny293@gmail.com
6246,golu350@gmail.com
6247,ankit8668@gmail.com
6248,ankit502@gmail.com
6249,sara.shah57@gmail.com
6250,rohit3548@gmail.com
6251,karan3153@gmail.com
6252,sjoshi371@gmail.com
6253,anj577@gmail.com
6254,blaze866@gmail.com
6255,smt197@gmail.com
6256,veer_khan@gmail.com
6257,shbhm823@gmail.com
6258,ankt600@gmail.com
6259,ritika.thakur28@gmail.com
6260,imrn218@gmail.com
6261,manish5908@gmail.com
6262,kroy607@gmail.com
6263,vdubey650@gmail.com
6264,sniper287@gmail.com
6265,fz026@gmail.com
6266,naman_thakur@gmail.com
6267,sneha5695@gmail.com
6268,thunder602@gmail.com
6269,tpatel715@gmail.com
6270,mht114@gmail.com
6271,imran.yadav54@gmail.com
6272,knl959@gmail.com
6273,nitish_dubey34@gmail.com
6274,abhay_mishra@gmail.com
6275,adas894@gmail.com
6276,imran.paul76@gmail.com
6277,aysh328@gmail.com
6278,payal.jha31@gmail.com
6279,suraj.sharma37@gmail.com
6280,saras2008@gmail.com
6281,pankaj3289@gmail.com
6282,komal2707@gmail.com
6283,gaurav_khan55@gmail.com
6284,babu41@gmail.com
6285,ritikad2002@gmail.com
6286,tushar.chauhan99@gmail.com
6287,diya366@gmail.com
6288,sniper_chirag52@gmail.com
6289,chrg086@gmail.com
6290,kavya.mishra94@gmail.com
6291,anuj.khan51@gmail.com
6292,ritesh.gupta51@gmail.com
6293,arnv352@gmail.com
6294,igupta380@gmail.com
6295,babu260@gmail.com
6296,smrn304@gmail.com
6297,guddu652@gmail.com
6298,riyas2007@gmail.com
6299,ayn093@gmail.com
6300,areddy219@gmail.com
6301,chrg948@gmail.com
6302,lion_pooja76@gmail.com
6303,jrana871@gmail.com
6304,sachin.raj66@gmail.com
6305,apaul359@gmail.com
6306,dpk085@gmail.com
6307,ry537@gmail.com
6308,muskan.bhatt57@gmail.com
6309,saching2006@gmail.com
6310,chirag.shah38@gmail.com
6311,khushir2002@gmail.com
6312,jtn090@gmail.com
6313,komal2046@gmail.com
6314,sakshi2056@gmail.com
6315,ankt879@gmail.com
6316,karan_kumar@gmail.com
6317,arnav9058@gmail.com
6318,piyush7109@gmail.com
6319,nikhil.kumar75@gmail.com
6320,snh407@gmail.com
6321,komal.pandey59@gmail.com
6322,shbhm605@gmail.com
6323,cmehta801@gmail.com
6324,sara.mehta74@gmail.com
6325,ravi_iyer@gmail.com
6326,aarav_dubey@gmail.com
6327,mali159@gmail.com
6328,kvy338@gmail.com
6329,diya.joshi43@gmail.com
6330,dsingh366@gmail.com
6331,abhi1782@gmail.com
6332,sumit.reddy59@gmail.com
6333,naman_shah@gmail.com
6334,shreyat2003@gmail.com
6335,orbit543@gmail.com
6336,komal9352@gmail.com
6337,tushar64@gmail.com
6338,manisha2000@gmail.com
6339,anuj.ali75@gmail.com
6340,jiya_khan@gmail.com
6341,juhi4966@gmail.com
6342,abhay7582@gmail.com
6343,diya6338@gmail.com
6344,kbr492@gmail.com
6345,sneha3965@gmail.com
6346,nitishs2003@gmail.com
6347,raj_das@gmail.com
6348,mgh911@gmail.com
6349,dvy429@gmail.com
6350,faizb2002@gmail.com
6351,tinku817@gmail.com
6352,jsaini163@gmail.com
6353,khsh500@gmail.com
6354,rahul.iyer46@gmail.com
6355,ananya7680@gmail.com
6356,jh218@gmail.com
6357,sneha4835@gmail.com
6358,vks689@gmail.com
6359,nikhil_iyer68@gmail.com
6360,omk2006@gmail.com
6361,rinku471@gmail.com
6362,sakshi1612@gmail.com
6363,riya_nair@gmail.com
6364,achauhan641@gmail.com
6365,rebel569@gmail.com
6366,gaurav_ali@gmail.com
6367,sahil.rana95@gmail.com
6368,cobra_anjali83@gmail.com
6369,shadow445@gmail.com
6370,lion_faiz47@gmail.com
6371,aarav5943@gmail.com
6372,diya.nair9@gmail.com
6373,orbit_ananya63@gmail.com
6374,orbit943@gmail.com
6375,anj064@gmail.com
6376,khushi4110@gmail.com
6377,sparky210@gmail.com
6378,rahul_joshi48@gmail.com
6379,diya503@gmail.com
6380,nmn067@gmail.com
6381,alpha69@gmail.com
6382,vvk004@gmail.com
6383,vivek9001@gmail.com
6384,storm_x916@gmail.com
6385,chotu557@gmail.com
6386,sverma907@gmail.com
6387,faiz3608@gmail.com
6388,abhy255@gmail.com
6389,nmn325@gmail.com
6390,rohit.raj83@gmail.com
6391,phoenix_gaurav84@gmail.com
6392,pintu_ayaan79@gmail.com
6393,vreddy410@gmail.com
6394,rsh238@gmail.com
6395,golu587@gmail.com
6396,bunty11@gmail.com
6397,mht204@gmail.com
6398,gaurav5988@gmail.com
6399,anuj.singh19@gmail.com
6400,juhi_verma@gmail.com
6401,ravi6399@gmail.com
6402,priya.yadav7@gmail.com
6403,pooja_reddy30@gmail.com
6404,juhi9970@gmail.com
6405,averma589@gmail.com
6406,dv839@gmail.com
6407,tali111@gmail.com
6408,imrn165@gmail.com
6409,divya5282@gmail.com
6410,yash8809@gmail.com
6411,manish_tiwari@gmail.com
6412,kbr232@gmail.com
6413,khushi_joshi@gmail.com
6414,tiger220@gmail.com
6415,om.mehta7@gmail.com
6416,ayn398@gmail.com
6417,simran6633@gmail.com
6418,hawk165@gmail.com
6419,faiz_jha@gmail.com
6420,deepak.reddy20@gmail.com
6421,chotu136@gmail.com
6422,deepak.shah13@gmail.com
6423,tshr907@gmail.com
6424,sara5488@gmail.com
6425,aryan_singh@gmail.com
6426,sumit_roy60@gmail.com
6427,rhl792@gmail.com
6428,parth1119@gmail.com
6429,pixel762@gmail.com
6430,ritesh.sharma28@gmail.com
6431,faiz1534@gmail.com
6432,sr439@gmail.com
6433,monu779@gmail.com
6434,kali807@gmail.com
6435,aryan6624@gmail.com
6436,rahul.saini36@gmail.com
6437,anny788@gmail.com
6438,ritikar2006@gmail.com
6439,parth_singh@gmail.com
6440,divya.mehta47@gmail.com
6441,opaul751@gmail.com
6442,prana363@gmail.com
6443,grv893@gmail.com
6444,vahmed111@gmail.com
6445,areddy945@gmail.com
6446,ishn467@gmail.com
6447,grv026@gmail.com
6448,babu30@gmail.com
6449,tshr311@gmail.com
6450,vikas.paul27@gmail.com
6451,jkhan923@gmail.com
6452,traj315@gmail.com
6453,shubham.rana13@gmail.com
6454,khushi.iyer5@gmail.com
6455,rinku_deepak57@gmail.com
6456,karan5601@gmail.com
6457,yash.rana31@gmail.com
6458,aysh629@gmail.com
6459,shreya.reddy45@gmail.com
6460,payal.chauhan69@gmail.com
6461,zoya5363@gmail.com
6462,tshr541@gmail.com
6463,viper_arnav88@gmail.com
6464,anny264@gmail.com
6465,piyush.gupta54@gmail.com
6466,kvy705@gmail.com
6467,ishn997@gmail.com
6468,hawk_isha60@gmail.com
6469,rht361@gmail.com
6470,raj.pandey19@gmail.com
6471,phoenix_chirag43@gmail.com
6472,rtsh911@gmail.com
6473,tanvi5330@gmail.com
6474,jnair69@gmail.com
6475,priya_verma@gmail.com
6476,sneha7581@gmail.com
6477,tshr798@gmail.com
6478,raja_vivek58@gmail.com
6479,blaze853@gmail.com
6480,ayush.singh11@gmail.com
6481,pixel_shubham41@gmail.com
6482,sakshi.khan51@gmail.com
6483,omr2003@gmail.com
6484,imrn663@gmail.com
6485,shreya.ali20@gmail.com
6486,dev.ali84@gmail.com
6487,anuj4086@gmail.com
6488,rht121@gmail.com
6489,manish.tiwari81@gmail.com
6490,karan_shah@gmail.com
6491,shry785@gmail.com
6492,tshr085@gmail.com
6493,diya3233@gmail.com
6494,cobra548@gmail.com
6495,phoenix29@gmail.com
6496,phoenix_zaid82@gmail.com
6497,mgh467@gmail.com
6498,titan_deepak34@gmail.com
6499,suraj184@gmail.com
6500,prth277@gmail.com
6501,komal_kumar@gmail.com
6502,dev8209@gmail.com
6503,rishi2372@gmail.com
6504,babu386@gmail.com
6505,muskan.dubey13@gmail.com
6506,parth_tiwari@gmail.com
6507,veer_paul@gmail.com
6508,pixel525@gmail.com
6509,parth9426@gmail.com
6510,tushar.bhatt2@gmail.com
6511,ayaan2929@gmail.com
6512,nova739@gmail.com
6513,eagle497@gmail.com
6514,srj610@gmail.com
6515,vivek9563@gmail.com
6516,jh613@gmail.com
6517,ember795@gmail.com
6518,chirag.iyer61@gmail.com
6519,om1651@gmail.com
6520,mohit_chauhan@gmail.com
6521,lkshy237@gmail.com
6522,mohit5317@gmail.com
6523,ritesh6133@gmail.com
6524,pnkj524@gmail.com
6525,aarav_shah@gmail.com
6526,jiya.shah29@gmail.com
6527,vivek.chauhan22@gmail.com
6528,diya_joshi@gmail.com
6529,bunty905@gmail.com
6530,sumit385@gmail.com
6531,riya3110@gmail.com
6532,frost699@gmail.com
6533,neha.ali60@gmail.com
6534,vthakur631@gmail.com
6535,pixel801@gmail.com
6536,ayush3905@gmail.com
6537,abhi.paul15@gmail.com
6538,khushi.ahmed5@gmail.com
6539,cyber13@gmail.com
6540,nitishg2006@gmail.com
6541,aditip2003@gmail.com
6542,imran.iyer25@gmail.com
6543,ravip2008@gmail.com
6544,shadow_ankit87@gmail.com
6545,ithakur437@gmail.com
6546,sumit5258@gmail.com
6547,zaid.singh88@gmail.com
6548,apandey256@gmail.com
6549,harsh_rana27@gmail.com
6550,sniper137@gmail.com
6551,rhl545@gmail.com
6552,lucky.jha35@gmail.com
6553,muskand2000@gmail.com
6554,kvy804@gmail.com
6555,shubham8988@gmail.com
6556,comet459@gmail.com
6557,sachin5893@gmail.com
6558,yash9017@gmail.com
6559,dy441@gmail.com
6560,chotu_ayaan28@gmail.com
6561,nitishj2007@gmail.com
6562,chotu_karan11@gmail.com
6563,sr462@gmail.com
6564,sksh051@gmail.com
6565,abhi9683@gmail.com
6566,om816@gmail.com
6567,rbhatt536@gmail.com
6568,srj570@gmail.com
6569,rhl661@gmail.com
6570,anjali.kumar84@gmail.com
6571,divya7506@gmail.com
6572,ysh866@gmail.com
6573,lakshya_joshi@gmail.com
6574,nisha_iyer@gmail.com
6575,yash5930@gmail.com
6576,apandey228@gmail.com
6577,arman.verma40@gmail.com
6578,simran.thakur26@gmail.com
6579,piyush.roy12@gmail.com
6580,ritesh8637@gmail.com
6581,nehat2001@gmail.com
6582,kunal552@gmail.com
6583,wolf369@gmail.com
6584,faiz3886@gmail.com
6585,rahul_sharma@gmail.com
6586,tkumar226@gmail.com
6587,manishs2001@gmail.com
6588,om233@gmail.com
6589,snm771@gmail.com
6590,hthakur289@gmail.com
6591,nkhl119@gmail.com
6592,turbo996@gmail.com
6593,adt987@gmail.com
6594,kunal367@gmail.com
6595,arnv059@gmail.com
6596,pixel_pankaj38@gmail.com
6597,zoya_kumar@gmail.com
6598,shreya.tiwari31@gmail.com
6599,alpha30@gmail.com
6600,kabir.paul90@gmail.com
6601,babu22@gmail.com
6602,om598@gmail.com
6603,anuj_chauhan@gmail.com
6604,spatel94@gmail.com
6605,ritika4755@gmail.com
6606,sksh446@gmail.com
6607,sara.kumar97@gmail.com
6608,tinku_komal73@gmail.com
6609,ghost605@gmail.com
6610,om139@gmail.com
6611,zy291@gmail.com
6612,sonamn2006@gmail.com
6613,meghad2001@gmail.com
6614,dvy708@gmail.com
6615,anny588@gmail.com
6616,anujv2008@gmail.com
6617,blaze_suraj39@gmail.com
6618,sshah327@gmail.com
6619,abhi371@gmail.com
6620,sonu99@gmail.com
6621,tinku154@gmail.com
6622,mystic996@gmail.com
6623,pintu564@gmail.com
6624,srj612@gmail.com
6625,deepak611@gmail.com
6626,aditi_roy@gmail.com
6627,imran_sharma@gmail.com
6628,sdubey278@gmail.com
6629,muskan_singh@gmail.com
6630,om9155@gmail.com
6631,storm345@gmail.com
6632,tnmy007@gmail.com
6633,muskan.bhatt86@gmail.com
6634,ember96@gmail.com
6635,imran485@gmail.com
6636,khushi.pandey83@gmail.com
6637,ankit.verma32@gmail.com
6638,vvk919@gmail.com
6639,ry081@gmail.com
6640,asingh832@gmail.com
6641,yash7516@gmail.com
6642,shreya4380@gmail.com
6643,jatin2710@gmail.com
6644,abhy822@gmail.com
6645,deepak3027@gmail.com
6646,jiya.saini28@gmail.com
6647,pixel680@gmail.com
6648,wolf313@gmail.com
6649,nikhilj2005@gmail.com
6650,tiger194@gmail.com
6651,arman.jha20@gmail.com
6652,rinku83@gmail.com
6653,ipandey325@gmail.com
6654,piyush2177@gmail.com
6655,rishi1869@gmail.com
6656,aaravr2005@gmail.com
6657,rht138@gmail.com
6658,deepak1130@gmail.com
6659,komal_nair@gmail.com
6660,parth7653@gmail.com
6661,tshr565@gmail.com
6662,zaid9557@gmail.com
6663,ishas2008@gmail.com
6664,tshr524@gmail.com
6665,anj213@gmail.com
6666,shubham2775@gmail.com
6667,arnav3701@gmail.com
6668,khsh931@gmail.com
6669,yash.raj23@gmail.com
6670,ishaan4421@gmail.com
6671,irana985@gmail.com
6672,om6428@gmail.com
6673,amitk2006@gmail.com
6674,pintu910@gmail.com
6675,anujk2007@gmail.com
6676,hawk_vivek44@gmail.com
6677,dvy114@gmail.com
6678,ankt480@gmail.com
6679,omega487@gmail.com
6680,pintu306@gmail.com
6681,ntsh883@gmail.com
6682,abhi_yadav@gmail.com
6683,amehta895@gmail.com
6684,kabir_shah@gmail.com
6685,divya.saini88@gmail.com
6686,simran4306@gmail.com
6687,zaid3424@gmail.com
6688,lakshya5005@gmail.com
6689,rtsh281@gmail.com
6690,thunder412@gmail.com
6691,amit_raj@gmail.com
6692,vshah68@gmail.com
6693,shubham2272@gmail.com
6694,kabir.shah43@gmail.com
6695,nikhil_sharma42@gmail.com
6696,chiragt2000@gmail.com
6697,payal.nair35@gmail.com
6698,ghost79@gmail.com
6699,pooja1216@gmail.com
6700,nikhil_rana@gmail.com
6701,kavya.rana85@gmail.com
6702,meghar2008@gmail.com
6703,cobra_ayaan82@gmail.com
6704,rsh100@gmail.com
6705,schn154@gmail.com
6706,ntsh197@gmail.com
6707,gaurav8864@gmail.com
6708,raj.mehta90@gmail.com
6709,iyadav79@gmail.com
6710,ritesh_paul61@gmail.com
6711,sonam6562@gmail.com
6712,ankit.paul95@gmail.com
6713,om912@gmail.com
6714,shubham1160@gmail.com
6715,zaidr2000@gmail.com
6716,vikasg2007@gmail.com
6717,viyer154@gmail.com
6718,rht081@gmail.com
6719,vivek.mehta72@gmail.com
6720,karan2370@gmail.com
6721,kavyak2001@gmail.com
6722,sara.joshi52@gmail.com
6723,snh810@gmail.com
6724,vvk439@gmail.com
6725,ravi_singh69@gmail.com
6726,shubham8493@gmail.com
6727,chirag_joshi@gmail.com
6728,blaze890@gmail.com
6729,parth8169@gmail.com
6730,lcky509@gmail.com
6731,vtiwari966@gmail.com
6732,dev.shah88@gmail.com
6733,cpatel426@gmail.com
6734,payalm2008@gmail.com
6735,imran1041@gmail.com
6736,krn301@gmail.com
6737,kavya9988@gmail.com
6738,abhayd2003@gmail.com
6739,nkhan308@gmail.com
6740,rishi.iyer87@gmail.com
6741,ysh308@gmail.com
6742,anair287@gmail.com
6743,zero_aarav25@gmail.com
6744,nitish_kumar62@gmail.com
6745,piyush.nair72@gmail.com
6746,vivek_roy11@gmail.com
6747,pixel_zoya92@gmail.com
6748,comet_suraj89@gmail.com
6749,imrn280@gmail.com
6750,dev3345@gmail.com
6751,sonu991@gmail.com
6752,rebel_vivek86@gmail.com
6753,monu439@gmail.com
6754,hahmed521@gmail.com
6755,karan.paul38@gmail.com
6756,ry765@gmail.com
6757,amit4907@gmail.com
6758,lakshya_iyer94@gmail.com
6759,muskan.verma71@gmail.com
6760,vikas7979@gmail.com
6761,ry054@gmail.com
6762,dvy748@gmail.com
6763,sachin6148@gmail.com
6764,ntsh788@gmail.com
6765,chirag7764@gmail.com
6766,rogue_faiz85@gmail.com
6767,arnav.patel70@gmail.com
6768,simran7024@gmail.com
6769,rohit239@gmail.com
6770,omega_neha30@gmail.com
6771,chotu712@gmail.com
6772,zroy519@gmail.com
6773,khushi_patel@gmail.com
6774,sara7761@gmail.com
6775,arnavd2005@gmail.com
6776,harsh.reddy69@gmail.com
6777,hunter748@gmail.com
6778,ish303@gmail.com
6779,ayaan992@gmail.com
6780,sonu_kavya77@gmail.com
6781,payal.sharma71@gmail.com
6782,abhay185@gmail.com
6783,anjali_sharma@gmail.com
6784,eagle750@gmail.com
6785,ayush_shah22@gmail.com
6786,ayaan.nair2@gmail.com
6787,frost_jiya87@gmail.com
6788,aditi.patel15@gmail.com
6789,kabir188@gmail.com
6790,armn824@gmail.com
6791,nh190@gmail.com
6792,zoya4712@gmail.com
6793,lakshya4651@gmail.com
6794,rhl600@gmail.com
6795,vikas.singh58@gmail.com
6796,juhi4435@gmail.com
6797,naman2729@gmail.com
6798,simran.yadav10@gmail.com
6799,gaurav_dubey15@gmail.com
6800,sksh346@gmail.com
6801,schn610@gmail.com
6802,rocky928@gmail.com
6803,wolf_aarav39@gmail.com
6804,turbo375@gmail.com
6805,tshr075@gmail.com
6806,piyush5979@gmail.com
6807,arman.roy22@gmail.com
6808,phoenix670@gmail.com
6809,diyag2000@gmail.com
6810,bunty451@gmail.com
6811,storm151@gmail.com
6812,araj980@gmail.com
6813,kunalk2000@gmail.com
6814,sakshi6939@gmail.com
6815,traj249@gmail.com
6816,tshr943@gmail.com
6817,abhi8176@gmail.com
6818,jiya.reddy27@gmail.com
6819,sakshi.joshi30@gmail.com
6820,arman5749@gmail.com
6821,sonam9562@gmail.com
6822,tiger518@gmail.com
6823,pixel718@gmail.com
6824,manish5067@gmail.com
6825,anair525@gmail.com
6826,divya.sharma65@gmail.com
6827,isha.ahmed38@gmail.com
6828,aryan5768@gmail.com
6829,ishn753@gmail.com
6830,om045@gmail.com
6831,dpk474@gmail.com
6832,cyber962@gmail.com
6833,jh796@gmail.com
6834,arnav931@gmail.com
6835,monu378@gmail.com
6836,piyush.shah43@gmail.com
6837,zero_amit70@gmail.com
6838,tinku425@gmail.com
6839,dvy767@gmail.com
6840,vivek.nair81@gmail.com
6841,lcky719@gmail.com
6842,faiz3959@gmail.com
6843,juhi.pandey42@gmail.com
6844,aysh464@gmail.com
6845,sniper952@gmail.com
6846,sakshi4553@gmail.com
6847,tushar.khan59@gmail.com
6848,yashk2001@gmail.com
6849,imran_ali63@gmail.com
6850,muskan9987@gmail.com
6851,rhl529@gmail.com
6852,veer6218@gmail.com
6853,jatinj2001@gmail.com
6854,ayaan_ahmed@gmail.com
6855,karan.saini1@gmail.com
6856,imran.chauhan50@gmail.com
6857,rohit_mehta18@gmail.com
6858,alpha417@gmail.com
6859,amit5340@gmail.com
6860,tiger549@gmail.com
6861,aryan2041@gmail.com
6862,lakshya_ali61@gmail.com
6863,suraj.paul95@gmail.com
6864,simran_jha95@gmail.com
6865,nmn981@gmail.com
6866,komal8179@gmail.com
6867,nisha.roy61@gmail.com
6868,abhi3381@gmail.com
6869,pdas765@gmail.com
6870,ry895@gmail.com
6871,gaurav.das61@gmail.com
6872,abhay_yadav@gmail.com
6873,naman_shah67@gmail.com
6874,piyush_raj@gmail.com
6875,wolf_gaurav39@gmail.com
6876,gaurav_iyer@gmail.com
6877,ntsh655@gmail.com
6878,ayn179@gmail.com
6879,ntsh534@gmail.com
6880,priya2697@gmail.com
6881,shadow_kabir22@gmail.com
6882,ishaan6561@gmail.com
6883,sneha4765@gmail.com
6884,tushar117@gmail.com
6885,sumit.thakur6@gmail.com
6886,karan3891@gmail.com
6887,rht255@gmail.com
6888,tanvi.gupta29@gmail.com
6889,pnkj345@gmail.com
6890,arnv868@gmail.com
6891,muskand2001@gmail.com
6892,vikas8725@gmail.com
6893,megha_gupta23@gmail.com
6894,itiwari736@gmail.com
6895,pj202@gmail.com
6896,ijoshi692@gmail.com
6897,juhi.gupta36@gmail.com
6898,tanmay.joshi51@gmail.com
6899,piyushd2006@gmail.com
6900,rkumar473@gmail.com
6901,snm755@gmail.com
6902,om6146@gmail.com
6903,snh293@gmail.com
6904,rinku_sachin8@gmail.com
6905,lcky234@gmail.com
6906,ravi_das@gmail.com
6907,lakshya_gupta17@gmail.com
6908,amt165@gmail.com
6909,shubham.joshi84@gmail.com
6910,lucky_roy@gmail.com
6911,guddu92@gmail.com
6912,deepakd2001@gmail.com
6913,divya295@gmail.com
6914,mohit961@gmail.com
6915,imran_mehta74@gmail.com
6916,nsh829@gmail.com
6917,ajoshi37@gmail.com
6918,smt598@gmail.com
6919,averma962@gmail.com
6920,nmn073@gmail.com
6921,tanvi4613@gmail.com
6922,pixel343@gmail.com
6923,ritika.mishra46@gmail.com
6924,kunalj2008@gmail.com
6925,rohit.bhatt71@gmail.com
6926,gdas900@gmail.com
6927,eagle_pankaj68@gmail.com
6928,lion753@gmail.com
6929,pooja_roy@gmail.com
6930,harsh4573@gmail.com
6931,frost617@gmail.com
6932,rohit.sharma59@gmail.com
6933,anj215@gmail.com
6934,gaurav7373@gmail.com
6935,khushi_khan@gmail.com
6936,dvy048@gmail.com
6937,suraj.joshi31@gmail.com
6938,tiger35@gmail.com
6939,guddu334@gmail.com
6940,komal1689@gmail.com
6941,mht618@gmail.com
6942,babu_sakshi61@gmail.com
6943,ananya_dubey@gmail.com
6944,nkhl177@gmail.com
6945,arman_roy@gmail.com
6946,sumit_shah@gmail.com
6947,tanmay.shah64@gmail.com
6948,juhi.verma54@gmail.com
6949,comet587@gmail.com
6950,pysh432@gmail.com
6951,pintu_piyush33@gmail.com
6952,mohit7552@gmail.com
6953,zaid4704@gmail.com
6954,nbhatt896@gmail.com
6955,tinku_kavya43@gmail.com
6956,ghost528@gmail.com
6957,dy086@gmail.com
6958,lkshy176@gmail.com
6959,babu477@gmail.com
6960,vsaini20@gmail.com
6961,pysh269@gmail.com
6962,thunder497@gmail.com
6963,sahil7988@gmail.com
6964,ankt453@gmail.com
6965,ayaan4404@gmail.com
6966,pooja2576@gmail.com
6967,wolf_ayaan15@gmail.com
6968,shubham4232@gmail.com
6969,raj_ahmed43@gmail.com
6970,karan_patel64@gmail.com
6971,jatin6672@gmail.com
6972,ritesh_mishra@gmail.com
6973,shadow110@gmail.com
6974,mgh877@gmail.com
6975,abh195@gmail.com
6976,sr560@gmail.com
6977,lucky7723@gmail.com
6978,neha1674@gmail.com
6979,isha7138@gmail.com
6980,gaurav1038@gmail.com
6981,jiya2091@gmail.com
6982,vr587@gmail.com
6983,vivek7019@gmail.com
6984,surajb2004@gmail.com
6985,tshr906@gmail.com
6986,muskan1047@gmail.com
6987,shreya.reddy42@gmail.com
6988,piyush1765@gmail.com
6989,lakshya9609@gmail.com
6990,hawk_sakshi7@gmail.com
6991,ayush.bhatt61@gmail.com
6992,jh440@gmail.com
6993,rinku968@gmail.com
6994,amishra950@gmail.com
6995,nisha6854@gmail.com
6996,tushar_raj@gmail.com
6997,grv534@gmail.com
6998,nsh821@gmail.com
6999,falcon_riya30@gmail.com
7000,chirag10@gmail.com
7001,mohit964@gmail.com
7002,chirags2004@gmail.com
7003,jiya2509@gmail.com
7004,muskan9543@gmail.com
7005,aaravv2006@gmail.com
7006,ritika.jha16@gmail.com
7007,lucky9545@gmail.com
7008,grv206@gmail.com
7009,cobra113@gmail.com
7010,imrn849@gmail.com
7011,divya_ali78@gmail.com
7012,pysh686@gmail.com
7013,simran.mehta35@gmail.com
7014,aarav_khan@gmail.com
7015,pjha220@gmail.com
7016,sumit611@gmail.com
7017,jiya_raj@gmail.com
7018,anuj.ali97@gmail.com
7019,komal3959@gmail.com
7020,chotu_shreya32@gmail.com
7021,titan_juhi56@gmail.com
7022,diya_patel@gmail.com
7023,psaini284@gmail.com
7024,kvy484@gmail.com
7025,phoenix147@gmail.com
7026,sahil5042@gmail.com
7027,sachin.joshi14@gmail.com
7028,jatinp2007@gmail.com
7029,bunty_juhi65@gmail.com
7030,dy532@gmail.com
7031,nmn556@gmail.com
7032,divya.ali17@gmail.com
7033,rahmed271@gmail.com
7034,kabir.iyer11@gmail.com
7035,simran.verma22@gmail.com
7036,rrana13@gmail.com
7037,aarav.thakur14@gmail.com
7038,sachin.paul96@gmail.com
7039,tnmy549@gmail.com
7040,jh905@gmail.com
7041,ayaan_rana75@gmail.com
7042,rebel419@gmail.com
7043,om6762@gmail.com
7044,aarav5080@gmail.com
7045,pintu_kavya31@gmail.com
7046,ntsh412@gmail.com
7047,shadow22@gmail.com
7048,pnkj920@gmail.com
7049,vpatel746@gmail.com
7050,pyl772@gmail.com
7051,zy259@gmail.com
7052,sksh314@gmail.com
7053,tushar633@gmail.com
7054,aarav_mehta35@gmail.com
7055,amishra333@gmail.com
7056,komal973@gmail.com
7057,rht242@gmail.com
7058,suraj_singh20@gmail.com
7059,pooja.verma76@gmail.com
7060,ananya8079@gmail.com
7061,arnav3432@gmail.com
7062,aditi5201@gmail.com
7063,ayaan3544@gmail.com
7064,rahuli2004@gmail.com
7065,krn070@gmail.com
7066,npatel505@gmail.com
7067,rbhatt387@gmail.com
7068,amit.gupta20@gmail.com
7069,om_roy@gmail.com
7070,juhi9332@gmail.com
7071,naman9121@gmail.com
7072,harsh.rana33@gmail.com
7073,ravit2001@gmail.com
7074,golu_aditi32@gmail.com
7075,faiz5184@gmail.com
7076,ish150@gmail.com
7077,thunder710@gmail.com
7078,lucky4599@gmail.com
7079,karan5938@gmail.com
7080,ish759@gmail.com
7081,ayaan9718@gmail.com
7082,aarav4206@gmail.com
7083,ravi6130@gmail.com
7084,blaze537@gmail.com
7085,kvy606@gmail.com
7086,shubham6452@gmail.com
7087,arman5874@gmail.com
7088,komal.sharma32@gmail.com
7089,jiya.ahmed62@gmail.com
7090,pbhatt95@gmail.com
7091,sonam9089@gmail.com
7092,simran6650@gmail.com
7093,nitish9134@gmail.com
7094,pintu_pankaj61@gmail.com
7095,vvk759@gmail.com
7096,amit.verma83@gmail.com
7097,nikhil4246@gmail.com
7098,ishaan3746@gmail.com
7099,nikhil.thakur47@gmail.com
7100,rtsh508@gmail.com
7101,bunty_sonam77@gmail.com
7102,rishi3986@gmail.com
7103,parth9613@gmail.com
7104,shreya5901@gmail.com
7105,kgupta846@gmail.com
7106,storm213@gmail.com
7107,sahil_roy70@gmail.com
7108,arnv111@gmail.com
7109,tanmayc2003@gmail.com
7110,ankt817@gmail.com
7111,anair418@gmail.com
7112,aryan667@gmail.com
7113,abhay19@gmail.com
7114,amit.rana91@gmail.com
7115,anuj_saini40@gmail.com
7116,grv254@gmail.com
7117,tanvi.gupta67@gmail.com
7118,anny538@gmail.com
7119,anuj.sharma82@gmail.com
7120,ritikas2002@gmail.com
7121,kavya_joshi@gmail.com
7122,nh733@gmail.com
7123,arnavr2005@gmail.com
7124,jatin.khan38@gmail.com
7125,aali105@gmail.com
7126,guddu_nitish46@gmail.com
7127,rtk850@gmail.com
7128,abhi_chauhan@gmail.com
7129,aryan.raj17@gmail.com
7130,ravi.shah36@gmail.com
7131,zoya_tiwari65@gmail.com
7132,dev_kumar36@gmail.com
7133,dpk980@gmail.com
7134,ntiwari160@gmail.com
7135,dpk290@gmail.com
7136,smt474@gmail.com
7137,tshr191@gmail.com
7138,chotu_sakshi35@gmail.com
7139,grv759@gmail.com
7140,mystic414@gmail.com
7141,manish8962@gmail.com
7142,sumit1325@gmail.com
7143,tshr760@gmail.com
7144,zaid.nair38@gmail.com
7145,hawk117@gmail.com
7146,falcon279@gmail.com
7147,rpandey981@gmail.com
7148,sachin7632@gmail.com
7149,raj1613@gmail.com
7150,arnav.patel12@gmail.com
7151,anuj8738@gmail.com
7152,ssaini387@gmail.com
7153,kmishra544@gmail.com
7154,phoenix_pooja6@gmail.com
7155,shubham_khan16@gmail.com
7156,riya_bhatt90@gmail.com
7157,payal_singh@gmail.com
7158,nsh872@gmail.com
7159,rocky540@gmail.com
7160,nkumar140@gmail.com
7161,riteshb2007@gmail.com
7162,ayn480@gmail.com
7163,gthakur572@gmail.com
7164,sr680@gmail.com
7165,pankaj1991@gmail.com
7166,kabir1609@gmail.com
7167,naman.thakur24@gmail.com
7168,adt243@gmail.com
7169,ananyag2002@gmail.com
7170,megha3139@gmail.com
7171,vivek8735@gmail.com
7172,vikas.saini45@gmail.com
7173,hunter936@gmail.com
7174,ishaan390@gmail.com
7175,hsingh509@gmail.com
7176,turbo495@gmail.com
7177,spatel163@gmail.com
7178,nisha5543@gmail.com
7179,vivek2586@gmail.com
7180,nh519@gmail.com
7181,abhi_mehta@gmail.com
7182,naman7200@gmail.com
7183,alpha744@gmail.com
7184,kabir8979@gmail.com
7185,mystic276@gmail.com
7186,lakshya.sharma65@gmail.com
7187,riya.dubey94@gmail.com
7188,priya9779@gmail.com
7189,king429@gmail.com
7190,kabir3949@gmail.com
7191,areddy128@gmail.com
7192,riya_dubey@gmail.com
7193,ayush.mehta4@gmail.com
7194,simran226@gmail.com
7195,eagle_megha33@gmail.com
7196,schn162@gmail.com
7197,ntsh618@gmail.com
7198,rohit2987@gmail.com
7199,cyber_harsh87@gmail.com
7200,tanmay6725@gmail.com
7201,zverma329@gmail.com
7202,lkshy591@gmail.com
7203,karan.rana54@gmail.com
7204,nkhl165@gmail.com
7205,lkshy378@gmail.com
7206,amt170@gmail.com
7207,kavyas2006@gmail.com
7208,ritesh.shah24@gmail.com
7209,naman.ahmed2@gmail.com
7210,priya298@gmail.com
7211,alpha_zaid11@gmail.com
7212,piyer880@gmail.com
7213,rtsh320@gmail.com
7214,dv004@gmail.com
7215,imrn860@gmail.com
7216,eagle_manish26@gmail.com
7217,simran6306@gmail.com
7218,ayaan.khan59@gmail.com
7219,dy520@gmail.com
7220,ritesh.khan77@gmail.com
7221,sparky_ravi22@gmail.com
7222,anuj3012@gmail.com
7223,nitish3763@gmail.com
7224,lcky330@gmail.com
7225,riya_patel38@gmail.com
7226,pysh422@gmail.com
7227,tshah42@gmail.com
7228,tinku108@gmail.com
7229,kunal.nair66@gmail.com
7230,arman3303@gmail.com
7231,khushi_gupta@gmail.com
7232,ghost845@gmail.com
7233,tthakur586@gmail.com
7234,pintu82@gmail.com
7235,king168@gmail.com
7236,anny928@gmail.com
7237,muskan1085@gmail.com
7238,sshah534@gmail.com
7239,adt087@gmail.com
7240,rishi.mishra71@gmail.com
7241,ankit.nair51@gmail.com
7242,vivek2321@gmail.com
7243,tushar_mishra3@gmail.com
7244,divya.kumar38@gmail.com
7245,abhay3003@gmail.com
7246,aryan5113@gmail.com
7247,sumitr2003@gmail.com
7248,frost_simran93@gmail.com
7249,tshr542@gmail.com
7250,sahilk2003@gmail.com
7251,rht571@gmail.com
7252,cobra_sumit21@gmail.com
7253,fz800@gmail.com
7254,chotu780@gmail.com
7255,divya9255@gmail.com
7256,storm_x308@gmail.com
7257,pysh822@gmail.com
7258,pintu_ritika13@gmail.com
7259,riyaj2002@gmail.com
7260,shadow3@gmail.com
7261,shadow952@gmail.com
7262,jy765@gmail.com
7263,lkshy504@gmail.com
7264,rocky726@gmail.com
7265,adt901@gmail.com
7266,ishaan_ali@gmail.com
7267,arnav5530@gmail.com
7268,tnmy733@gmail.com
7269,pooja5505@gmail.com
7270,ember744@gmail.com
7271,armanm2006@gmail.com
7272,aarav.gupta82@gmail.com
7273,armn704@gmail.com
7274,storm_x551@gmail.com
7275,kavya_jha@gmail.com
7276,ananya6966@gmail.com
7277,komal974@gmail.com
7278,rahulm2005@gmail.com
7279,divyaj2003@gmail.com
7280,dev_verma@gmail.com
7281,zaidt2004@gmail.com
7282,anujk2006@gmail.com
7283,kabir.thakur48@gmail.com
7284,kavya3944@gmail.com
7285,sneha380@gmail.com
7286,shry246@gmail.com
7287,rahul7459@gmail.com
7288,kunal.paul85@gmail.com
7289,nisha.mehta80@gmail.com
7290,anuj_das10@gmail.com
7291,hunter584@gmail.com
7292,abhay2729@gmail.com
7293,golu254@gmail.com
7294,hawk627@gmail.com
7295,pysh541@gmail.com
7296,naman5661@gmail.com
7297,dvy776@gmail.com
7298,rsh250@gmail.com
7299,ananya7021@gmail.com
7300,dev5091@gmail.com
7301,pooja.das70@gmail.com
7302,tyadav855@gmail.com
7303,sachin1278@gmail.com
7304,aryn940@gmail.com
7305,ayadav491@gmail.com
7306,arman.thakur46@gmail.com
7307,sumit9758@gmail.com
7308,rmehta726@gmail.com
7309,nkhl954@gmail.com
7310,abhay8044@gmail.com
7311,pysh031@gmail.com
7312,devp2007@gmail.com
7313,dvy994@gmail.com
7314,bunty601@gmail.com
7315,jatin.patel53@gmail.com
7316,comet152@gmail.com
7317,shadow147@gmail.com
7318,arman_das@gmail.com
7319,pooja_khan61@gmail.com
7320,aditi1960@gmail.com
7321,ankit.patel2@gmail.com
7322,nitisht2007@gmail.com
7323,rinku_neha37@gmail.com
7324,orbit310@gmail.com
7325,sachin.kumar21@gmail.com
7326,arman7396@gmail.com
7327,cobra188@gmail.com
7328,naman8392@gmail.com
7329,hawk965@gmail.com
7330,karan6432@gmail.com
7331,tinku297@gmail.com
7332,sonam3622@gmail.com
7333,asingh679@gmail.com
7334,abhi7732@gmail.com
7335,kmehta121@gmail.com
7336,zaidm2002@gmail.com
7337,zaid.thakur38@gmail.com
7338,ritika_rana17@gmail.com
7339,arnav.singh16@gmail.com
7340,mystic754@gmail.com
7341,simran_jha10@gmail.com
7342,hrsh375@gmail.com
7343,sniper322@gmail.com
7344,nh103@gmail.com
7345,kunal_verma81@gmail.com
7346,dy951@gmail.com
7347,juhi7913@gmail.com
7348,abhi.kumar51@gmail.com
7349,naman.verma92@gmail.com
7350,jiya_saini@gmail.com
7351,lion124@gmail.com
7352,aarav_joshi@gmail.com
7353,dragon_ritika56@gmail.com
7354,karan1666@gmail.com
7355,cobra782@gmail.com
7356,ayaan6508@gmail.com
7357,jtn774@gmail.com
7358,chirag.thakur43@gmail.com
7359,king685@gmail.com
7360,amt868@gmail.com
7361,rishi.gupta65@gmail.com
7362,nmn042@gmail.com
7363,dpk398@gmail.com
7364,ankit6285@gmail.com
7365,chirag.dubey86@gmail.com
7366,rohit.dubey55@gmail.com
7367,eagle603@gmail.com
7368,gmehta685@gmail.com
7369,shreya2474@gmail.com
7370,ishaan.sharma7@gmail.com
7371,mystic315@gmail.com
7372,imrans2003@gmail.com
7373,jatin7017@gmail.com
7374,gaurav4137@gmail.com
7375,snm496@gmail.com
7376,naman_kumar@gmail.com
7377,om5938@gmail.com
7378,ayn814@gmail.com
7379,zaid_patel@gmail.com
7380,nh272@gmail.com
7381,falcon69@gmail.com
7382,eagle_ishaan4@gmail.com
7383,craj547@gmail.com
7384,ayaan.raj66@gmail.com
7385,hawk_muskan1@gmail.com
7386,kavya.patel43@gmail.com
7387,ry657@gmail.com
7388,zaid3159@gmail.com
7389,gauravv2007@gmail.com
7390,mohit2246@gmail.com
7391,alpha782@gmail.com
7392,pkumar601@gmail.com
7393,sjha530@gmail.com
7394,cyber_sara29@gmail.com
7395,tshr520@gmail.com
7396,omega927@gmail.com
7397,rdas969@gmail.com
7398,ananya5941@gmail.com
7399,comet964@gmail.com
7400,alpha977@gmail.com
7401,alpha757@gmail.com
7402,imran.ahmed32@gmail.com
7403,kml555@gmail.com
7404,surajj2007@gmail.com
7405,comet280@gmail.com
7406,mjha646@gmail.com
7407,kabir5483@gmail.com
7408,dev.tiwari87@gmail.com
7409,myadav257@gmail.com
7410,ananya3883@gmail.com
7411,aarav6968@gmail.com
7412,aditi5827@gmail.com
7413,tiger27@gmail.com
7414,veerr2000@gmail.com
7415,ish876@gmail.com
7416,muskan.joshi60@gmail.com
7417,simran4635@gmail.com
7418,kroy492@gmail.com
7419,tushar4275@gmail.com
7420,muskan_patel@gmail.com
7421,vikas.sharma4@gmail.com
7422,imrn302@gmail.com
7423,sonu_deepak73@gmail.com
7424,kavya7813@gmail.com
7425,smt939@gmail.com
7426,nitish9570@gmail.com
7427,arman8125@gmail.com
7428,kunalr2003@gmail.com
7429,dv736@gmail.com
7430,babu327@gmail.com
7431,payal.kumar34@gmail.com
7432,mnsh479@gmail.com
7433,jh515@gmail.com
7434,sniper_piyush3@gmail.com
7435,blaze135@gmail.com
7436,sonu_anjali4@gmail.com
7437,muskan.gupta3@gmail.com
7438,om351@gmail.com
7439,wolf662@gmail.com
7440,dev1250@gmail.com
7441,chirag7461@gmail.com
7442,tanvi_reddy@gmail.com
7443,sara.jha24@gmail.com
7444,sara.raj88@gmail.com
7445,chotu66@gmail.com
7446,tinku498@gmail.com
7447,rinku783@gmail.com
7448,lraj10@gmail.com
7449,rishi_mishra96@gmail.com
7450,ishaan6204@gmail.com
7451,zoya.kumar81@gmail.com
7452,mht571@gmail.com
7453,aysh281@gmail.com
7454,harsh3680@gmail.com
7455,lakshya_shah@gmail.com
7456,isha6574@gmail.com
7457,yash_iyer85@gmail.com
7458,sonam.reddy12@gmail.com
7459,rahul5102@gmail.com
7460,kunal_yadav31@gmail.com
7461,arnav5343@gmail.com
7462,nnair993@gmail.com
7463,lakshya9273@gmail.com
7464,ishn109@gmail.com
7465,dy580@gmail.com
7466,nova162@gmail.com
7467,sonam4328@gmail.com
7468,gaurav4437@gmail.com
7469,viveks2008@gmail.com
7470,anjl450@gmail.com
7471,ysh489@gmail.com
7472,amit.ahmed75@gmail.com
7473,jatin.sharma60@gmail.com
7474,kml455@gmail.com
7475,orbit439@gmail.com
7476,diyak2000@gmail.com
7477,apatel36@gmail.com
7478,jiya.dubey76@gmail.com
7479,raj.yadav4@gmail.com
7480,ry129@gmail.com
7481,zkhan706@gmail.com
7482,nova501@gmail.com
7483,nmn893@gmail.com
7484,manish_sharma@gmail.com
7485,anuj1185@gmail.com
7486,anair659@gmail.com
7487,vivek8819@gmail.com
7488,ithakur708@gmail.com
7489,fgupta469@gmail.com
7490,lucky6639@gmail.com
7491,ghost369@gmail.com
7492,thunder_aarav95@gmail.com
7493,gaurav1658@gmail.com
7494,eagle619@gmail.com
7495,ajoshi762@gmail.com
7496,knl774@gmail.com
7497,kavya5838@gmail.com
7498,kabir8461@gmail.com
7499,nsharma541@gmail.com
7500,monu_sachin34@gmail.com
7501,hsingh250@gmail.com
7502,croy194@gmail.com
7503,sakshii2004@gmail.com
7504,abhi_dubey@gmail.com
7505,kdubey867@gmail.com
7506,omega377@gmail.com
7507,priya.sharma2@gmail.com
7508,lion_parth66@gmail.com
7509,golu_kavya41@gmail.com
7510,nova_pankaj79@gmail.com
7511,gauravm2005@gmail.com
7512,phoenix250@gmail.com
7513,vivek_bhatt36@gmail.com
7514,wolf_vikas4@gmail.com
7515,isha1026@gmail.com
7516,riya1915@gmail.com
7517,lion775@gmail.com
7518,jy019@gmail.com
7519,pintu524@gmail.com
7520,surajy2007@gmail.com
7521,jiya.tiwari5@gmail.com
7522,suraj_kumar68@gmail.com
7523,cyber_amit40@gmail.com
7524,lakshya_roy@gmail.com
7525,rahul.das98@gmail.com
7526,nikhil6278@gmail.com
7527,ghost864@gmail.com
7528,zaid1808@gmail.com
7529,piyush.paul27@gmail.com
7530,pintu418@gmail.com
7531,ishaan.tiwari25@gmail.com
7532,dv561@gmail.com
7533,rv372@gmail.com
7534,isha.iyer99@gmail.com
7535,nisha_dubey7@gmail.com
7536,tanmay3981@gmail.com
7537,tinku890@gmail.com
7538,idubey269@gmail.com
7539,anuj_tiwari94@gmail.com
7540,muskan8546@gmail.com
7541,tinku_tanvi38@gmail.com
7542,smrn874@gmail.com
7543,sonam3689@gmail.com
7544,anny614@gmail.com
7545,pixel977@gmail.com
7546,simran_nair@gmail.com
7547,zoya_singh9@gmail.com
7548,armans2008@gmail.com
7549,lucky3744@gmail.com
7550,cobra_rishi48@gmail.com
7551,raja_zaid90@gmail.com
7552,ry022@gmail.com
7553,mohit5047@gmail.com
7554,kabir8643@gmail.com
7555,pankaj.dubey97@gmail.com
7556,lion_lakshya96@gmail.com
7557,tshr215@gmail.com
7558,suraj.khan33@gmail.com
7559,rinku324@gmail.com
7560,tiger256@gmail.com
7561,arv338@gmail.com
7562,nitish7128@gmail.com
7563,raj_sharma@gmail.com
7564,khushi.kumar33@gmail.com
7565,sparky_jatin48@gmail.com
7566,suraj114@gmail.com
7567,rishi_kumar@gmail.com
7568,sachin.verma96@gmail.com
7569,arv729@gmail.com
7570,arnav2857@gmail.com
7571,pixel924@gmail.com
7572,mmehta84@gmail.com
7573,imran1880@gmail.com
7574,kml848@gmail.com
7575,sneha_mishra@gmail.com
7576,aditi1014@gmail.com
7577,ankt913@gmail.com
7578,pankaj8906@gmail.com
7579,grv500@gmail.com
7580,shl815@gmail.com
7581,mdas503@gmail.com
7582,hawk98@gmail.com
7583,om.bhatt54@gmail.com
7584,komal_gupta@gmail.com
7585,mohit6819@gmail.com
7586,faiz230@gmail.com
7587,ravi6519@gmail.com
7588,diya_roy@gmail.com
7589,divya2212@gmail.com
7590,amt334@gmail.com
7591,pj212@gmail.com
7592,guddu605@gmail.com
7593,pooja5653@gmail.com
7594,chotu_sonam34@gmail.com
7595,viper428@gmail.com
7596,aryan4162@gmail.com
7597,nova_sneha27@gmail.com
7598,pixel2@gmail.com
7599,megha.jha70@gmail.com
7600,ashah57@gmail.com
7601,pankaj_tiwari@gmail.com
7602,faizm2000@gmail.com
7603,pry916@gmail.com
7604,nitish9907@gmail.com
7605,shreya_gupta@gmail.com
7606,rogue53@gmail.com
7607,om449@gmail.com
7608,sonu_megha22@gmail.com
7609,imran9192@gmail.com
7610,dev9071@gmail.com
7611,rtsh469@gmail.com
7612,shreyam2005@gmail.com
7613,harsh5450@gmail.com
7614,abhay6574@gmail.com
7615,ghost189@gmail.com
7616,ry623@gmail.com
7617,anuj930@gmail.com
7618,raja333@gmail.com
7619,sumit_khan@gmail.com
7620,sonam8241@gmail.com
7621,jatin.nair29@gmail.com
7622,phoenix690@gmail.com
7623,bunty814@gmail.com
7624,zero700@gmail.com
7625,nisha1861@gmail.com
7626,rishi.saini74@gmail.com
7627,jmehta441@gmail.com
7628,anjali_chauhan@gmail.com
7629,mohit_yadav@gmail.com
7630,rdas824@gmail.com
7631,pankaj_yadav@gmail.com
7632,shreya434@gmail.com
7633,ysh651@gmail.com
7634,lakshya8330@gmail.com
7635,simran5283@gmail.com
7636,sumit392@gmail.com
7637,sara_verma@gmail.com
7638,imran6895@gmail.com
7639,divya.jha33@gmail.com
7640,phoenix76@gmail.com
7641,ayaan4738@gmail.com
7642,golu685@gmail.com
7643,simran5291@gmail.com
7644,vikas.verma83@gmail.com
7645,tanvi6235@gmail.com
7646,abhay1533@gmail.com
7647,anuj.yadav28@gmail.com
7648,rjoshi96@gmail.com
7649,orbit472@gmail.com
7650,cverma930@gmail.com
7651,ayn028@gmail.com
7652,anuj4964@gmail.com
7653,tushar.ahmed14@gmail.com
7654,chrg247@gmail.com
7655,cobra_deepak62@gmail.com
7656,sonama2008@gmail.com
7657,aditi_das@gmail.com
7658,krn663@gmail.com
7659,shbhm574@gmail.com
7660,ankit8389@gmail.com
7661,babu430@gmail.com
7662,om6244@gmail.com
7663,rtiwari514@gmail.com
7664,sachin.tiwari78@gmail.com
7665,ankit_jha@gmail.com
7666,grv545@gmail.com
7667,tshr124@gmail.com
7668,om8204@gmail.com
7669,ritesh9681@gmail.com
7670,smt586@gmail.com
7671,pyl338@gmail.com
7672,ayushp2001@gmail.com
7673,imranv2001@gmail.com
7674,naman1434@gmail.com
7675,lakshya.gupta14@gmail.com
7676,gaurav2254@gmail.com
7677,pysh154@gmail.com
7678,rroy180@gmail.com
7679,rebel912@gmail.com
7680,imehta112@gmail.com
7681,rebel968@gmail.com
7682,apatel45@gmail.com
7683,smt363@gmail.com
7684,priya_patel76@gmail.com
7685,ayushs2003@gmail.com
7686,dali695@gmail.com
7687,rishi.gupta62@gmail.com
7688,ayush_thakur@gmail.com
7689,manish.patel9@gmail.com
7690,shubham3934@gmail.com
7691,pj206@gmail.com
7692,aryan9764@gmail.com
7693,cobra_raj80@gmail.com
7694,zaid_gupta@gmail.com
7695,king_nisha43@gmail.com
7696,sumit.reddy79@gmail.com
7697,pintu154@gmail.com
7698,ksaini373@gmail.com
7699,khushi3193@gmail.com
7700,cyber925@gmail.com
7701,blaze_ravi66@gmail.com
7702,lkumar93@gmail.com
7703,khsh345@gmail.com
7704,lucky8231@gmail.com
7705,ayaan.saini45@gmail.com
7706,smt224@gmail.com
7707,suraji2002@gmail.com
7708,lucky_raj@gmail.com
7709,muskanp2006@gmail.com
7710,juhi.ahmed65@gmail.com
7711,pooja.chauhan31@gmail.com
7712,shubham.patel57@gmail.com
7713,rishi5215@gmail.com
7714,nisha.gupta21@gmail.com
7715,anny346@gmail.com
7716,sachin.singh97@gmail.com
7717,tnmy796@gmail.com
7718,jatin.raj76@gmail.com
7719,aditi_patel@gmail.com
7720,akumar167@gmail.com
7721,sonam_bhatt@gmail.com
7722,neha_khan@gmail.com
7723,rpandey21@gmail.com
7724,comet226@gmail.com
7725,muskan.patel86@gmail.com
7726,rahul347@gmail.com
7727,sksh985@gmail.com
7728,hawk476@gmail.com
7729,ritika.tiwari55@gmail.com
7730,fz540@gmail.com
7731,sneha.chauhan58@gmail.com
7732,amit.khan46@gmail.com
7733,tmehta804@gmail.com
7734,arman_bhatt@gmail.com
7735,piyush_patel@gmail.com
7736,turbo_ravi24@gmail.com
7737,tushar7115@gmail.com
7738,pnair910@gmail.com
7739,ravi7662@gmail.com
7740,eagle_payal33@gmail.com
7741,adt417@gmail.com
7742,harsh_kumar7@gmail.com
7743,sara5404@gmail.com
7744,rohit2463@gmail.com
7745,sakshi3960@gmail.com
7746,parth7996@gmail.com
7747,falcon_tushar37@gmail.com
7748,ritesh5665@gmail.com
7749,jh860@gmail.com
7750,alpha951@gmail.com
7751,rahul.rana14@gmail.com
7752,ritesh253@gmail.com
7753,storm158@gmail.com
7754,chotu_arnav81@gmail.com
7755,guddu907@gmail.com
7756,divya.mishra83@gmail.com
7757,sakshi_ahmed@gmail.com
7758,thunder787@gmail.com
7759,nmn811@gmail.com
7760,muskan_pandey@gmail.com
7761,aahmed525@gmail.com
7762,pnkj918@gmail.com
7763,viper311@gmail.com
7764,smishra451@gmail.com
7765,shreya.patel22@gmail.com
7766,blaze_priya79@gmail.com
7767,rtsh367@gmail.com
7768,tinku409@gmail.com
7769,ravi_nair@gmail.com
7770,zd474@gmail.com
7771,kbr309@gmail.com
7772,aditi.das27@gmail.com
7773,riya.ahmed70@gmail.com
7774,namans2000@gmail.com
7775,dpk128@gmail.com
7776,deepak_jha@gmail.com
7777,srana941@gmail.com
7778,ayaan_dubey@gmail.com
7779,sumits2004@gmail.com
7780,harsh1485@gmail.com
7781,aiyer698@gmail.com
7782,rocky_khushi33@gmail.com
7783,ankt260@gmail.com
7784,ishaan9815@gmail.com
7785,megha2294@gmail.com
7786,diya854@gmail.com
7787,naman6459@gmail.com
7788,rinku_jatin91@gmail.com
7789,rv452@gmail.com
7790,raj.dubey59@gmail.com
7791,chotu_jatin27@gmail.com
7792,faiz.jha4@gmail.com
7793,rohit.shah68@gmail.com
7794,sara524@gmail.com
7795,sr334@gmail.com
7796,jiya.paul79@gmail.com
7797,khushi4549@gmail.com
7798,ravi.bhatt83@gmail.com
7799,aryan7985@gmail.com
7800,muskan1556@gmail.com
7801,ankit.thakur94@gmail.com
7802,guddu49@gmail.com
7803,stiwari345@gmail.com
7804,tnmy107@gmail.com
7805,turbo366@gmail.com
7806,hunter489@gmail.com
7807,yash.gupta7@gmail.com
7808,komalt2005@gmail.com
7809,jatin.joshi74@gmail.com
7810,babu712@gmail.com
7811,arman60@gmail.com
7812,khushi_bhatt@gmail.com
7813,znair107@gmail.com
7814,alpha298@gmail.com
7815,arnav9639@gmail.com
7816,neha918@gmail.com
7817,sparky634@gmail.com
7818,armank2004@gmail.com
7819,sakshi5074@gmail.com
7820,pixel116@gmail.com
7821,turbo872@gmail.com
7822,nova509@gmail.com
7823,smrn849@gmail.com
7824,zpandey478@gmail.com
7825,pintu873@gmail.com
7826,naman.patel21@gmail.com
7827,chrg178@gmail.com
7828,jtn250@gmail.com
7829,falcon969@gmail.com
7830,jatin8083@gmail.com
7831,nmishra671@gmail.com
7832,muskan.kumar48@gmail.com
7833,ayaan.mishra83@gmail.com
7834,tshr834@gmail.com
7835,ish771@gmail.com
7836,om_gupta@gmail.com
7837,pj454@gmail.com
7838,harsh.das38@gmail.com
7839,jtn529@gmail.com
7840,lucky4322@gmail.com
7841,aahmed10@gmail.com
7842,sakshi_das@gmail.com
7843,sara6959@gmail.com
7844,jdubey549@gmail.com
7845,shubham_chauhan@gmail.com
7846,karana2006@gmail.com
7847,tshr205@gmail.com
7848,chotu_jiya14@gmail.com
7849,sara7089@gmail.com
7850,kavya_ali@gmail.com
7851,rpandey861@gmail.com
7852,shubham6451@gmail.com
7853,karan4045@gmail.com
7854,rahmed410@gmail.com
7855,ntsh088@gmail.com
7856,tshr203@gmail.com
7857,rocky_arman1@gmail.com
7858,anny267@gmail.com
7859,ry697@gmail.com
7860,rthakur381@gmail.com
7861,divya5836@gmail.com
7862,ish728@gmail.com
7863,cobra417@gmail.com
7864,dvy960@gmail.com
7865,turbo160@gmail.com
7866,nitish6779@gmail.com
7867,khushi.ali30@gmail.com
7868,rsh702@gmail.com
7869,riya9019@gmail.com
7870,piyush5681@gmail.com
7871,zoya.yadav23@gmail.com
7872,gaurav3227@gmail.com
7873,rogue408@gmail.com
7874,aditi4199@gmail.com
7875,amt811@gmail.com
7876,shreya.ahmed55@gmail.com
7877,sonu_harsh36@gmail.com
7878,raj.patel60@gmail.com
7879,lion_lucky32@gmail.com
7880,otiwari645@gmail.com
7881,ninja470@gmail.com
7882,sumit8829@gmail.com
7883,sniper499@gmail.com
7884,devr2001@gmail.com
7885,shubham9569@gmail.com
7886,kabir.verma20@gmail.com
7887,jatin5566@gmail.com
7888,ninja156@gmail.com
7889,chirag_kumar@gmail.com
7890,tanvir2003@gmail.com
7891,priya4679@gmail.com
7892,shadow467@gmail.com
7893,hawk427@gmail.com
7894,raj.dubey37@gmail.com
7895,dsharma339@gmail.com
7896,rohit1265@gmail.com
7897,sksh705@gmail.com
7898,rebel_rohit45@gmail.com
7899,rocky_parth22@gmail.com
7900,abhi.khan67@gmail.com
7901,vivek.shah90@gmail.com
7902,lcky842@gmail.com
7903,rtk874@gmail.com
7904,chotu976@gmail.com
7905,ritesh.singh66@gmail.com
7906,pankaj3055@gmail.com
7907,orbit_harsh65@gmail.com
7908,arnav_paul@gmail.com
7909,naman10@gmail.com
7910,tnv348@gmail.com
7911,sonam.reddy3@gmail.com
7912,tushar9100@gmail.com
7913,dragon983@gmail.com
7914,shubham7295@gmail.com
7915,faiz_chauhan@gmail.com
7916,orbit11@gmail.com
7917,imrn933@gmail.com
7918,ashah357@gmail.com
7919,jpaul300@gmail.com
7920,pixel499@gmail.com
7921,mystic_ravi23@gmail.com
7922,dy658@gmail.com
7923,nraj453@gmail.com
7924,suraj.mehta9@gmail.com
7925,mht342@gmail.com
7926,prth135@gmail.com
7927,isha481@gmail.com
7928,tushar839@gmail.com
7929,schn996@gmail.com
7930,kml988@gmail.com
7931,divya5320@gmail.com
7932,sahil.verma88@gmail.com
7933,zy864@gmail.com
7934,vikas_singh@gmail.com
7935,priya_singh@gmail.com
7936,zoya.patel94@gmail.com
7937,sahil.mehta34@gmail.com
7938,abhy307@gmail.com
7939,pintu186@gmail.com
7940,hawk136@gmail.com
7941,sniper671@gmail.com
7942,anujt2004@gmail.com
7943,deepak_sharma16@gmail.com
7944,kunals2007@gmail.com
7945,rahul.yadav21@gmail.com
7946,prth945@gmail.com
7947,vvk602@gmail.com
7948,zpatel401@gmail.com
7949,smt992@gmail.com
7950,om164@gmail.com
7951,ritika.ahmed35@gmail.com
7952,diya514@gmail.com
7953,shreyaj2000@gmail.com
7954,dv631@gmail.com
7955,vpatel31@gmail.com
7956,parth2702@gmail.com
7957,kavya.mehta83@gmail.com
7958,faiz.sharma48@gmail.com
7959,manish.mehta97@gmail.com
7960,pooja2178@gmail.com
7961,pooja_rana@gmail.com
7962,omega560@gmail.com
7963,ish295@gmail.com
7964,jdubey896@gmail.com
7965,diya.roy28@gmail.com
7966,tanmayr2002@gmail.com
7967,yash7709@gmail.com
7968,prth181@gmail.com
7969,sraj519@gmail.com
7970,rj626@gmail.com
7971,jiya.reddy74@gmail.com
7972,suraj1919@gmail.com
7973,nh914@gmail.com
7974,sonam6465@gmail.com
7975,ritika.sharma59@gmail.com
7976,isha831@gmail.com
7977,spatel997@gmail.com
7978,nikhil6159@gmail.com
7979,om4630@gmail.com
7980,anuj_sharma87@gmail.com
7981,tanmay_mishra@gmail.com
7982,ishaan.gupta35@gmail.com
7983,shubham557@gmail.com
7984,jiya9168@gmail.com
7985,muskan513@gmail.com
7986,jatin7171@gmail.com
7987,imrn566@gmail.com
7988,om_ali17@gmail.com
7989,ninja_ritesh76@gmail.com
7990,dahmed641@gmail.com
7991,aryan.raj39@gmail.com
7992,manish_jha@gmail.com
7993,mht921@gmail.com
7994,blaze119@gmail.com
7995,smrn019@gmail.com
7996,neha5075@gmail.com
7997,sahil.ali43@gmail.com
7998,guddu98@gmail.com
7999,vivek_paul@gmail.com
8000,ajha776@gmail.com
8001,monu978@gmail.com
8002,ishn950@gmail.com
8003,ayaan.jha20@gmail.com
8004,amt202@gmail.com
8005,ankt611@gmail.com
8006,jverma230@gmail.com
8007,adt609@gmail.com
8008,fz173@gmail.com
8009,shubham.ali15@gmail.com
8010,titan869@gmail.com
8011,jrana237@gmail.com
8012,arman_thakur90@gmail.com
8013,muskana2005@gmail.com
8014,lkshy502@gmail.com
8015,sneha8104@gmail.com
8016,omega_tanmay23@gmail.com
8017,riya.das3@gmail.com
8018,sumit.roy87@gmail.com
8019,abhaym2006@gmail.com
8020,megha7437@gmail.com
8021,nitish_kumar@gmail.com
8022,sumit8849@gmail.com
8023,wolf45@gmail.com
8024,sara_reddy58@gmail.com
8025,titan723@gmail.com
8026,storm181@gmail.com
8027,rohit.pandey87@gmail.com
8028,mnsh587@gmail.com
8029,phoenix769@gmail.com
8030,srj379@gmail.com
8031,nh057@gmail.com
8032,chrg890@gmail.com
8033,simrans2008@gmail.com
8034,ashah368@gmail.com
8035,phoenix299@gmail.com
8036,ananya4030@gmail.com
8037,nh292@gmail.com
8038,alpha_nitish24@gmail.com
8039,sonam.yadav48@gmail.com
8040,ry481@gmail.com
8041,pnkj852@gmail.com
8042,rahul9158@gmail.com
8043,pintu984@gmail.com
8044,sachin.jha95@gmail.com
8045,anny349@gmail.com
8046,ayaan.verma37@gmail.com
8047,smt393@gmail.com
8048,yash8554@gmail.com
8049,veer.ali92@gmail.com
8050,rinku_harsh67@gmail.com
8051,isha5348@gmail.com
8052,asaini662@gmail.com
8053,tshr636@gmail.com
8054,rohit_raj@gmail.com
8055,kabir4496@gmail.com
8056,sonu254@gmail.com
8057,storm_x_parth56@gmail.com
8058,abh461@gmail.com
8059,sachini2008@gmail.com
8060,babu448@gmail.com
8061,jy487@gmail.com
8062,blaze_vikas98@gmail.com
8063,falcon646@gmail.com
8064,hrsh622@gmail.com
8065,lucky.ahmed19@gmail.com
8066,shreya_ali@gmail.com
8067,aditi_paul@gmail.com
8068,ananya5365@gmail.com
8069,harsh.verma26@gmail.com
8070,nsh172@gmail.com
8071,prth113@gmail.com
8072,riya2883@gmail.com
8073,ninja_aryan17@gmail.com
8074,asaini135@gmail.com
8075,priya6787@gmail.com
8076,kml303@gmail.com
8077,sahil_mehta42@gmail.com
8078,dy572@gmail.com
8079,turbo957@gmail.com
8080,parth8074@gmail.com
8081,pooja_das@gmail.com
8082,anuj5945@gmail.com
8083,zoya_tiwari@gmail.com
8084,dvy665@gmail.com
8085,gaurav.bhatt71@gmail.com
8086,titan_diya26@gmail.com
8087,riya_iyer@gmail.com
8088,apandey486@gmail.com
8089,viper127@gmail.com
8090,omega_kavya25@gmail.com
8091,akumar506@gmail.com
8092,knl306@gmail.com
8093,rohit8210@gmail.com
8094,tanvi8327@gmail.com
8095,nikhil_shah@gmail.com
8096,dthakur661@gmail.com
8097,arv064@gmail.com
8098,komal.thakur25@gmail.com
8099,imran_dubey@gmail.com
8100,mystic645@gmail.com
8101,storm_x_om50@gmail.com
8102,zy061@gmail.com
8103,nreddy979@gmail.com
8104,rinku403@gmail.com
8105,sakshin2003@gmail.com
8106,simran.shah53@gmail.com
8107,rohit.dubey29@gmail.com
8108,rroy93@gmail.com
8109,nishad2000@gmail.com
8110,suraj_das78@gmail.com
8111,arnavc2002@gmail.com
8112,snehap2004@gmail.com
8113,pry951@gmail.com
8114,shubham_mehta81@gmail.com
8115,nisha5515@gmail.com
8116,faiz_paul@gmail.com
8117,parth.ahmed28@gmail.com
8118,ayaan.chauhan47@gmail.com
8119,jh222@gmail.com
8120,abhy044@gmail.com
8121,pixel_harsh17@gmail.com
8122,kavya.yadav59@gmail.com
8123,kavya.yadav92@gmail.com
8124,aarav.thakur58@gmail.com
8125,vr285@gmail.com
8126,rtk038@gmail.com
8127,zoya.thakur69@gmail.com
8128,nisha_bhatt51@gmail.com
8129,anuj9468@gmail.com
8130,phoenix31@gmail.com
8131,nraj911@gmail.com
8132,muskan.patel66@gmail.com
8133,ankit4956@gmail.com
8134,guddu946@gmail.com
8135,phoenix_vivek58@gmail.com
8136,karan1402@gmail.com
8137,divya6632@gmail.com
8138,prth629@gmail.com
8139,asharma812@gmail.com
8140,vnair433@gmail.com
8141,rtk272@gmail.com
8142,anjali426@gmail.com
8143,storm_x21@gmail.com
8144,tushar_kumar@gmail.com
8145,kavya_pandey@gmail.com
8146,ry957@gmail.com
8147,ishaan3607@gmail.com
8148,rahul_kumar51@gmail.com
8149,imehta167@gmail.com
8150,knl045@gmail.com
8151,falcon423@gmail.com
8152,pry840@gmail.com
8153,anujj2004@gmail.com
8154,ankit9112@gmail.com
8155,jiya_jha@gmail.com
8156,mskn028@gmail.com
8157,hunter636@gmail.com
8158,neha.raj12@gmail.com
8159,abhy441@gmail.com
8160,chirag_roy24@gmail.com
8161,ayushm2004@gmail.com
8162,rogue88@gmail.com
8163,comet_amit78@gmail.com
8164,sachin_paul73@gmail.com
8165,dvy400@gmail.com
8166,parthr2007@gmail.com
8167,nisha.raj73@gmail.com
8168,amit.bhatt71@gmail.com
8169,suraj_kumar13@gmail.com
8170,dragon_aditi47@gmail.com
8171,pankaj.kumar67@gmail.com
8172,ritesh2815@gmail.com
8173,arman4574@gmail.com
8174,tiger813@gmail.com
8175,piyush9215@gmail.com
8176,zero_megha95@gmail.com
8177,pooja.chauhan85@gmail.com
8178,riya.tiwari25@gmail.com
8179,veer9705@gmail.com
8180,kavya9889@gmail.com
8181,imrn376@gmail.com
8182,aryan_roy@gmail.com
8183,vivek8302@gmail.com
8184,ayaan_sharma@gmail.com
8185,sonam.dubey6@gmail.com
8186,jiya9928@gmail.com
8187,tnmy255@gmail.com
8188,ayaan_thakur@gmail.com
8189,riyad2001@gmail.com
8190,alpha952@gmail.com
8191,sara7449@gmail.com
8192,imran.bhatt27@gmail.com
8193,sara4431@gmail.com
8194,rogue213@gmail.com
8195,zero519@gmail.com
8196,raj_jha@gmail.com
8197,ayush2206@gmail.com
8198,falcon_aarav70@gmail.com
8199,sksh942@gmail.com
8200,anuj3493@gmail.com
8201,divya_pandey@gmail.com
8202,muskan.joshi41@gmail.com
8203,srj617@gmail.com
8204,ghost_aarav79@gmail.com
8205,lion444@gmail.com
8206,mnsh842@gmail.com
8207,tushar1692@gmail.com
8208,harsh6311@gmail.com
8209,faiz5729@gmail.com
8210,vivek6073@gmail.com
8211,npandey675@gmail.com
8212,imrn010@gmail.com
8213,rahul9698@gmail.com
8214,meghar2007@gmail.com
8215,araj223@gmail.com
8216,arnv185@gmail.com
8217,rsaini946@gmail.com
8218,sakshi_paul@gmail.com
8219,anjali.nair44@gmail.com
8220,shl690@gmail.com
8221,sthakur839@gmail.com
8222,kunalm2003@gmail.com
8223,mht748@gmail.com
8224,anjl977@gmail.com
8225,manish1618@gmail.com
8226,nisha.iyer86@gmail.com
8227,neha_verma@gmail.com
8228,snm192@gmail.com
8229,jatinc2003@gmail.com
8230,vikas.iyer27@gmail.com
8231,payal4560@gmail.com
8232,ninja371@gmail.com
8233,tnmy824@gmail.com
8234,vikas3440@gmail.com
8235,parth.das92@gmail.com
8236,sumit3390@gmail.com
8237,tanvi.shah22@gmail.com
8238,piyushd2007@gmail.com
8239,armn645@gmail.com
8240,nishak2002@gmail.com
8241,jatin.ahmed60@gmail.com
8242,arman2144@gmail.com
8243,titan_naman39@gmail.com
8244,chirag8917@gmail.com
8245,arv443@gmail.com
8246,frost257@gmail.com
8247,ynair127@gmail.com
8248,aarav_jha@gmail.com
8249,nh168@gmail.com
8250,sparky520@gmail.com
8251,nsaini936@gmail.com
8252,priya_dubey@gmail.com
8253,mystic411@gmail.com
8254,rebel246@gmail.com
8255,ayush_yadav@gmail.com
8256,faiz.rana83@gmail.com
8257,ravi3206@gmail.com
8258,megha6669@gmail.com
8259,wolf48@gmail.com
8260,ypatel103@gmail.com
8261,jiya4944@gmail.com
8262,ayaans2008@gmail.com
8263,parth_pandey31@gmail.com
8264,raj2895@gmail.com
8265,tnv830@gmail.com
8266,pankaj2981@gmail.com
8267,rht775@gmail.com
8268,faiz5230@gmail.com
8269,sumit4752@gmail.com
8270,pankaj7115@gmail.com
8271,arana360@gmail.com
8272,sonam7560@gmail.com
8273,sachin8708@gmail.com
8274,srj441@gmail.com
8275,neha9998@gmail.com
8276,chotu701@gmail.com
8277,rogue955@gmail.com
8278,sumit.raj82@gmail.com
8279,naman1858@gmail.com
8280,eagle145@gmail.com
8281,knl927@gmail.com
8282,piyush.tiwari20@gmail.com
8283,pankaj.joshi12@gmail.com
8284,rj457@gmail.com
8285,iahmed413@gmail.com
8286,nitish.shah65@gmail.com
8287,naman5987@gmail.com
8288,om962@gmail.com
8289,storm1@gmail.com
8290,nitish_ahmed@gmail.com
8291,armanv2003@gmail.com
8292,rreddy191@gmail.com
8293,tnv405@gmail.com
8294,ankit6299@gmail.com
8295,manish6838@gmail.com
8296,tushar.tiwari58@gmail.com
8297,ayush7218@gmail.com
8298,rohit_mishra@gmail.com
8299,nisha5605@gmail.com
8300,simran8699@gmail.com
8301,nikhil4376@gmail.com
8302,tiger937@gmail.com
8303,averma46@gmail.com
8304,nmn127@gmail.com
8305,suraj5097@gmail.com
8306,spaul279@gmail.com
8307,frost563@gmail.com
8308,cobra780@gmail.com
8309,rsh893@gmail.com
8310,thunder354@gmail.com
8311,kabir_jha@gmail.com
8312,aryn852@gmail.com
8313,kavyan2005@gmail.com
8314,eagle651@gmail.com
8315,sumit.mehta89@gmail.com
8316,shry303@gmail.com
8317,thunder646@gmail.com
8318,rinku211@gmail.com
8319,amit_joshi14@gmail.com
8320,vikas7240@gmail.com
8321,cobra720@gmail.com
8322,djoshi113@gmail.com
8323,ysh928@gmail.com
8324,ankit8513@gmail.com
8325,blaze729@gmail.com
8326,pj241@gmail.com
8327,om_joshi20@gmail.com
8328,hunter690@gmail.com
8329,anjali_pandey@gmail.com
8330,ninja902@gmail.com
8331,nmishra949@gmail.com
8332,shubham.tiwari38@gmail.com
8333,ananya4070@gmail.com
8334,ayaan.shah91@gmail.com
8335,manish8318@gmail.com
8336,arnavm2002@gmail.com
8337,om3163@gmail.com
8338,dvy768@gmail.com
8339,suraj_nair10@gmail.com
8340,muskan_khan@gmail.com
8341,babu_priya38@gmail.com
8342,megha_raj62@gmail.com
8343,pmishra527@gmail.com
8344,shadow234@gmail.com
8345,payal2984@gmail.com
8346,shubham.ali76@gmail.com
8347,vgupta183@gmail.com
8348,ishaan_saini@gmail.com
8349,zoya8994@gmail.com
8350,anjali_mishra30@gmail.com
8351,kunal6162@gmail.com
8352,anjl126@gmail.com
8353,naman8450@gmail.com
8354,juhi.chauhan16@gmail.com
8355,sonu_anjali13@gmail.com
8356,ritika_reddy@gmail.com
8357,thunder_jiya37@gmail.com
8358,falcon_khushi32@gmail.com
8359,juhi.patel12@gmail.com
8360,rohit7075@gmail.com
8361,nisha.mishra99@gmail.com
8362,imran.thakur6@gmail.com
8363,wolf139@gmail.com
8364,jiya.thakur29@gmail.com
8365,blaze595@gmail.com
8366,aysh750@gmail.com
8367,tinku193@gmail.com
8368,veer.rana33@gmail.com
8369,anjali.kumar1@gmail.com
8370,harshv2005@gmail.com
8371,faizr2003@gmail.com
8372,aarav_singh@gmail.com
8373,sonu_amit22@gmail.com
8374,khushi9850@gmail.com
8375,knl021@gmail.com
8376,storm_diya63@gmail.com
8377,tushar.verma84@gmail.com
8378,rishi_paul10@gmail.com
8379,rishi6808@gmail.com
8380,eagle_isha66@gmail.com
8381,mystic_raj75@gmail.com
8382,srana953@gmail.com
8383,dy066@gmail.com
8384,alpha762@gmail.com
8385,tanmay_iyer84@gmail.com
8386,abhay9945@gmail.com
8387,ish809@gmail.com
8388,pj868@gmail.com
8389,jatin.pandey43@gmail.com
8390,juhi.singh59@gmail.com
8391,turbo640@gmail.com
8392,abhi.reddy64@gmail.com
8393,shl276@gmail.com
8394,manish.nair89@gmail.com
8395,rinku_harsh5@gmail.com
8396,khsh846@gmail.com
8397,anjali4267@gmail.com
8398,cobra69@gmail.com
8399,snm054@gmail.com
8400,sonam_yadav45@gmail.com
8401,npatel507@gmail.com
8402,iahmed57@gmail.com
8403,king_anjali16@gmail.com
8404,payal_saini@gmail.com
8405,abhaya2002@gmail.com
8406,krn483@gmail.com
8407,aryan3776@gmail.com
8408,isha.bhatt12@gmail.com
8409,pysh392@gmail.com
8410,rsharma582@gmail.com
8411,yash3007@gmail.com
8412,parth.roy74@gmail.com
8413,anjalit2007@gmail.com
8414,rsh507@gmail.com
8415,priya.nair40@gmail.com
8416,hawk18@gmail.com
8417,isha2208@gmail.com
8418,priyas2002@gmail.com
8419,ry297@gmail.com
8420,krn989@gmail.com
8421,vr541@gmail.com
8422,rraj270@gmail.com
8423,anj609@gmail.com
8424,jy787@gmail.com
8425,lakshya.reddy89@gmail.com
8426,rtk428@gmail.com
8427,mskn835@gmail.com
8428,aahmed121@gmail.com
8429,ayaan5250@gmail.com
8430,faiz6330@gmail.com
8431,zaid_joshi@gmail.com
8432,vikas.sharma32@gmail.com
8433,rsingh676@gmail.com
8434,snm870@gmail.com
8435,yash.jha17@gmail.com
8436,chirag7655@gmail.com
8437,mohit.roy96@gmail.com
8438,naman.gupta67@gmail.com
8439,monu_ayaan74@gmail.com
8440,rroy92@gmail.com
8441,rahul7573@gmail.com
8442,tinku209@gmail.com
8443,priya6082@gmail.com
8444,lucky.saini82@gmail.com
8445,lpandey330@gmail.com
8446,abhy596@gmail.com
8447,vikas.singh85@gmail.com
8448,raja119@gmail.com
8449,harsh_verma@gmail.com
8450,aysh466@gmail.com
8451,kavya6294@gmail.com
8452,snm552@gmail.com
8453,divya1536@gmail.com
8454,pj672@gmail.com
8455,yash2617@gmail.com
8456,meghan2003@gmail.com
8457,fz692@gmail.com
8458,sonam.joshi37@gmail.com
8459,alpha958@gmail.com
8460,ritika.saini43@gmail.com
8461,siyer414@gmail.com
8462,ananya.joshi61@gmail.com
8463,vikas6182@gmail.com
8464,blaze_tushar82@gmail.com
8465,deepak6021@gmail.com
8466,sara_ali@gmail.com
8467,isha2089@gmail.com
8468,tiger_shubham93@gmail.com
8469,adt726@gmail.com
8470,dgupta816@gmail.com
8471,ayush7658@gmail.com
8472,rv510@gmail.com
8473,sara826@gmail.com
8474,lyadav559@gmail.com
8475,muskan.shah26@gmail.com
8476,parth_joshi@gmail.com
8477,diya.verma99@gmail.com
8478,arman.yadav76@gmail.com
8479,chirag.bhatt21@gmail.com
8480,turbo762@gmail.com
8481,muskan_joshi@gmail.com
8482,vikasa2001@gmail.com
8483,nova621@gmail.com
8484,mystic_deepak48@gmail.com
8485,ry106@gmail.com
8486,golu_suraj83@gmail.com
8487,ritika_saini84@gmail.com
8488,jiya_raj13@gmail.com
8489,atiwari331@gmail.com
8490,grv677@gmail.com
8491,yash5479@gmail.com
8492,dragon990@gmail.com
8493,dragon989@gmail.com
8494,ayn211@gmail.com
8495,sparky797@gmail.com
8496,storm_x251@gmail.com
8497,arman.saini4@gmail.com
8498,thunder538@gmail.com
8499,storm_x_nikhil83@gmail.com
8500,alpha203@gmail.com
8501,hawk204@gmail.com
8502,lakshya_ahmed81@gmail.com
8503,priya_raj@gmail.com
8504,dpk227@gmail.com
8505,grv400@gmail.com
8506,ember_neha51@gmail.com
8507,ananya_raj6@gmail.com
8508,lcky209@gmail.com
8509,raj_verma30@gmail.com
8510,gmehta610@gmail.com
8511,abh069@gmail.com
8512,suraj7162@gmail.com
8513,imran.mishra21@gmail.com
8514,rsh497@gmail.com
8515,tushar.shah22@gmail.com
8516,kvy597@gmail.com
8517,veery2007@gmail.com
8518,cahmed717@gmail.com
8519,prth892@gmail.com
8520,mjoshi164@gmail.com
8521,abhy340@gmail.com
8522,gaurav6377@gmail.com
8523,ysh378@gmail.com
8524,comet59@gmail.com
8525,jiya.raj99@gmail.com
8526,pixel454@gmail.com
8527,kbr285@gmail.com
8528,lakshya6505@gmail.com
8529,zrana475@gmail.com
8530,jiya_ali@gmail.com
8531,apandey749@gmail.com
8532,kunal1277@gmail.com
8533,wolf359@gmail.com
8534,kiyer607@gmail.com
8535,jtn268@gmail.com
8536,piyush_gupta@gmail.com
8537,smt049@gmail.com
8538,kavya3914@gmail.com
8539,blaze145@gmail.com
8540,nmn122@gmail.com
8541,tanvi_nair@gmail.com
8542,jiya_dubey@gmail.com
8543,ayaan.mishra10@gmail.com
8544,jy955@gmail.com
8545,sparky625@gmail.com
8546,ritika4402@gmail.com
8547,vvk478@gmail.com
8548,muskan3415@gmail.com
8549,cyber19@gmail.com
8550,mskn612@gmail.com
8551,tverma687@gmail.com
8552,tnmy773@gmail.com
8553,priya_joshi37@gmail.com
8554,shl574@gmail.com
8555,lroy456@gmail.com
8556,ghost_jiya36@gmail.com
8557,nisha3582@gmail.com
8558,nitish_das@gmail.com
8559,cyber_sumit83@gmail.com
8560,frost35@gmail.com
8561,rj743@gmail.com
8562,mgh943@gmail.com
8563,kavya_tiwari@gmail.com
8564,ishn591@gmail.com
8565,manish.mehta33@gmail.com
8566,mnsh431@gmail.com
8567,harsh.kumar27@gmail.com
8568,karan.shah53@gmail.com
8569,kunal_yadav@gmail.com
8570,hunter822@gmail.com
8571,sonam.sharma74@gmail.com
8572,hunter_amit95@gmail.com
8573,kml158@gmail.com
8574,pyl021@gmail.com
8575,rv912@gmail.com
8576,tanmay_ali@gmail.com
8577,deepak_ahmed@gmail.com
8578,lucky.verma30@gmail.com
8579,dev.iyer98@gmail.com
8580,dv197@gmail.com
8581,schn823@gmail.com
8582,pooja1984@gmail.com
8583,anjl838@gmail.com
8584,simran.verma88@gmail.com
8585,karan.mehta49@gmail.com
8586,monu877@gmail.com
8587,alpha_megha98@gmail.com
8588,lkshy531@gmail.com
8589,zoya.gupta57@gmail.com
8590,rv482@gmail.com
8591,adas980@gmail.com
8592,ishaan3134@gmail.com
8593,abhi_khan16@gmail.com
8594,pankaj.tiwari40@gmail.com
8595,ayaan.bhatt14@gmail.com
8596,wolf199@gmail.com
8597,veer8723@gmail.com
8598,suraj_mehta@gmail.com